<?xml version="1.0" encoding="utf-8" ?> <RuleExport xmlns="http://www.sap.com/ICC/Rule" version="14.2.12.2360"><RuleInfo> <rule:Rule guid="5547D550-7D27-4F84-BC9F-0B07216ED8F7" xmlns:rule="http://www.sap.com/ICC/Rule">
<rule:name>RU_BANKN_BankAccountNo_Country_Chk</rule:name>
<rule:grammar_version>1.0.0</rule:grammar_version>
<rule:description>Bank account number must follow permitted character lengths defined by T005-PRBKN</rule:description>
<rule:Categories><rule:Category name="CA.rule dimension">Conformity</rule:Category></rule:Categories><rule:Parameters>
<rule:Parameter score="false">
<rule:technical_name>$PR_SOURCESYSTEM</rule:technical_name>
<rule:description/>
<rule:data_type>varchar</rule:data_type>
<rule:content_type/>
</rule:Parameter>
<rule:Parameter score="false">
<rule:technical_name>$PR_LAND1</rule:technical_name>
<rule:description/>
<rule:data_type>varchar</rule:data_type>
<rule:content_type/>
</rule:Parameter>
<rule:Parameter score="true">
<rule:technical_name>$PR_BANKN</rule:technical_name>
<rule:description/>
<rule:data_type>varchar</rule:data_type>
<rule:content_type/>
</rule:Parameter>
</rule:Parameters>
<rule:ValidationDefinition usage="expression">
<rule:expression>DECLARE
    # declare variables
    $var_PRBKN varchar(20);
    $var_LNBKN int;
    
BEGIN
    # initialize variables  
    $var_PRBKN =  lookup('DM_STG1', 'DM_STG1.EXT_ALL_T005', 'SOURCE_SYSTEM', $PR_SOURCESYSTEM, 'LAND1', $PR_LAND1, 'PRPLZ', NULL);
    $var_LNBKN =   lookup('DM_STG1', 'DM_STG1.EXT_ALL_T005', 'SOURCE_SYSTEM', $PR_SOURCESYSTEM, 'LAND1', $PR_LAND1, 'LNPLZ', NULL);

    IF ($var_PRBKN = '1')
       BEGIN   
        IF(match_pattern($PR_BANKN, '* *'))
                                           RETURN FALSE;
                 ELSE IF (length($PR_BANKN) > $var_LNBKN)
                 RETURN FALSE;
          ELSE
                 RETURN TRUE;
       END
   IF ($var_PRBKN = '2')
       BEGIN   
        IF(match_pattern($PR_BANKN, '* *'))
                             RETURN FALSE;
                 ELSE IF( not match_regex($PR_BANKN, '[0-9]*', null))
                             RETURN FALSE;
          ELSE IF (length($PR_BANKN) > $var_LNBKN)
               RETURN FALSE;
          ELSE
                             RETURN TRUE;
              END

    IF ($var_PRBKN = '3')
       BEGIN   
        IF(match_pattern($PR_BANKN, '* *'))
                                           RETURN FALSE;
                 ELSE IF (length($PR_BANKN) != $var_LNBKN)
               RETURN FALSE;
          ELSE
                             RETURN TRUE;
              END
IF ($var_PRBKN = '4')
       BEGIN   
        IF(match_pattern($PR_BANKN, '* *'))
                             RETURN FALSE;
                 ELSE IF( not match_regex($PR_BANKN, '[0-9]*', null))
                             RETURN FALSE;
          ELSE IF (length($PR_BANKN) != $var_LNBKN)
               RETURN FALSE;
          ELSE
                             RETURN TRUE;
              END
IF ($var_PRBKN = '5')
       BEGIN   
                 IF (length($PR_BANKN) > $var_LNBKN)
               RETURN FALSE;
          ELSE
                             RETURN TRUE;
              END
   IF ($var_PRBKN = '6')
       BEGIN   
               IF( not match_regex(replace_substr($PR_BANKN, ' ', null, 1, null), '[0-9]*', null))
                             RETURN FALSE;
          ELSE IF (length($PR_BANKN) > $var_LNBKN)
               RETURN FALSE;
          ELSE
                             RETURN TRUE;
              END
IF ($var_PRBKN = '7')
       BEGIN   
        IF (length($PR_BANKN) != $var_LNBKN)
               RETURN FALSE;
          ELSE
                             RETURN TRUE;
              END
IF ($var_PRBKN = '8')
       BEGIN   
     IF( not match_regex(replace_substr($PR_BANKN, ' ', null, 1, null), '[0-9]*', null))
                             RETURN FALSE;
          ELSE IF (length($PR_BANKN) != $var_LNBKN)
               RETURN FALSE;
          ELSE
                             RETURN TRUE;
              END
  RETURN TRUE;
END</rule:expression>
</rule:ValidationDefinition>

</rule:Rule></RuleInfo> </RuleExport> 