<?xml version="1.0" encoding="utf-8" ?> <RuleExport xmlns="http://www.sap.com/ICC/Rule" version="14.1.1.220"><RuleInfo> <rule:Rule guid="082C369D-05A1-441E-9449-65A68895A8D0" xmlns:rule="http://www.sap.com/ICC/Rule">
<rule:name>ZB_G15_VNDR_InterestCycleDomainReference</rule:name>
<rule:grammar_version>1.0.0</rule:grammar_version>
<rule:description>Rule to check if Interest Cycle value for a Business Partner / Customer / Vendor is valid according to the appropriate reference domain or value range for a standard SAP ECC 6.0 system.</rule:description>
<rule:Categories><rule:Category name="CA.rule dimension">Consistency</rule:Category><rule:Category name="CA.department" xsi:nil="true" xmlns:xsi="http://www.w3.org/2001/XMLSchema-instance"/><rule:Category name="CA.object">Supplier</rule:Category><rule:Category name="CA.owner" xsi:nil="true" xmlns:xsi="http://www.w3.org/2001/XMLSchema-instance"/><rule:Category name="CA.region" xsi:nil="true" xmlns:xsi="http://www.w3.org/2001/XMLSchema-instance"/></rule:Categories><rule:Parameters>
<rule:Parameter score="true">
<rule:technical_name>$P_I_InterestCycle</rule:technical_name>
<rule:description>Interest Cycle domain reference parameter</rule:description>
<rule:data_type>varchar</rule:data_type>
</rule:Parameter>
</rule:Parameters>
<rule:ValidationDefinition usage="expression">
<rule:expression>BEGIN RETURN
$P_I_InterestCycle IS NULL
OR length($P_I_InterestCycle) = 0
OR $P_I_InterestCycle IN ('01', '02', '03', '04', '05', '06', '07', '08', '09', '10', '11', '12');
END</rule:expression>
</rule:ValidationDefinition>
<rule:FilterDefinition usage="structured">
<rule:expression>$P_I_InterestCycle IS NOT NULL
AND $P_I_InterestCycle != ''</rule:expression>
<rule:Structured>
<rule:parameter_name>$P_I_InterestCycle</rule:parameter_name>
<rule:operator>isNotNull</rule:operator>
<rule:value>N/A</rule:value>
</rule:Structured>
<rule:Structured>
<rule:parameter_name>$P_I_InterestCycle</rule:parameter_name>
<rule:operator>NE</rule:operator>
<rule:value>''</rule:value>
</rule:Structured>
</rule:FilterDefinition>
</rule:Rule><TestData><Row><Parameter name="$P_I_InterestCycle"><![CDATA[01]]></Parameter><Result>pending</Result></Row><Row><Parameter name="$P_I_InterestCycle"><![CDATA[07]]></Parameter><Result>pending</Result></Row><Row><Parameter name="$P_I_InterestCycle"><![CDATA[08]]></Parameter><Result>pending</Result></Row><Row><Parameter name="$P_I_InterestCycle"><![CDATA[09]]></Parameter><Result>pending</Result></Row><Row><Parameter name="$P_I_InterestCycle"><![CDATA[10]]></Parameter><Result>pending</Result></Row><Row><Parameter name="$P_I_InterestCycle"><![CDATA[11]]></Parameter><Result>pending</Result></Row><Row><Parameter name="$P_I_InterestCycle"><![CDATA[12]]></Parameter><Result>pending</Result></Row><Row><Parameter name="$P_I_InterestCycle"><![CDATA[asdae]]></Parameter><Result>pending</Result></Row><Row><Parameter name="$P_I_InterestCycle"><![CDATA[<NULL>]]></Parameter><Result>pending</Result></Row><Row><Parameter name="$P_I_InterestCycle"><![CDATA[<BLANK>]]></Parameter><Result>pending</Result></Row><Row><Parameter name="$P_I_InterestCycle"><![CDATA[<BLANK>]]></Parameter><Result>pending</Result></Row><Row><Parameter name="$P_I_InterestCycle"><![CDATA[00]]></Parameter><Result>pending</Result></Row><Row><Parameter name="$P_I_InterestCycle"><![CDATA[0.1]]></Parameter><Result>pending</Result></Row><Row><Parameter name="$P_I_InterestCycle"><![CDATA[02]]></Parameter><Result>pending</Result></Row><Row><Parameter name="$P_I_InterestCycle"><![CDATA[03]]></Parameter><Result>pending</Result></Row><Row><Parameter name="$P_I_InterestCycle"><![CDATA[04]]></Parameter><Result>pending</Result></Row><Row><Parameter name="$P_I_InterestCycle"><![CDATA[05]]></Parameter><Result>pending</Result></Row><Row><Parameter name="$P_I_InterestCycle"><![CDATA[06]]></Parameter><Result>pending</Result></Row></TestData></RuleInfo> </RuleExport> 