<?xml version="1.0" encoding="utf-8" ?> <RuleExport xmlns="http://www.sap.com/ICC/Rule" version="14.1.1.220"><RuleInfo> <rule:Rule guid="0D0A96FA-FE30-4118-A3EB-E4FD5C6A6722" xmlns:rule="http://www.sap.com/ICC/Rule">
<rule:name>ZB_G15_VNDR_LicensevalidToDateExists</rule:name>
<rule:grammar_version>1.0.0</rule:grammar_version>
<rule:description>Rule to check if the License valid to date for Business Partner / Customer / Vendor exists</rule:description>
<rule:Categories><rule:Category name="CA.rule dimension">Completeness</rule:Category><rule:Category name="CA.department" xsi:nil="true" xmlns:xsi="http://www.w3.org/2001/XMLSchema-instance"/><rule:Category name="CA.object">Supplier</rule:Category><rule:Category name="CA.owner" xsi:nil="true" xmlns:xsi="http://www.w3.org/2001/XMLSchema-instance"/><rule:Category name="CA.region" xsi:nil="true" xmlns:xsi="http://www.w3.org/2001/XMLSchema-instance"/></rule:Categories><rule:Parameters>
<rule:Parameter score="true">
<rule:technical_name>$P_I_LicenseValidToDate</rule:technical_name>
<rule:description>License Valid to date parameter</rule:description>
<rule:data_type>date</rule:data_type>
</rule:Parameter>
</rule:Parameters>
<rule:ValidationDefinition usage="structured">
<rule:expression>BEGIN RETURN
$P_I_LicenseValidToDate IS NOT NULL
AND $P_I_LicenseValidToDate != to_date('', 'yyyy.mm.dd');
END</rule:expression>
<rule:Structured>
<rule:parameter_name>$P_I_LicenseValidToDate</rule:parameter_name>
<rule:operator>isNotNull</rule:operator>
<rule:value>N/A</rule:value>
</rule:Structured>
<rule:Structured>
<rule:parameter_name>$P_I_LicenseValidToDate</rule:parameter_name>
<rule:operator>NE</rule:operator>
<rule:value>''</rule:value>
</rule:Structured>
</rule:ValidationDefinition>
</rule:Rule></RuleInfo> </RuleExport> 