<?xml version="1.0" encoding="utf-8" ?> <RuleExport xmlns="http://www.sap.com/ICC/Rule" version="14.1.1.220"><RuleInfo> <rule:Rule guid="119A8681-276C-4A2F-AD89-4B9C371A80DC" xmlns:rule="http://www.sap.com/ICC/Rule">
<rule:name>ZB_G13_MATNR_QualforFreeGoodsDiscDomainReference</rule:name>
<rule:grammar_version>1.0.0</rule:grammar_version>
<rule:description>Rule to check if Qual for Free Goods Discount value for a Material master is valid according to the appropriate reference domain or value range for a standard SAP ECC 6.0 system.</rule:description>
<rule:Categories><rule:Category name="CA.rule dimension">Consistency</rule:Category><rule:Category name="CA.department" xsi:nil="true" xmlns:xsi="http://www.w3.org/2001/XMLSchema-instance"/><rule:Category name="CA.object">Material</rule:Category><rule:Category name="CA.owner" xsi:nil="true" xmlns:xsi="http://www.w3.org/2001/XMLSchema-instance"/><rule:Category name="CA.region" xsi:nil="true" xmlns:xsi="http://www.w3.org/2001/XMLSchema-instance"/></rule:Categories><rule:Parameters>
<rule:Parameter score="true">
<rule:technical_name>$P_I_QualForFreeGoodsDis</rule:technical_name>
<rule:description>Qual for Free Goods Discount domain reference parameter</rule:description>
<rule:data_type>varchar</rule:data_type>
</rule:Parameter>
</rule:Parameters>
<rule:ValidationDefinition usage="expression">
<rule:expression>BEGIN RETURN
$P_I_QualForFreeGoodsDis IS NULL
OR length($P_I_QualForFreeGoodsDis) = 0
OR $P_I_QualForFreeGoodsDis IN ('1', '2', '3');
END</rule:expression>
</rule:ValidationDefinition>
<rule:FilterDefinition usage="structured">
<rule:expression>$P_I_QualForFreeGoodsDis IS NOT NULL
AND $P_I_QualForFreeGoodsDis != ''</rule:expression>
<rule:Structured>
<rule:parameter_name>$P_I_QualForFreeGoodsDis</rule:parameter_name>
<rule:operator>isNotNull</rule:operator>
<rule:value>N/A</rule:value>
</rule:Structured>
<rule:Structured>
<rule:parameter_name>$P_I_QualForFreeGoodsDis</rule:parameter_name>
<rule:operator>NE</rule:operator>
<rule:value>''</rule:value>
</rule:Structured>
</rule:FilterDefinition>
</rule:Rule></RuleInfo> </RuleExport> 