<?xml version="1.0" encoding="utf-8" ?> <RuleExport xmlns="http://www.sap.com/ICC/Rule" version="14.1.1.220"><RuleInfo> <rule:Rule guid="207BE432-E943-49EB-9E74-FC0911F59464" xmlns:rule="http://www.sap.com/ICC/Rule">
<rule:name>ZB_G14_CUST_GenderDomainReference</rule:name>
<rule:grammar_version>1.0.0</rule:grammar_version>
<rule:description>Rule to check if Gender value for a Business Partner / Customer / Vendor is valid according to the appropriate reference domain or value range for a standard SAP ECC 6.0 system.</rule:description>
<rule:Categories><rule:Category name="CA.rule dimension">Consistency</rule:Category><rule:Category name="CA.department" xsi:nil="true" xmlns:xsi="http://www.w3.org/2001/XMLSchema-instance"/><rule:Category name="CA.object">Customer</rule:Category><rule:Category name="CA.owner" xsi:nil="true" xmlns:xsi="http://www.w3.org/2001/XMLSchema-instance"/><rule:Category name="CA.region" xsi:nil="true" xmlns:xsi="http://www.w3.org/2001/XMLSchema-instance"/></rule:Categories><rule:Parameters>
<rule:Parameter score="true">
<rule:technical_name>$P_I_Gender</rule:technical_name>
<rule:description>Gender domain reference parameter</rule:description>
<rule:data_type>varchar</rule:data_type>
</rule:Parameter>
</rule:Parameters>
<rule:ValidationDefinition usage="expression">
<rule:expression>BEGIN RETURN
$P_I_Gender IS NULL
OR length($P_I_Gender) = 0
OR $P_I_Gender IN ('1', '2');
END</rule:expression>
</rule:ValidationDefinition>
<rule:FilterDefinition usage="structured">
<rule:expression>$P_I_Gender IS NOT NULL
AND $P_I_Gender != ''</rule:expression>
<rule:Structured>
<rule:parameter_name>$P_I_Gender</rule:parameter_name>
<rule:operator>isNotNull</rule:operator>
<rule:value>N/A</rule:value>
</rule:Structured>
<rule:Structured>
<rule:parameter_name>$P_I_Gender</rule:parameter_name>
<rule:operator>NE</rule:operator>
<rule:value>''</rule:value>
</rule:Structured>
</rule:FilterDefinition>
</rule:Rule></RuleInfo> </RuleExport> 