<?xml version="1.0" encoding="utf-8" ?> <RuleExport xmlns="http://www.sap.com/ICC/Rule" version="14.1.1.220"><RuleInfo> <rule:Rule guid="22439A6B-529A-42AB-ACF5-731BADFE5967" xmlns:rule="http://www.sap.com/ICC/Rule">
<rule:name>ZB_G14_CUST_CanadaSSNFormat</rule:name>
<rule:grammar_version>1.0.0</rule:grammar_version>
<rule:description>Rule to check if the Social Security Number for Canada is in the valid format</rule:description>
<rule:Categories><rule:Category name="CA.rule dimension">Conformity</rule:Category><rule:Category name="CA.department" xsi:nil="true" xmlns:xsi="http://www.w3.org/2001/XMLSchema-instance"/><rule:Category name="CA.object">Customer</rule:Category><rule:Category name="CA.owner" xsi:nil="true" xmlns:xsi="http://www.w3.org/2001/XMLSchema-instance"/><rule:Category name="CA.region" xsi:nil="true" xmlns:xsi="http://www.w3.org/2001/XMLSchema-instance"/></rule:Categories><rule:Parameters>
<rule:Parameter score="true">
<rule:technical_name>$P_I_Country</rule:technical_name>
<rule:description>Country Parameter</rule:description>
<rule:data_type>varchar</rule:data_type>
</rule:Parameter>
<rule:Parameter score="true">
<rule:technical_name>$P_I_SSN</rule:technical_name>
<rule:description>SSN Parameter</rule:description>
<rule:data_type>varchar</rule:data_type>
</rule:Parameter>
</rule:Parameters>
<rule:ValidationDefinition usage="structured">
<rule:expression>BEGIN RETURN
$P_I_Country = 'CA'
AND match_pattern($P_I_SSN, '999-999-999');
END</rule:expression>
<rule:Structured>
<rule:parameter_name>$P_I_Country</rule:parameter_name>
<rule:operator>EQ</rule:operator>
<rule:value>CA</rule:value>
</rule:Structured>
<rule:Structured>
<rule:parameter_name>$P_I_SSN</rule:parameter_name>
<rule:operator>matchPattern</rule:operator>
<rule:value>999-999-999</rule:value>
</rule:Structured>
</rule:ValidationDefinition>
<rule:FilterDefinition usage="structured">
<rule:expression>$P_I_Country = 'CA'
AND length($P_I_SSN) >= 2
AND $P_I_SSN IS NOT NULL
AND $P_I_SSN != ''</rule:expression>
<rule:Structured>
<rule:parameter_name>$P_I_Country</rule:parameter_name>
<rule:operator>EQ</rule:operator>
<rule:value>CA</rule:value>
</rule:Structured>
<rule:Structured>
<rule:parameter_name>$P_I_SSN</rule:parameter_name>
<rule:operator>LENGTH_GREATER_THAN</rule:operator>
<rule:value>2</rule:value>
</rule:Structured>
<rule:Structured>
<rule:parameter_name>$P_I_SSN</rule:parameter_name>
<rule:operator>isNotNull</rule:operator>
<rule:value>N/A</rule:value>
</rule:Structured>
<rule:Structured>
<rule:parameter_name>$P_I_SSN</rule:parameter_name>
<rule:operator>NE</rule:operator>
<rule:value>''</rule:value>
</rule:Structured>
</rule:FilterDefinition>
</rule:Rule></RuleInfo> </RuleExport> 