<?xml version="1.0" encoding="utf-8" ?> <RuleExport xmlns="http://www.sap.com/ICC/Rule" version="14.1.1.220"><RuleInfo> <rule:Rule guid="232EDD39-5268-41D5-A9A4-A137CE261500" xmlns:rule="http://www.sap.com/ICC/Rule">
<rule:name>ZB_G15_VNDR_CustomerFiscalAddressReference</rule:name>
<rule:grammar_version>1.0.0</rule:grammar_version>
<rule:description>Rule to check if Fiscal Address value for Customer master data is valid according to the available values in the appropriate reference table in a standard SAP ECC 6.0 system.</rule:description>
<rule:Categories><rule:Category name="CA.rule dimension">Consistency</rule:Category><rule:Category name="CA.department" xsi:nil="true" xmlns:xsi="http://www.w3.org/2001/XMLSchema-instance"/><rule:Category name="CA.object">Supplier</rule:Category><rule:Category name="CA.owner" xsi:nil="true" xmlns:xsi="http://www.w3.org/2001/XMLSchema-instance"/><rule:Category name="CA.region" xsi:nil="true" xmlns:xsi="http://www.w3.org/2001/XMLSchema-instance"/></rule:Categories><rule:Parameters>
<rule:Parameter score="true">
<rule:technical_name>$P_I_FiscalAddress</rule:technical_name>
<rule:description>Fiscal Address (account number) reference parameter</rule:description>
<rule:data_type>varchar</rule:data_type>
</rule:Parameter>
</rule:Parameters>
<rule:ValidationDefinition usage="expression">
<rule:expression>BEGIN
    RETURN exists('SAP', 'M_DEBID', 'KUNNR', $P_I_FiscalAddress);
END</rule:expression>
</rule:ValidationDefinition>
<rule:FilterDefinition usage="structured">
<rule:expression>$P_I_FiscalAddress IS NOT NULL
AND $P_I_FiscalAddress != ''</rule:expression>
<rule:Structured>
<rule:parameter_name>$P_I_FiscalAddress</rule:parameter_name>
<rule:operator>isNotNull</rule:operator>
<rule:value>N/A</rule:value>
</rule:Structured>
<rule:Structured>
<rule:parameter_name>$P_I_FiscalAddress</rule:parameter_name>
<rule:operator>NE</rule:operator>
<rule:value>''</rule:value>
</rule:Structured>
</rule:FilterDefinition>

</rule:Rule><TestData><Row><Parameter name="$P_I_FiscalAddress"><![CDATA[1000]]></Parameter><Result>pending</Result></Row></TestData></RuleInfo> </RuleExport> 