<?xml version="1.0" encoding="utf-8" ?> <RuleExport xmlns="http://www.sap.com/ICC/Rule" version="14.1.1.220"><RuleInfo> <rule:Rule guid="293B93FA-7631-4A52-8AC0-0FC1121CA8EF" xmlns:rule="http://www.sap.com/ICC/Rule">
<rule:name>ZB_G15_VNDR_DEPostalCodeFormat</rule:name>
<rule:grammar_version>1.0.0</rule:grammar_version>
<rule:description>Rule to check if a DE ZIP code is in the valid format</rule:description>
<rule:Categories><rule:Category name="CA.rule dimension">Conformity</rule:Category><rule:Category name="CA.department" xsi:nil="true" xmlns:xsi="http://www.w3.org/2001/XMLSchema-instance"/><rule:Category name="CA.object">Supplier</rule:Category><rule:Category name="CA.owner" xsi:nil="true" xmlns:xsi="http://www.w3.org/2001/XMLSchema-instance"/><rule:Category name="CA.region" xsi:nil="true" xmlns:xsi="http://www.w3.org/2001/XMLSchema-instance"/></rule:Categories><rule:Parameters>
<rule:Parameter score="true">
<rule:technical_name>$P_I_Country</rule:technical_name>
<rule:description>Country Parameter</rule:description>
<rule:data_type>varchar</rule:data_type>
</rule:Parameter>
<rule:Parameter score="true">
<rule:technical_name>$P_I_ZIP</rule:technical_name>
<rule:description>ZIP Code Parameter</rule:description>
<rule:data_type>varchar</rule:data_type>
</rule:Parameter>
</rule:Parameters>
<rule:ValidationDefinition usage="structured">
<rule:expression>BEGIN RETURN
match_pattern($P_I_ZIP, '99999');
END</rule:expression>
<rule:Structured>
<rule:parameter_name>$P_I_ZIP</rule:parameter_name>
<rule:operator>matchPattern</rule:operator>
<rule:value>99999</rule:value>
</rule:Structured>
</rule:ValidationDefinition>
<rule:FilterDefinition usage="structured">
<rule:expression>$P_I_Country = 'DE'
AND $P_I_ZIP IS NOT NULL
AND $P_I_ZIP != ''</rule:expression>
<rule:Structured>
<rule:parameter_name>$P_I_Country</rule:parameter_name>
<rule:operator>EQ</rule:operator>
<rule:value>DE</rule:value>
</rule:Structured>
<rule:Structured>
<rule:parameter_name>$P_I_ZIP</rule:parameter_name>
<rule:operator>isNotNull</rule:operator>
<rule:value>N/A</rule:value>
</rule:Structured>
<rule:Structured>
<rule:parameter_name>$P_I_ZIP</rule:parameter_name>
<rule:operator>NE</rule:operator>
<rule:value>''</rule:value>
</rule:Structured>
</rule:FilterDefinition>
</rule:Rule><TestData><Row><Parameter name="$P_I_Country"><![CDATA[DE]]></Parameter><Parameter name="$P_I_ZIP"><![CDATA[7412]]></Parameter><Result>pending</Result></Row><Row><Parameter name="$P_I_Country"><![CDATA[DE]]></Parameter><Parameter name="$P_I_ZIP"><![CDATA[78462]]></Parameter><Result>pending</Result></Row><Row><Parameter name="$P_I_Country"><![CDATA[US]]></Parameter><Parameter name="$P_I_ZIP"><![CDATA[47854]]></Parameter><Result>pending</Result></Row><Row><Parameter name="$P_I_Country"><![CDATA[DE]]></Parameter><Parameter name="$P_I_ZIP"><![CDATA[784620]]></Parameter><Result>pending</Result></Row></TestData></RuleInfo> </RuleExport> 