<?xml version="1.0" encoding="utf-8" ?> <RuleExport xmlns="http://www.sap.com/ICC/Rule" version="14.1.1.220"><RuleInfo> <rule:Rule guid="36ED86F9-9A94-4557-A1CC-E093E31782D0" xmlns:rule="http://www.sap.com/ICC/Rule">
<rule:name>ZB_G14_CUST_RegionExists</rule:name>
<rule:grammar_version>1.0.0</rule:grammar_version>
<rule:description>Rule to check if Region (State, County, Province) exists for Business Partner / Customer / Vendor master data for a standard SAP ECC 6.0 system</rule:description>
<rule:Categories><rule:Category name="CA.rule dimension">Completeness</rule:Category><rule:Category name="CA.department" xsi:nil="true" xmlns:xsi="http://www.w3.org/2001/XMLSchema-instance"/><rule:Category name="CA.object">Customer</rule:Category><rule:Category name="CA.owner" xsi:nil="true" xmlns:xsi="http://www.w3.org/2001/XMLSchema-instance"/><rule:Category name="CA.region" xsi:nil="true" xmlns:xsi="http://www.w3.org/2001/XMLSchema-instance"/></rule:Categories><rule:Parameters>
<rule:Parameter score="true">
<rule:technical_name>$P_I_Region</rule:technical_name>
<rule:description>Region parameter</rule:description>
<rule:data_type>varchar</rule:data_type>
</rule:Parameter>
</rule:Parameters>
<rule:ValidationDefinition usage="structured">
<rule:expression>BEGIN RETURN
$P_I_Region IS NOT NULL
AND $P_I_Region != '';
END</rule:expression>
<rule:Structured>
<rule:parameter_name>$P_I_Region</rule:parameter_name>
<rule:operator>isNotNull</rule:operator>
<rule:value>N/A</rule:value>
</rule:Structured>
<rule:Structured>
<rule:parameter_name>$P_I_Region</rule:parameter_name>
<rule:operator>NE</rule:operator>
<rule:value>''</rule:value>
</rule:Structured>
</rule:ValidationDefinition>
</rule:Rule></RuleInfo> </RuleExport> 