<?xml version="1.0" encoding="utf-8" ?> <RuleExport xmlns="http://www.sap.com/ICC/Rule" version="14.1.1.220"><RuleInfo> <rule:Rule guid="437AD33A-9CC7-46EE-B436-4F2028EFBB71" xmlns:rule="http://www.sap.com/ICC/Rule">
<rule:name>ZB_G13_MATNR_PriceControlExists</rule:name>
<rule:grammar_version>1.0.0</rule:grammar_version>
<rule:description>Rule to check if Price control for Material Master data exists in a standard SAP ECC 6.0 system</rule:description>
<rule:Categories><rule:Category name="CA.rule dimension">Completeness</rule:Category><rule:Category name="CA.department" xsi:nil="true" xmlns:xsi="http://www.w3.org/2001/XMLSchema-instance"/><rule:Category name="CA.object">Material</rule:Category><rule:Category name="CA.owner" xsi:nil="true" xmlns:xsi="http://www.w3.org/2001/XMLSchema-instance"/><rule:Category name="CA.region" xsi:nil="true" xmlns:xsi="http://www.w3.org/2001/XMLSchema-instance"/></rule:Categories><rule:Parameters>
<rule:Parameter score="true">
<rule:technical_name>$P_I_PriceControl</rule:technical_name>
<rule:description>Price control parameter</rule:description>
<rule:data_type>varchar</rule:data_type>
</rule:Parameter>
</rule:Parameters>
<rule:ValidationDefinition usage="structured">
<rule:expression>BEGIN RETURN
$P_I_PriceControl IS NOT NULL
AND $P_I_PriceControl != '';
END</rule:expression>
<rule:Structured>
<rule:parameter_name>$P_I_PriceControl</rule:parameter_name>
<rule:operator>isNotNull</rule:operator>
<rule:value>N/A</rule:value>
</rule:Structured>
<rule:Structured>
<rule:parameter_name>$P_I_PriceControl</rule:parameter_name>
<rule:operator>NE</rule:operator>
<rule:value>''</rule:value>
</rule:Structured>
</rule:ValidationDefinition>
</rule:Rule></RuleInfo> </RuleExport> 