<?xml version="1.0" encoding="utf-8" ?> <RuleExport xmlns="http://www.sap.com/ICC/Rule" version="14.1.1.220"><RuleInfo> <rule:Rule guid="48339AA3-4AF0-47B7-9411-1ECD7191A86D" xmlns:rule="http://www.sap.com/ICC/Rule">
<rule:name>ZB_G15_VNDR_CanadaPostalCodeFormat</rule:name>
<rule:grammar_version>1.0.0</rule:grammar_version>
<rule:description>Rule to check if the Postal Code for Canadian address is in the format A9A 9A9</rule:description>
<rule:Categories><rule:Category name="CA.rule dimension">Conformity</rule:Category><rule:Category name="CA.department" xsi:nil="true" xmlns:xsi="http://www.w3.org/2001/XMLSchema-instance"/><rule:Category name="CA.object">Supplier</rule:Category><rule:Category name="CA.owner" xsi:nil="true" xmlns:xsi="http://www.w3.org/2001/XMLSchema-instance"/><rule:Category name="CA.region" xsi:nil="true" xmlns:xsi="http://www.w3.org/2001/XMLSchema-instance"/></rule:Categories><rule:Parameters>
<rule:Parameter score="true">
<rule:technical_name>$P_I_PostalCode</rule:technical_name>
<rule:description>Postal Code Parameter</rule:description>
<rule:data_type>varchar</rule:data_type>
</rule:Parameter>
<rule:Parameter score="true">
<rule:technical_name>$P_I_Country</rule:technical_name>
<rule:description>Country Parameter</rule:description>
<rule:data_type>varchar</rule:data_type>
</rule:Parameter>
</rule:Parameters>
<rule:ValidationDefinition usage="structured">
<rule:expression>BEGIN RETURN
$P_I_Country = 'CA'
AND match_pattern($P_I_PostalCode, 'X9X 9X9');
END</rule:expression>
<rule:Structured>
<rule:parameter_name>$P_I_Country</rule:parameter_name>
<rule:operator>EQ</rule:operator>
<rule:value>CA</rule:value>
</rule:Structured>
<rule:Structured>
<rule:parameter_name>$P_I_PostalCode</rule:parameter_name>
<rule:operator>matchPattern</rule:operator>
<rule:value>X9X 9X9</rule:value>
</rule:Structured>
</rule:ValidationDefinition>
<rule:FilterDefinition usage="structured">
<rule:expression>$P_I_Country = 'CA'
AND length($P_I_PostalCode) >= 2
AND $P_I_PostalCode IS NOT NULL
AND $P_I_PostalCode != ''</rule:expression>
<rule:Structured>
<rule:parameter_name>$P_I_Country</rule:parameter_name>
<rule:operator>EQ</rule:operator>
<rule:value>CA</rule:value>
</rule:Structured>
<rule:Structured>
<rule:parameter_name>$P_I_PostalCode</rule:parameter_name>
<rule:operator>LENGTH_GREATER_THAN</rule:operator>
<rule:value>2</rule:value>
</rule:Structured>
<rule:Structured>
<rule:parameter_name>$P_I_PostalCode</rule:parameter_name>
<rule:operator>isNotNull</rule:operator>
<rule:value>N/A</rule:value>
</rule:Structured>
<rule:Structured>
<rule:parameter_name>$P_I_PostalCode</rule:parameter_name>
<rule:operator>NE</rule:operator>
<rule:value>''</rule:value>
</rule:Structured>
</rule:FilterDefinition>
</rule:Rule><TestData><Row><Parameter name="$P_I_PostalCode"><![CDATA[999-999]]></Parameter><Parameter name="$P_I_Country"><![CDATA[CA]]></Parameter><Result>pending</Result></Row><Row><Parameter name="$P_I_PostalCode"><![CDATA[A9A 9A9]]></Parameter><Parameter name="$P_I_Country"><![CDATA[CA]]></Parameter><Result>pending</Result></Row><Row><Parameter name="$P_I_PostalCode"><![CDATA[aaa aaa]]></Parameter><Parameter name="$P_I_Country"><![CDATA[CA]]></Parameter><Result>pending</Result></Row><Row><Parameter name="$P_I_PostalCode"><![CDATA[95014]]></Parameter><Parameter name="$P_I_Country"><![CDATA[CA]]></Parameter><Result>pending</Result></Row><Row><Parameter name="$P_I_PostalCode"><![CDATA[<NULL>]]></Parameter><Parameter name="$P_I_Country"><![CDATA[CA]]></Parameter><Result>pending</Result></Row><Row><Parameter name="$P_I_PostalCode"><![CDATA[<BLANK>]]></Parameter><Parameter name="$P_I_Country"><![CDATA[CA]]></Parameter><Result>pending</Result></Row><Row><Parameter name="$P_I_PostalCode"><![CDATA[B7B 7B7]]></Parameter><Parameter name="$P_I_Country"><![CDATA[CA]]></Parameter><Result>pending</Result></Row><Row><Parameter name="$P_I_PostalCode"><![CDATA[C8B 8C6]]></Parameter><Parameter name="$P_I_Country"><![CDATA[US]]></Parameter><Result>pending</Result></Row><Row><Parameter name="$P_I_PostalCode"><![CDATA[<NULL>]]></Parameter><Parameter name="$P_I_Country"><![CDATA[DE]]></Parameter><Result>pending</Result></Row><Row><Parameter name="$P_I_PostalCode"><![CDATA[<NULL>]]></Parameter><Parameter name="$P_I_Country"><![CDATA[CA]]></Parameter><Result>pending</Result></Row><Row><Parameter name="$P_I_PostalCode"><![CDATA[<BLANK>]]></Parameter><Parameter name="$P_I_Country"><![CDATA[CA]]></Parameter><Result>pending</Result></Row><Row><Parameter name="$P_I_PostalCode"><![CDATA[<NULL>]]></Parameter><Parameter name="$P_I_Country"><![CDATA[<NULL>]]></Parameter><Result>pending</Result></Row></TestData></RuleInfo> </RuleExport> 