<?xml version="1.0" encoding="utf-8" ?> <RuleExport xmlns="http://www.sap.com/ICC/Rule" version="14.1.1.220"><RuleInfo> <rule:Rule guid="67B88D4D-6E88-4948-B85F-FFE3320C3651" xmlns:rule="http://www.sap.com/ICC/Rule">
<rule:name>ZB_G14_CUST_USPOBoxPostalCodeFormat</rule:name>
<rule:grammar_version>1.0.0</rule:grammar_version>
<rule:description>Rule to check if a US ZIP code is in the valid format</rule:description>
<rule:Categories><rule:Category name="CA.rule dimension">Conformity</rule:Category><rule:Category name="CA.department" xsi:nil="true" xmlns:xsi="http://www.w3.org/2001/XMLSchema-instance"/><rule:Category name="CA.object">Customer</rule:Category><rule:Category name="CA.owner" xsi:nil="true" xmlns:xsi="http://www.w3.org/2001/XMLSchema-instance"/><rule:Category name="CA.region" xsi:nil="true" xmlns:xsi="http://www.w3.org/2001/XMLSchema-instance"/></rule:Categories><rule:Parameters>
<rule:Parameter score="true">
<rule:technical_name>$P_I_Country</rule:technical_name>
<rule:description>Country Parameter</rule:description>
<rule:data_type>varchar</rule:data_type>
</rule:Parameter>
<rule:Parameter score="true">
<rule:technical_name>$P_I_ZIP</rule:technical_name>
<rule:description>ZIP Code Parameter</rule:description>
<rule:data_type>varchar</rule:data_type>
</rule:Parameter>
</rule:Parameters>
<rule:ValidationDefinition usage="expression">
<rule:expression>BEGIN RETURN
$P_I_Country = 'US'
AND ($P_I_ZIP IS NOT NULL
AND (match_pattern($P_I_ZIP, '99999')
OR match_pattern($P_I_ZIP, '99999-9999')));
END</rule:expression>
</rule:ValidationDefinition>
<rule:FilterDefinition usage="structured">
<rule:expression>$P_I_Country = 'US'
AND length($P_I_ZIP) >= 2
AND $P_I_ZIP IS NOT NULL
AND $P_I_ZIP != ''</rule:expression>
<rule:Structured>
<rule:parameter_name>$P_I_Country</rule:parameter_name>
<rule:operator>EQ</rule:operator>
<rule:value>US</rule:value>
</rule:Structured>
<rule:Structured>
<rule:parameter_name>$P_I_ZIP</rule:parameter_name>
<rule:operator>LENGTH_GREATER_THAN</rule:operator>
<rule:value>2</rule:value>
</rule:Structured>
<rule:Structured>
<rule:parameter_name>$P_I_ZIP</rule:parameter_name>
<rule:operator>isNotNull</rule:operator>
<rule:value>N/A</rule:value>
</rule:Structured>
<rule:Structured>
<rule:parameter_name>$P_I_ZIP</rule:parameter_name>
<rule:operator>NE</rule:operator>
<rule:value>''</rule:value>
</rule:Structured>
</rule:FilterDefinition>
</rule:Rule></RuleInfo> </RuleExport> 