<?xml version="1.0" encoding="utf-8" ?> <RuleExport xmlns="http://www.sap.com/ICC/Rule" version="14.1.1.220"><RuleInfo> <rule:Rule guid="683210FC-9A4E-4166-8C42-EBD54C199AA8" xmlns:rule="http://www.sap.com/ICC/Rule">
<rule:name>ZB_G15_VNDR_CurrencyReference</rule:name>
<rule:grammar_version>1.0.0</rule:grammar_version>
<rule:description>Rule to check if Currency value for Business Partner / Customer / Vendor master data is valid according to the available values in the appropriate reference table in a standard SAP ECC 6.0 system.</rule:description>
<rule:Categories><rule:Category name="CA.rule dimension">Consistency</rule:Category><rule:Category name="CA.department" xsi:nil="true" xmlns:xsi="http://www.w3.org/2001/XMLSchema-instance"/><rule:Category name="CA.object">Supplier</rule:Category><rule:Category name="CA.owner" xsi:nil="true" xmlns:xsi="http://www.w3.org/2001/XMLSchema-instance"/><rule:Category name="CA.region" xsi:nil="true" xmlns:xsi="http://www.w3.org/2001/XMLSchema-instance"/></rule:Categories><rule:Parameters>
<rule:Parameter score="true">
<rule:technical_name>$P_I_Currency</rule:technical_name>
<rule:description>Currency reference parameter</rule:description>
<rule:data_type>varchar</rule:data_type>
</rule:Parameter>
</rule:Parameters>
<rule:ValidationDefinition usage="expression">
<rule:expression>BEGIN
     RETURN exists('SAP', 'TCURC', 'WAERS', $P_I_Currency);
END</rule:expression>
</rule:ValidationDefinition>
<rule:FilterDefinition usage="structured">
<rule:expression>$P_I_Currency IS NOT NULL
AND $P_I_Currency != ''</rule:expression>
<rule:Structured>
<rule:parameter_name>$P_I_Currency</rule:parameter_name>
<rule:operator>isNotNull</rule:operator>
<rule:value>N/A</rule:value>
</rule:Structured>
<rule:Structured>
<rule:parameter_name>$P_I_Currency</rule:parameter_name>
<rule:operator>NE</rule:operator>
<rule:value>''</rule:value>
</rule:Structured>
</rule:FilterDefinition>

</rule:Rule><TestData><Row><Parameter name="$P_I_Currency"><![CDATA[EUR]]></Parameter><Result>pending</Result></Row></TestData></RuleInfo> </RuleExport> 