<?xml version="1.0" encoding="utf-8" ?> <RuleExport xmlns="http://www.sap.com/ICC/Rule" version="14.1.1.220"><RuleInfo> <rule:Rule guid="7175DCEE-4058-44D5-94E8-9A34C144290B" xmlns:rule="http://www.sap.com/ICC/Rule">
<rule:name>ZB_G15_VNDR_ServiceAgentProcedureGroupReference</rule:name>
<rule:grammar_version>1.0.0</rule:grammar_version>
<rule:description>Rule to check if Service Agent Procedure Group value for Vendor master data is valid according to the available values in the appropriate reference table in a standard SAP ECC 6.0 system.</rule:description>
<rule:Categories><rule:Category name="CA.rule dimension">Consistency</rule:Category><rule:Category name="CA.department" xsi:nil="true" xmlns:xsi="http://www.w3.org/2001/XMLSchema-instance"/><rule:Category name="CA.object">Supplier</rule:Category><rule:Category name="CA.owner" xsi:nil="true" xmlns:xsi="http://www.w3.org/2001/XMLSchema-instance"/><rule:Category name="CA.region" xsi:nil="true" xmlns:xsi="http://www.w3.org/2001/XMLSchema-instance"/></rule:Categories><rule:Parameters>
<rule:Parameter score="true">
<rule:technical_name>$P_I_ServiceAgentProcGroup</rule:technical_name>
<rule:description>Service Agent Procedure Group reference parameter</rule:description>
<rule:data_type>varchar</rule:data_type>
</rule:Parameter>
</rule:Parameters>
<rule:ValidationDefinition usage="expression">
<rule:expression>BEGIN
    RETURN exists('SAP', 'TVFCD', 'DLGRP', $P_I_ServiceAgentProcGroup);
END</rule:expression>
</rule:ValidationDefinition>
<rule:FilterDefinition usage="structured">
<rule:expression>$P_I_ServiceAgentProcGroup IS NOT NULL
AND $P_I_ServiceAgentProcGroup != ''</rule:expression>
<rule:Structured>
<rule:parameter_name>$P_I_ServiceAgentProcGroup</rule:parameter_name>
<rule:operator>isNotNull</rule:operator>
<rule:value>N/A</rule:value>
</rule:Structured>
<rule:Structured>
<rule:parameter_name>$P_I_ServiceAgentProcGroup</rule:parameter_name>
<rule:operator>NE</rule:operator>
<rule:value>''</rule:value>
</rule:Structured>
</rule:FilterDefinition>

</rule:Rule></RuleInfo> </RuleExport> 