<?xml version="1.0" encoding="utf-8" ?> <RuleExport xmlns="http://www.sap.com/ICC/Rule" version="14.1.1.220"><RuleInfo> <rule:Rule guid="7231CAAD-3BC8-4B00-8F41-EF5F1148F0F2" xmlns:rule="http://www.sap.com/ICC/Rule">
<rule:name>ZB_G13_MATNR_DescriptionExists</rule:name>
<rule:grammar_version>1.0.0</rule:grammar_version>
<rule:description>Rule to check for existence of Material Description in Material master data for a standard SAP ECC 6.0 system</rule:description>
<rule:Categories><rule:Category name="CA.rule dimension">Completeness</rule:Category><rule:Category name="CA.department" xsi:nil="true" xmlns:xsi="http://www.w3.org/2001/XMLSchema-instance"/><rule:Category name="CA.object">Material</rule:Category><rule:Category name="CA.owner" xsi:nil="true" xmlns:xsi="http://www.w3.org/2001/XMLSchema-instance"/><rule:Category name="CA.region" xsi:nil="true" xmlns:xsi="http://www.w3.org/2001/XMLSchema-instance"/></rule:Categories><rule:Parameters>
<rule:Parameter score="true">
<rule:technical_name>$P_I_Description</rule:technical_name>
<rule:description>Material Description parameter</rule:description>
<rule:data_type>varchar</rule:data_type>
</rule:Parameter>
</rule:Parameters>
<rule:ValidationDefinition usage="structured">
<rule:expression>BEGIN RETURN
$P_I_Description IS NOT NULL
AND $P_I_Description != '';
END</rule:expression>
<rule:Structured>
<rule:parameter_name>$P_I_Description</rule:parameter_name>
<rule:operator>isNotNull</rule:operator>
<rule:value>N/A</rule:value>
</rule:Structured>
<rule:Structured>
<rule:parameter_name>$P_I_Description</rule:parameter_name>
<rule:operator>NE</rule:operator>
<rule:value>''</rule:value>
</rule:Structured>
</rule:ValidationDefinition>
</rule:Rule><TestData><Row><Parameter name="$P_I_Description"><![CDATA[asdasd]]></Parameter><Result>pending</Result></Row><Row><Parameter name="$P_I_Description"><![CDATA[<NULL>]]></Parameter><Result>pending</Result></Row><Row><Parameter name="$P_I_Description"><![CDATA[<BLANK>]]></Parameter><Result>pending</Result></Row></TestData></RuleInfo> </RuleExport> 