<?xml version="1.0" encoding="utf-8" ?> <RuleExport xmlns="http://www.sap.com/ICC/Rule" version="14.1.1.220"><RuleInfo> <rule:Rule guid="75F99A2B-70F7-465F-8A74-68ECA701547E" xmlns:rule="http://www.sap.com/ICC/Rule">
<rule:name>ZB_G15_VNDR_USPostalCodeFormat</rule:name>
<rule:grammar_version>1.0.0</rule:grammar_version>
<rule:description>Rule to check if a US ZIP code is in the valid format</rule:description>
<rule:Categories><rule:Category name="CA.rule dimension">Conformity</rule:Category><rule:Category name="CA.department" xsi:nil="true" xmlns:xsi="http://www.w3.org/2001/XMLSchema-instance"/><rule:Category name="CA.object">Supplier</rule:Category><rule:Category name="CA.owner" xsi:nil="true" xmlns:xsi="http://www.w3.org/2001/XMLSchema-instance"/><rule:Category name="CA.region" xsi:nil="true" xmlns:xsi="http://www.w3.org/2001/XMLSchema-instance"/></rule:Categories><rule:Parameters>
<rule:Parameter score="true">
<rule:technical_name>$P_I_Country</rule:technical_name>
<rule:description>Country Parameter</rule:description>
<rule:data_type>varchar</rule:data_type>
</rule:Parameter>
<rule:Parameter score="true">
<rule:technical_name>$P_I_ZIP</rule:technical_name>
<rule:description>ZIP Code Parameter</rule:description>
<rule:data_type>varchar</rule:data_type>
</rule:Parameter>
</rule:Parameters>
<rule:ValidationDefinition usage="expression">
<rule:expression>BEGIN RETURN
match_pattern($P_I_ZIP, '99999')
OR match_pattern($P_I_ZIP, '99999-9999');
END</rule:expression>
</rule:ValidationDefinition>
<rule:FilterDefinition usage="structured">
<rule:expression>$P_I_Country = 'US'
AND length($P_I_ZIP) >= 2
AND $P_I_ZIP IS NOT NULL
AND $P_I_ZIP != ''</rule:expression>
<rule:Structured>
<rule:parameter_name>$P_I_Country</rule:parameter_name>
<rule:operator>EQ</rule:operator>
<rule:value>US</rule:value>
</rule:Structured>
<rule:Structured>
<rule:parameter_name>$P_I_ZIP</rule:parameter_name>
<rule:operator>LENGTH_GREATER_THAN</rule:operator>
<rule:value>2</rule:value>
</rule:Structured>
<rule:Structured>
<rule:parameter_name>$P_I_ZIP</rule:parameter_name>
<rule:operator>isNotNull</rule:operator>
<rule:value>N/A</rule:value>
</rule:Structured>
<rule:Structured>
<rule:parameter_name>$P_I_ZIP</rule:parameter_name>
<rule:operator>NE</rule:operator>
<rule:value>''</rule:value>
</rule:Structured>
</rule:FilterDefinition>
</rule:Rule><TestData><Row><Parameter name="$P_I_Country"><![CDATA[US]]></Parameter><Parameter name="$P_I_ZIP"><![CDATA[95024]]></Parameter><Result>pending</Result></Row><Row><Parameter name="$P_I_Country"><![CDATA[CA]]></Parameter><Parameter name="$P_I_ZIP"><![CDATA[11111]]></Parameter><Result>pending</Result></Row><Row><Parameter name="$P_I_Country"><![CDATA[US]]></Parameter><Parameter name="$P_I_ZIP"><![CDATA[95014-2132]]></Parameter><Result>pending</Result></Row><Row><Parameter name="$P_I_Country"><![CDATA[US]]></Parameter><Parameter name="$P_I_ZIP"><![CDATA[8752598]]></Parameter><Result>pending</Result></Row><Row><Parameter name="$P_I_Country"><![CDATA[US]]></Parameter><Parameter name="$P_I_ZIP"><![CDATA[<NULL>]]></Parameter><Result>pending</Result></Row><Row><Parameter name="$P_I_Country"><![CDATA[DE]]></Parameter><Parameter name="$P_I_ZIP"><![CDATA[<NULL>]]></Parameter><Result>pending</Result></Row></TestData></RuleInfo> </RuleExport> 