<?xml version="1.0" encoding="utf-8" ?> <RuleExport xmlns="http://www.sap.com/ICC/Rule" version="14.2.14.2834"><RuleInfo> <rule:Rule guid="071B468F-106B-4813-988A-D05CA38D21FA" xmlns:rule="http://www.sap.com/ICC/Rule">
<rule:name>RL_CCC02_NuclearNonproliferationDomain_KNA1_cstm</rule:name>
<rule:grammar_version>1.0.0</rule:grammar_version>
<rule:description>Rule to check if Nuclear Nonproliferation indicator value for a Customer is valid according to the appropriate reference domain or value range for a standard SAP ECC 6.0 system.</rule:description>
<rule:Categories><rule:Category name="CA.rule dimension">Integrity</rule:Category></rule:Categories><rule:Parameters>
<rule:Parameter score="true">
<rule:technical_name>$PR_CCC02_KNA1</rule:technical_name>
<rule:description>Nuclear Nonproliferation indicator domain reference parameter</rule:description>
<rule:data_type>varchar</rule:data_type>
<rule:content_type/>
</rule:Parameter>
</rule:Parameters>
<rule:ValidationDefinition usage="expression">
<rule:expression>BEGIN RETURN
$PR_CCC02_KNA1 IS NULL
OR length($PR_CCC02_KNA1 ) = 0
OR $PR_CCC02_KNA1 = 'X';
END</rule:expression>
</rule:ValidationDefinition>
<rule:FilterDefinition usage="expression">
<rule:expression>$PR_CCC02_KNA1 IS NOT NULL
AND $PR_CCC02_KNA1 != ''</rule:expression>
</rule:FilterDefinition>
</rule:Rule></RuleInfo> </RuleExport> 