<?xml version="1.0" encoding="utf-8" ?> <RuleExport xmlns="http://www.sap.com/ICC/Rule" version="14.2.14.2834"><RuleInfo> <rule:Rule guid="1CD8BBF7-E46C-41F9-B108-546BDF0EEBA7" xmlns:rule="http://www.sap.com/ICC/Rule">
<rule:name>RL_TELFX_USFaxNumberFormat_KNA1_cstm</rule:name>
<rule:grammar_version>1.0.0</rule:grammar_version>
<rule:description>Rule to check if a US FAX number is in the valid format</rule:description>
<rule:Categories><rule:Category name="CA.rule dimension">Conformity</rule:Category></rule:Categories><rule:Parameters>
<rule:Parameter score="true">
<rule:technical_name>$PR_LAND1_KNA1</rule:technical_name>
<rule:description>Country Parameter</rule:description>
<rule:data_type>varchar</rule:data_type>
<rule:content_type/>
</rule:Parameter>
<rule:Parameter score="true">
<rule:technical_name>$PR_TELFX_KNA1</rule:technical_name>
<rule:description>FAX Number Parameter</rule:description>
<rule:data_type>varchar</rule:data_type>
<rule:content_type/>
</rule:Parameter>
</rule:Parameters>
<rule:ValidationDefinition usage="expression">
<rule:expression>BEGIN RETURN
match_pattern($PR_TELFX_KNA1, '9999999999')
OR match_pattern($PR_TELFX_KNA1, '999-999-9999')
OR match_pattern($PR_TELFX_KNA1, '(999)-999-9999')
OR match_pattern($PR_TELFX_KNA1, '1-999-999-9999')
OR match_pattern($PR_TELFX_KNA1, '1-(999)-999-9999')
OR match_pattern($PR_TELFX_KNA1, '19999999999')
OR match_pattern($PR_TELFX_KNA1, '+1-999-999-9999')
OR match_pattern($PR_TELFX_KNA1, '+1-(999)-999-9999')
OR match_pattern($PR_TELFX_KNA1, '+19999999999');
END</rule:expression>
</rule:ValidationDefinition>
<rule:FilterDefinition usage="expression">
<rule:expression>$PR_LAND1_KNA1 = 'US'
AND length($PR_TELFX_KNA1) >= 2
AND $PR_TELFX_KNA1 IS NOT NULL
AND $PR_TELFX_KNA1 != ''</rule:expression>
</rule:FilterDefinition>
</rule:Rule></RuleInfo> </RuleExport> 