<?xml version="1.0" encoding="utf-8" ?> <RuleExport xmlns="http://www.sap.com/ICC/Rule" version="14.2.14.2834"><RuleInfo> <rule:Rule guid="423A5BF9-CE65-481C-B2CB-4ECA81BF380E" xmlns:rule="http://www.sap.com/ICC/Rule">
<rule:name>RL_TDOCO_TDOBoycottListDomainRef_KNEX_cstm</rule:name>
<rule:grammar_version>1.0.0</rule:grammar_version>
<rule:description>Rule to check if TDO Boycott list value for a Customer is valid according to the appropriate reference domain or value range for a standard SAP ECC 6.0 system.</rule:description>
<rule:Categories><rule:Category name="CA.rule dimension">Integrity</rule:Category></rule:Categories><rule:Parameters>
<rule:Parameter score="true">
<rule:technical_name>$PR_TDOCO_KNEX</rule:technical_name>
<rule:description>TDO Boycott list domain reference parameter</rule:description>
<rule:data_type>varchar</rule:data_type>
<rule:content_type/>
</rule:Parameter>
</rule:Parameters>
<rule:ValidationDefinition usage="expression">
<rule:expression>BEGIN RETURN
$PR_TDOCO_KNEX IS NULL
OR length($PR_TDOCO_KNEX ) = 0
OR $PR_TDOCO_KNEX = 'X';
END</rule:expression>
</rule:ValidationDefinition>
<rule:FilterDefinition usage="expression">
<rule:expression>$PR_TDOCO_KNEX IS NOT NULL
AND $PR_TDOCO_KNEX != ''</rule:expression>
</rule:FilterDefinition>
</rule:Rule></RuleInfo> </RuleExport> 