<?xml version="1.0" encoding="utf-8" ?> <RuleExport xmlns="http://www.sap.com/ICC/Rule" version="14.2.14.2834"><RuleInfo> <rule:Rule guid="51C67CDF-7DDB-4C6C-9667-F5E5946D374E" xmlns:rule="http://www.sap.com/ICC/Rule">
<rule:name>RL_SDNCO_SDN_BoycottListDomain_KNEX_cstm</rule:name>
<rule:grammar_version>1.0.0</rule:grammar_version>
<rule:description>Rule to check if Boycott list value for a Customer is valid according to the appropriate reference domain or value range for a standard SAP ECC 6.0 system.</rule:description>
<rule:Categories><rule:Category name="CA.rule dimension">Integrity</rule:Category></rule:Categories><rule:Parameters>
<rule:Parameter score="true">
<rule:technical_name>$PR_SDNCO_KNEX</rule:technical_name>
<rule:description>Boycott list domain reference parameter</rule:description>
<rule:data_type>varchar</rule:data_type>
<rule:content_type/>
</rule:Parameter>
</rule:Parameters>
<rule:ValidationDefinition usage="expression">
<rule:expression>BEGIN RETURN
$PR_SDNCO_KNEX IS NULL
OR length($PR_SDNCO_KNEX ) = 0
OR $PR_SDNCO_KNEX = 'X';
END</rule:expression>
</rule:ValidationDefinition>
<rule:FilterDefinition usage="expression">
<rule:expression>$PR_SDNCO_KNEX IS NOT NULL
AND $PR_SDNCO_KNEX != ''</rule:expression>
</rule:FilterDefinition>
</rule:Rule></RuleInfo> </RuleExport> 