<?xml version="1.0" encoding="utf-8" ?> <RuleExport xmlns="http://www.sap.com/ICC/Rule" version="14.2.14.2834"><RuleInfo> <rule:Rule guid="71299CA6-BC1A-4FE3-9604-86B30EF5B66C" xmlns:rule="http://www.sap.com/ICC/Rule">
<rule:name>RL_AKONT_ReconciliationAccount_KNB1_cstm</rule:name>
<rule:grammar_version>1.0.0</rule:grammar_version>
<rule:description>Recon account is mandatory (If blank at branch level then should be present at Head Office)</rule:description>
<rule:Categories><rule:Category name="CA.rule dimension">Integrity</rule:Category></rule:Categories><rule:Parameters>
<rule:Parameter score="true">
<rule:technical_name>$PR_AKONT_KNB1</rule:technical_name>
<rule:description>Reconciliation Account reference parameter</rule:description>
<rule:data_type>varchar</rule:data_type>
<rule:content_type/>
</rule:Parameter>
<rule:Parameter score="true">
<rule:technical_name>$PR_KNRZE_KNB1</rule:technical_name>
<rule:description/>
<rule:data_type>varchar</rule:data_type>
<rule:content_type/>
</rule:Parameter>
</rule:Parameters>
<rule:ValidationDefinition usage="expression">
<rule:expression>DECLARE
$KNB1_KNRZE_AKONT varchar(20);
$KNB1_KUNNR_AKONT_LKP varchar(20);
$KNB1_KNRZE_AKONT_LKP varchar(20);

BEGIN 
$KNB1_KNRZE_AKONT =  lookup('SAP_ECC', 'KNB1', 'KNRZE', $PR_KNRZE_KNB1, 'AKONT', null);
$KNB1_KUNNR_AKONT_LKP =  lookup('SAP_ECC', 'SKB1', 'SAKNR', $PR_AKONT_KNB1, 'SAKNR', null);
$KNB1_KNRZE_AKONT_LKP =  lookup('SAP_ECC', 'SKB1', 'SAKNR', $KNB1_KNRZE_AKONT, 'SAKNR', null);

IF ($KNB1_KUNNR_AKONT_LKP IS NULL)
   BEGIN 
       IF ($KNB1_KNRZE_AKONT_LKP IS NULL)
       RETURN FALSE;
         ELSE
       RETURN TRUE;
   END
ELSE
RETURN TRUE;
END</rule:expression>
</rule:ValidationDefinition>
<rule:FilterDefinition usage="expression">
<rule:expression>$PR_AKONT_KNB1 IS NOT NULL
AND $PR_AKONT_KNB1 != ''</rule:expression>
</rule:FilterDefinition>

</rule:Rule></RuleInfo> </RuleExport> 