<?xml version="1.0" encoding="utf-8" ?> <RuleExport xmlns="http://www.sap.com/ICC/Rule" version="14.2.14.2834"><RuleInfo> <rule:Rule guid="7EF546F6-625D-4B3A-8D0C-531A2BFCA559" xmlns:rule="http://www.sap.com/ICC/Rule">
<rule:name>RL_TELF1_USPhoneNumberFormat_KNA1_cstm</rule:name>
<rule:grammar_version>1.0.0</rule:grammar_version>
<rule:description>Rule to check if a US phone or fax number is in the valid format if it exists.</rule:description>
<rule:Categories><rule:Category name="CA.rule dimension">Conformity</rule:Category></rule:Categories><rule:Parameters>
<rule:Parameter score="true">
<rule:technical_name>$PR_LAND1_KNA1</rule:technical_name>
<rule:description>Country Parameter</rule:description>
<rule:data_type>varchar</rule:data_type>
<rule:content_type/>
</rule:Parameter>
<rule:Parameter score="true">
<rule:technical_name>$PR_TELF1_KNA1</rule:technical_name>
<rule:description>Phone Number Parameter</rule:description>
<rule:data_type>varchar</rule:data_type>
<rule:content_type/>
</rule:Parameter>
</rule:Parameters>
<rule:ValidationDefinition usage="expression">
<rule:expression>BEGIN RETURN
match_pattern($PR_TELF1_KNA1, '9999999999')
OR match_pattern($PR_TELF1_KNA1, '999-999-9999')
OR match_pattern($PR_TELF1_KNA1, '(999)-999-9999')
OR match_pattern($PR_TELF1_KNA1, '1-999-999-9999')
OR match_pattern($PR_TELF1_KNA1, '1-(999)-999-9999')
OR match_pattern($PR_TELF1_KNA1, '19999999999')
OR match_pattern($PR_TELF1_KNA1, '+1-999-999-9999')
OR match_pattern($PR_TELF1_KNA1, '+1-(999)-999-9999')
OR match_pattern($PR_TELF1_KNA1, '+19999999999');
END</rule:expression>
</rule:ValidationDefinition>
<rule:FilterDefinition usage="expression">
<rule:expression>length($PR_TELF1_KNA1) >= 3
AND $PR_LAND1_KNA1 = 'US'
AND $PR_TELF1_KNA1 IS NOT NULL
AND $PR_TELF1_KNA1 != ''</rule:expression>
</rule:FilterDefinition>
</rule:Rule></RuleInfo> </RuleExport> 