<?xml version="1.0" encoding="utf-8" ?> <RuleExport xmlns="http://www.sap.com/ICC/Rule" version="14.2.14.2834"><RuleInfo> <rule:Rule guid="82A9E4DE-7D8E-4D95-875F-F869FD2E77DB" xmlns:rule="http://www.sap.com/ICC/Rule">
<rule:name>RL_KZTLF_PartialDeliveryperItemDomain_KNA1_cstm</rule:name>
<rule:grammar_version>1.0.0</rule:grammar_version>
<rule:description>Rule to check if Partial Delivery per Item value for a Customer is valid according to the appropriate reference domain or value range for a standard SAP ECC 6.0 system.</rule:description>
<rule:Categories><rule:Category name="CA.rule dimension">Integrity</rule:Category></rule:Categories><rule:Parameters>
<rule:Parameter score="true">
<rule:technical_name>$PR_KZTLF_KNVV</rule:technical_name>
<rule:description>Partial Delivery per Item domain reference parameter</rule:description>
<rule:data_type>varchar</rule:data_type>
<rule:content_type/>
</rule:Parameter>
</rule:Parameters>
<rule:ValidationDefinition usage="expression">
<rule:expression>BEGIN RETURN
$PR_KZTLF_KNVV IS NULL
OR length($PR_KZTLF_KNVV ) = 0
OR $PR_KZTLF_KNVV IN ('A', 'B', 'C', 'D');
END</rule:expression>
</rule:ValidationDefinition>
<rule:FilterDefinition usage="expression">
<rule:expression>$PR_KZTLF_KNVV IS NOT NULL
AND $PR_KZTLF_KNVV != ''</rule:expression>
</rule:FilterDefinition>
</rule:Rule></RuleInfo> </RuleExport> 