<?xml version="1.0" encoding="utf-8" ?> <RuleExport xmlns="http://www.sap.com/ICC/Rule" version="14.2.14.2834"><RuleInfo> <rule:Rule guid="8D16E159-A0B2-493A-9ACC-5E84F30C7DD0" xmlns:rule="http://www.sap.com/ICC/Rule">
<rule:name>RL_STCD1_USSSNFormat_KNA1_cstm</rule:name>
<rule:grammar_version>1.0.0</rule:grammar_version>
<rule:description>Rule to check if the US Social Security Number is in the valid format</rule:description>
<rule:Categories><rule:Category name="CA.rule dimension">Conformity</rule:Category></rule:Categories><rule:Parameters>
<rule:Parameter score="true">
<rule:technical_name>$PR_LAND1_KNA1</rule:technical_name>
<rule:description>Country Parameter</rule:description>
<rule:data_type>varchar</rule:data_type>
<rule:content_type/>
</rule:Parameter>
<rule:Parameter score="true">
<rule:technical_name>$PR_STCD1_KNA1</rule:technical_name>
<rule:description>SSN Parameter</rule:description>
<rule:data_type>varchar</rule:data_type>
<rule:content_type/>
</rule:Parameter>
</rule:Parameters>
<rule:ValidationDefinition usage="structured">
<rule:expression>BEGIN RETURN
match_pattern($PR_STCD1_KNA1, '999-99-9999')
AND $PR_LAND1_KNA1 = 'US';
END</rule:expression>
<rule:Structured>
<rule:parameter_name>$PR_STCD1_KNA1</rule:parameter_name>
<rule:operator>matchPattern</rule:operator>
<rule:value>999-99-9999</rule:value>
</rule:Structured>
<rule:Structured>
<rule:parameter_name>$PR_LAND1_KNA1</rule:parameter_name>
<rule:operator>EQ</rule:operator>
<rule:value>US</rule:value>
</rule:Structured>
</rule:ValidationDefinition>
<rule:FilterDefinition usage="expression">
<rule:expression>$PR_LAND1_KNA1 = 'US'
AND length($PR_STCD1_KNA1) >= 2
AND $PR_STCD1_KNA1 IS NOT NULL
AND $PR_STCD1_KNA1 != ''</rule:expression>
</rule:FilterDefinition>
</rule:Rule></RuleInfo> </RuleExport> 