<?xml version="1.0" encoding="utf-8" ?> <RuleExport xmlns="http://www.sap.com/ICC/Rule" version="14.2.14.2834"><RuleInfo> <rule:Rule guid="AA7EEC79-8A4F-477E-9058-CD45488391D9" xmlns:rule="http://www.sap.com/ICC/Rule">
<rule:name>RL_PSTLZ_DEPostalCodeFormat_KNA1_cstm</rule:name>
<rule:grammar_version>1.0.0</rule:grammar_version>
<rule:description>Rule to check if a DE ZIP code is in the valid format</rule:description>
<rule:Categories><rule:Category name="CA.rule dimension">Conformity</rule:Category></rule:Categories><rule:Parameters>
<rule:Parameter score="true">
<rule:technical_name>$PR_LAND1_KNA1</rule:technical_name>
<rule:description>Country Parameter</rule:description>
<rule:data_type>varchar</rule:data_type>
<rule:content_type/>
</rule:Parameter>
<rule:Parameter score="true">
<rule:technical_name>$PR_PSTLZ_KNA1</rule:technical_name>
<rule:description>ZIP Code Parameter</rule:description>
<rule:data_type>varchar</rule:data_type>
<rule:content_type/>
</rule:Parameter>
</rule:Parameters>
<rule:ValidationDefinition usage="structured">
<rule:expression>BEGIN RETURN
match_pattern($PR_PSTLZ_KNA1, '99999');
END</rule:expression>
<rule:Structured>
<rule:parameter_name>$PR_PSTLZ_KNA1</rule:parameter_name>
<rule:operator>matchPattern</rule:operator>
<rule:value>99999</rule:value>
</rule:Structured>
</rule:ValidationDefinition>
<rule:FilterDefinition usage="expression">
<rule:expression>$PR_LAND1_KNA1 = 'DE'
AND $PR_PSTLZ_KNA1 IS NOT NULL
AND $PR_PSTLZ_KNA1 != ''</rule:expression>
</rule:FilterDefinition>
</rule:Rule></RuleInfo> </RuleExport> 