<?xml version="1.0" encoding="utf-8" ?> <RuleExport xmlns="http://www.sap.com/ICC/Rule" version="14.2.14.2834"><RuleInfo> <rule:Rule guid="CA6878C2-6CA6-4099-BFA2-12AE9617B75B" xmlns:rule="http://www.sap.com/ICC/Rule">
<rule:name>RL_PSTL2_USPOBoxPostalCodeFormat_KNA1_cstm</rule:name>
<rule:grammar_version>1.0.0</rule:grammar_version>
<rule:description>Rule to check if a US ZIP code is in the valid format</rule:description>
<rule:Categories><rule:Category name="CA.rule dimension">Conformity</rule:Category></rule:Categories><rule:Parameters>
<rule:Parameter score="true">
<rule:technical_name>$PR_LAND1_KNA1</rule:technical_name>
<rule:description>Country Parameter</rule:description>
<rule:data_type>varchar</rule:data_type>
<rule:content_type/>
</rule:Parameter>
<rule:Parameter score="true">
<rule:technical_name>$PR_PSTL2_KNA1</rule:technical_name>
<rule:description>ZIP Code Parameter</rule:description>
<rule:data_type>varchar</rule:data_type>
<rule:content_type/>
</rule:Parameter>
</rule:Parameters>
<rule:ValidationDefinition usage="expression">
<rule:expression>BEGIN RETURN
$PR_LAND1_KNA1= 'US'
AND ($PR_PSTL2_KNA1 IS NOT NULL
AND (match_pattern($PR_PSTL2_KNA1, '99999')
OR match_pattern($PR_PSTL2_KNA1, '99999-9999')));
END</rule:expression>
</rule:ValidationDefinition>
<rule:FilterDefinition usage="expression">
<rule:expression>$PR_LAND1_KNA1 = 'US'
AND length($PR_PSTL2_KNA1) >= 2
AND $PR_PSTL2_KNA1 IS NOT NULL
AND $PR_PSTL2_KNA1 != ''</rule:expression>
</rule:FilterDefinition>
</rule:Rule></RuleInfo> </RuleExport> 