<?xml version="1.0" encoding="utf-8" ?> <RuleExport xmlns="http://www.sap.com/ICC/Rule" version="14.2.14.2834"><RuleInfo> <rule:Rule guid="CD4A0376-EC00-4B1F-9897-CCA640FD3FE8" xmlns:rule="http://www.sap.com/ICC/Rule">
<rule:name>RL_KUNN2_Customer_KNVP_cstm</rule:name>
<rule:grammar_version>1.0.0</rule:grammar_version>
<rule:description>KNVP.KUNN2 payer/bill should have a valid sales area in KNVV</rule:description>
<rule:Categories><rule:Category name="CA.rule dimension">Integrity</rule:Category></rule:Categories><rule:Parameters>
<rule:Parameter score="true">
<rule:technical_name>$PR_KUNN2_KNVP</rule:technical_name>
<rule:description/>
<rule:data_type>varchar</rule:data_type>
<rule:content_type/>
</rule:Parameter>
<rule:Parameter score="true">
<rule:technical_name>$PR_VKORG_KNVP</rule:technical_name>
<rule:description/>
<rule:data_type>varchar</rule:data_type>
<rule:content_type/>
</rule:Parameter>
<rule:Parameter score="true">
<rule:technical_name>$PR_VTWEG_KNVP</rule:technical_name>
<rule:description/>
<rule:data_type>varchar</rule:data_type>
<rule:content_type/>
</rule:Parameter>
<rule:Parameter score="true">
<rule:technical_name>$PR_SPART_KNVP</rule:technical_name>
<rule:description/>
<rule:data_type>varchar</rule:data_type>
<rule:content_type/>
</rule:Parameter>
<rule:Parameter score="true">
<rule:technical_name>$PR_KUNNR_KNVP</rule:technical_name>
<rule:description/>
<rule:data_type>varchar</rule:data_type>
<rule:content_type/>
</rule:Parameter>
</rule:Parameters>
<rule:ValidationDefinition usage="expression">
<rule:expression>BEGIN
  RETURN exists('SAP_ECC', 'KNVV', 'KUNNR', $PR_KUNNR_KNVP,'VTWEG', $PR_VTWEG_KNVP,'VKORG', $PR_VKORG_KNVP,'SPART', $PR_SPART_KNVP);
END</rule:expression>
</rule:ValidationDefinition>
<rule:FilterDefinition usage="structured">
<rule:expression>$PR_KUNN2_KNVP IS NOT NULL</rule:expression>
<rule:Structured>
<rule:parameter_name>$PR_KUNN2_KNVP</rule:parameter_name>
<rule:operator>isNotNull</rule:operator>
<rule:value>N/A</rule:value>
</rule:Structured>
</rule:FilterDefinition>

</rule:Rule></RuleInfo> </RuleExport> 