<?xml version="1.0" encoding="utf-8" ?> <ConnectionExport xmlns="http://www.sap.com/IS/Connection" version="14.1.1.220"><Connection><technical_name><![CDATA[SAP]]></technical_name><business_name><![CDATA[SAP]]></business_name><canonical_name><![CDATA[SAPECCDatastoreConfiguration:vmw5275:405:06]]></canonical_name><connection_type><![CDATA[245]]></connection_type><Properties><Property name="DatabaseName"><![CDATA[SAPECCDatastoreConfiguration]]></Property><Property name="SAP.ConnectionRetry"><![CDATA[3]]></Property><Property name="RFC.ABAPRFCDestination"><![CDATA[SAPDS]]></Property><Property name="Connection.RoutingString"><![CDATA[]]></Property><Property name="Locale.CodePage"><![CDATA[default]]></Property><Property name="SAP.GenerateABAPDirectory"><![CDATA[\\vmw5275\temp]]></Property><Property name="SAP.ABAPExecutionOption"><![CDATA[execute_preloaded]]></Property><Property name="Connection.SystemNumber"><![CDATA[06]]></Property><Property name="SAP.RetryInterval"><![CDATA[10]]></Property><Property name="Connection.ServerName"><![CDATA[vmw5275]]></Property><Property name="SAP.ExecuteInBackground"><![CDATA[true]]></Property><Property name="SAP.DataTransferMethod"><![CDATA[None]]></Property><Property name="LoadBalance.LoadBalance"><![CDATA[no]]></Property><Property name="Connection.ClientNumber"><![CDATA[405]]></Property><Property name="name"><![CDATA[SAP]]></Property><Property name="Connection.Authentication"><![CDATA[password]]></Property><Property name="FailedData"><![CDATA[false]]></Property><Property name="SAP.ServerWorkingDirectory"><![CDATA[\\vmw5275\temp]]></Property><Property name="Locale.Language"><![CDATA[EN - English]]></Property><Property name="SAP.SecurityProfile"><![CDATA[]]></Property><Property name="Connection.CanonicalNameTemplate"><![CDATA[{Connection.ServerName}:{Connection.ClientNumber}:{Connection.SystemNumber}]]></Property></Properties></Connection></ConnectionExport>