<?xml version="1.0" encoding="utf-8" ?> <rule:RuleBindingExport version="14.1.1.220" xmlns:rule="http://www.sap.com/ICC/Rule"><rule:RuleBinding lowThreshold="5" highThreshold="8" tableId="276_1539" ruleName="ZB_G14_CUST_TransportationZoneExists"><rule:Parameter name="$P_I_TransportationZone">Transport Zone</rule:Parameter></rule:RuleBinding><rule:RuleBinding lowThreshold="5" highThreshold="8" tableId="276_1539" ruleName="ZB_G15_VNDR_CityExists"><rule:Parameter name="$P_I_City">City</rule:Parameter></rule:RuleBinding><rule:RuleBinding lowThreshold="5" highThreshold="8" tableId="276_1539" ruleName="ZB_G14_CUST_CountryCodeExists"><rule:Parameter name="$P_I_CountryCode">County code</rule:Parameter></rule:RuleBinding><rule:RuleBinding lowThreshold="5" highThreshold="8" tableId="276_1539" ruleName="ZB_G14_CUST_IndustryReference"><rule:Parameter name="$P_I_Industry">Industry</rule:Parameter></rule:RuleBinding><rule:RuleBinding lowThreshold="5" highThreshold="8" tableId="276_1539" ruleName="ZB_G14_CUST_TradingPartnerReference"><rule:Parameter name="$P_I_TradingPartner">Trading Partner</rule:Parameter></rule:RuleBinding><rule:RuleBinding lowThreshold="5" highThreshold="8" tableId="276_1539" ruleName="ZB_G14_CUST_VendorAccountReference"><rule:Parameter name="$P_I_Vendor">Vendor</rule:Parameter></rule:RuleBinding><rule:RuleBinding lowThreshold="5" highThreshold="8" tableId="276_1539" ruleName="ZB_G14_CUST_CustomerFiscalAddressReference"><rule:Parameter name="$P_I_FiscalAddress">Fiscal address</rule:Parameter></rule:RuleBinding><rule:RelatedTables><vir:Table id="276_1539" xmlns:vir="http://www.sap.com/ICC/VirtualView"><vir:object_type>276</vir:object_type><vir:object_UID>1539</vir:object_UID><vir:qualified_table_name>Enterprise Project.ZB_G14_CUST_GeneralData_Control</vir:qualified_table_name><vir:connection_name>Views</vir:connection_name><vir:schema_name/><vir:table_name>ZB_G14_CUST_GeneralData_Control</vir:table_name></vir:Table></rule:RelatedTables></rule:RuleBindingExport>