<?xml version="1.0" encoding="utf-8" ?> <rule:RuleBindingExport version="14.1.1.220" xmlns:rule="http://www.sap.com/ICC/Rule"><rule:RuleBinding lowThreshold="5" highThreshold="8" tableId="276_1572" ruleName="ZB_G15_VNDR_GroupingKeyReference"><rule:Parameter name="$P_I_GroupingKey">Grouping key</rule:Parameter></rule:RuleBinding><rule:RuleBinding lowThreshold="5" highThreshold="8" tableId="276_1572" ruleName="ZB_G15_VNDR_HouseBankReference"><rule:Parameter name="$P_I_HouseBank">House bank</rule:Parameter></rule:RuleBinding><rule:RuleBinding lowThreshold="5" highThreshold="8" tableId="276_1572" ruleName="ZB_G15_VNDR_PaymentBlockReference"><rule:Parameter name="$P_I_PaymentBlock">Payment block</rule:Parameter></rule:RuleBinding><rule:RuleBinding lowThreshold="5" highThreshold="8" tableId="276_1572" ruleName="ZB_G15_VNDR_PaymentMethodReference"><rule:Parameter name="$P_I_PaymentMethod">Payment methods</rule:Parameter></rule:RuleBinding><rule:RuleBinding lowThreshold="5" highThreshold="8" tableId="276_1572" ruleName="ZB_G15_VNDR_ToleranceGroupReference"><rule:Parameter name="$P_I_ToleranceGroup">Tolerance group</rule:Parameter></rule:RuleBinding><rule:RuleBinding lowThreshold="5" highThreshold="8" tableId="276_1572" ruleName="ZB_G15_VNDR_VendorCompanyCodeReference"><rule:Parameter name="$P_I_CompanyCode">Company Code</rule:Parameter></rule:RuleBinding><rule:RelatedTables><vir:Table id="276_1572" xmlns:vir="http://www.sap.com/ICC/VirtualView"><vir:object_type>276</vir:object_type><vir:object_UID>1572</vir:object_UID><vir:qualified_table_name>Enterprise Project.ZB_G15_VNDR_CompanyCodeData_PaymentTransactions</vir:qualified_table_name><vir:connection_name>Views</vir:connection_name><vir:schema_name/><vir:table_name>ZB_G15_VNDR_CompanyCodeData_PaymentTransactions</vir:table_name></vir:Table></rule:RelatedTables></rule:RuleBindingExport>