<?xml version="1.0" encoding="utf-8" ?> <rule:RuleBindingExport version="14.1.1.220" xmlns:rule="http://www.sap.com/ICC/Rule"><rule:RuleBinding lowThreshold="5" highThreshold="8" tableId="276_1541" ruleName="ZB_G14_CUST_BankAccountNumberExists"><rule:Parameter name="$P_I_BankAccount">Bank Account</rule:Parameter></rule:RuleBinding><rule:RuleBinding lowThreshold="5" highThreshold="8" tableId="276_1541" ruleName="ZB_G14_CUST_BankCountryKeyExists"><rule:Parameter name="$P_I_BankCountryKey">Ctry</rule:Parameter></rule:RuleBinding><rule:RuleBinding lowThreshold="5" highThreshold="8" tableId="276_1541" ruleName="ZB_G14_CUST_BankKeyExists"><rule:Parameter name="$P_I_BankKey">Bank Key</rule:Parameter></rule:RuleBinding><rule:RuleBinding lowThreshold="5" highThreshold="8" tableId="276_1541" ruleName="ZB_G14_CUST_AlternatePayerReference"><rule:Parameter name="$P_I_AlternativePayer">Alternative payer</rule:Parameter></rule:RuleBinding><rule:RelatedTables><vir:Table id="276_1541" xmlns:vir="http://www.sap.com/ICC/VirtualView"><vir:object_type>276</vir:object_type><vir:object_UID>1541</vir:object_UID><vir:qualified_table_name>Enterprise Project.ZB_G14_CUST_GeneralData_PaymentTransactions</vir:qualified_table_name><vir:connection_name>Views</vir:connection_name><vir:schema_name/><vir:table_name>ZB_G14_CUST_GeneralData_PaymentTransactions</vir:table_name></vir:Table></rule:RelatedTables></rule:RuleBindingExport>