<?xml version="1.0" encoding="utf-8" ?> <rule:RuleBindingExport version="14.1.1.220" xmlns:rule="http://www.sap.com/ICC/Rule"><rule:RuleBinding lowThreshold="5" highThreshold="8" tableId="276_1575" ruleName="ZB_G15_VNDR_BankAccountNumberExists"><rule:Parameter name="$P_I_BankAccount">Bank account</rule:Parameter></rule:RuleBinding><rule:RuleBinding lowThreshold="5" highThreshold="8" tableId="276_1575" ruleName="ZB_G15_VNDR_BankCountryKeyExists"><rule:Parameter name="$P_I_BankCountryKey">Bank country key</rule:Parameter></rule:RuleBinding><rule:RuleBinding lowThreshold="5" highThreshold="8" tableId="276_1575" ruleName="ZB_G15_VNDR_BankKeyExists"><rule:Parameter name="$P_I_BankKey">Bank key</rule:Parameter></rule:RuleBinding><rule:RuleBinding lowThreshold="5" highThreshold="8" tableId="276_1575" ruleName="ZB_G15_VNDR_DMEIndicatorReference"><rule:Parameter name="$P_I_DMEIndicator">DME Indicator</rule:Parameter></rule:RuleBinding><rule:RuleBinding lowThreshold="5" highThreshold="8" tableId="276_1575" ruleName="ZB_G15_VNDR_InstructionKeyReference"><rule:Parameter name="$P_I_InstructionKey">Instruction key</rule:Parameter></rule:RuleBinding><rule:RuleBinding lowThreshold="5" highThreshold="8" tableId="276_1575" ruleName="ZB_G15_VNDR_NextPayeeReference"><rule:Parameter name="$P_I_NextPayee">Payee</rule:Parameter></rule:RuleBinding><rule:RelatedTables><vir:Table id="276_1575" xmlns:vir="http://www.sap.com/ICC/VirtualView"><vir:object_type>276</vir:object_type><vir:object_UID>1575</vir:object_UID><vir:qualified_table_name>Enterprise Project.ZB_G15_VNDR_GeneralData_PaymentTransactions</vir:qualified_table_name><vir:connection_name>Views</vir:connection_name><vir:schema_name/><vir:table_name>ZB_G15_VNDR_GeneralData_PaymentTransactions</vir:table_name></vir:Table></rule:RelatedTables></rule:RuleBindingExport>