<?xml version="1.0" encoding="utf-8" ?> <rule:RuleBindingExport version="14.1.1.220" xmlns:rule="http://www.sap.com/ICC/Rule"><rule:RuleBinding lowThreshold="5" highThreshold="8" tableId="276_1546" ruleName="ZB_G14_CUST_ShippingConditionsExist"><rule:Parameter name="$P_I_ShippingCondition">Shipping conditions</rule:Parameter></rule:RuleBinding><rule:RuleBinding lowThreshold="5" highThreshold="8" tableId="276_1546" ruleName="ZB_G14_CUST_PODRelevantDomainReference"><rule:Parameter name="$P_I_PODRelevant">Relevant for POD</rule:Parameter></rule:RuleBinding><rule:RuleBinding lowThreshold="5" highThreshold="8" tableId="276_1546" ruleName="ZB_G14_CUST_PartialDeliveryperItemDomainReference"><rule:Parameter name="$P_I_PartialDelivery">Partial delivery per item</rule:Parameter></rule:RuleBinding><rule:RuleBinding lowThreshold="5" highThreshold="8" tableId="276_1546" ruleName="ZB_G14_CUST_ShippingConditionsReference"><rule:Parameter name="$P_I_ShippingCondition">Shipping conditions</rule:Parameter></rule:RuleBinding><rule:RelatedTables><vir:Table id="276_1546" xmlns:vir="http://www.sap.com/ICC/VirtualView"><vir:object_type>276</vir:object_type><vir:object_UID>1546</vir:object_UID><vir:qualified_table_name>Enterprise Project.ZB_G14_CUST_SalesAreaData_Shipping</vir:qualified_table_name><vir:connection_name>Views</vir:connection_name><vir:schema_name/><vir:table_name>ZB_G14_CUST_SalesAreaData_Shipping</vir:table_name></vir:Table></rule:RelatedTables></rule:RuleBindingExport>