<?xml version="1.0" encoding="utf-8" ?> <rule:RuleBindingExport version="14.1.1.220" xmlns:rule="http://www.sap.com/ICC/Rule"><rule:RuleBinding lowThreshold="5" highThreshold="8" tableId="276_1573" ruleName="ZB_G15_VNDR_CountryKeyExists"><rule:Parameter name="$P_I_Country">Country</rule:Parameter></rule:RuleBinding><rule:RuleBinding lowThreshold="5" highThreshold="8" tableId="276_1573" ruleName="ZB_G15_VNDR_LanguageKeyExists"><rule:Parameter name="$P_I_Language">Language</rule:Parameter></rule:RuleBinding><rule:RuleBinding lowThreshold="5" highThreshold="8" tableId="276_1573" ruleName="ZB_G15_VNDR_NameOfAnAddressExists"><rule:Parameter name="$P_I_NameOfAddress">Name 1</rule:Parameter></rule:RuleBinding><rule:RuleBinding lowThreshold="5" highThreshold="8" tableId="276_1573" ruleName="ZB_G15_VNDR_NumberExists"><rule:Parameter name="$P_I_BUPANumberExists">House number and street</rule:Parameter></rule:RuleBinding><rule:RuleBinding lowThreshold="5" highThreshold="8" tableId="276_1573" ruleName="ZB_G15_VNDR_SearchTerm1Exists"><rule:Parameter name="$P_I_SearchTerm">Search Term 1</rule:Parameter></rule:RuleBinding><rule:RuleBinding lowThreshold="5" highThreshold="8" tableId="276_1573" ruleName="ZB_G15_VNDR_CanadaPOBoxPostalCodeFormat"><rule:Parameter name="$P_I_PostalCode">PO Box postal code</rule:Parameter><rule:Parameter name="$P_I_Country">Country</rule:Parameter></rule:RuleBinding><rule:RuleBinding lowThreshold="5" highThreshold="8" tableId="276_1573" ruleName="ZB_G15_VNDR_CanadaPostalCodeFormat"><rule:Parameter name="$P_I_PostalCode">Postal Code</rule:Parameter><rule:Parameter name="$P_I_Country">Country</rule:Parameter></rule:RuleBinding><rule:RuleBinding lowThreshold="5" highThreshold="8" tableId="276_1573" ruleName="ZB_G15_VNDR_USPOBoxPostalCodeFormat"><rule:Parameter name="$P_I_Country">Country</rule:Parameter><rule:Parameter name="$P_I_ZIP">PO Box postal code</rule:Parameter></rule:RuleBinding><rule:RuleBinding lowThreshold="5" highThreshold="8" tableId="276_1573" ruleName="ZB_G15_VNDR_USPhoneNumberFormat"><rule:Parameter name="$P_I_Country">Country</rule:Parameter><rule:Parameter name="$P_I_PhoneNumber">Telephone</rule:Parameter></rule:RuleBinding><rule:RuleBinding lowThreshold="5" highThreshold="8" tableId="276_1573" ruleName="ZB_G15_VNDR_USPostalCodeFormat"><rule:Parameter name="$P_I_Country">Country</rule:Parameter><rule:Parameter name="$P_I_ZIP">Postal Code</rule:Parameter></rule:RuleBinding><rule:RuleBinding lowThreshold="5" highThreshold="8" tableId="276_1573" ruleName="ZB_G15_VNDR_CountryReference"><rule:Parameter name="$P_I_Country">Country</rule:Parameter></rule:RuleBinding><rule:RuleBinding lowThreshold="5" highThreshold="8" tableId="276_1573" ruleName="ZB_G15_VNDR_LanguageReference"><rule:Parameter name="$P_I_Language">Language</rule:Parameter></rule:RuleBinding><rule:RuleBinding lowThreshold="5" highThreshold="8" tableId="276_1573" ruleName="ZB_G15_VNDR_RegionReference"><rule:Parameter name="$P_I_Region">Region</rule:Parameter></rule:RuleBinding><rule:RuleBinding lowThreshold="5" highThreshold="8" tableId="276_1573" ruleName="ZB_G15_VNDR_TransportationZoneReference"><rule:Parameter name="$P_I_TransportationZone">Transportation zone</rule:Parameter></rule:RuleBinding><rule:RuleBinding lowThreshold="5" highThreshold="8" tableId="276_1573" ruleName="ZB_G15_VNDR_VendorAccountGroupReference"><rule:Parameter name="$P_I_AccountGroup">Account group</rule:Parameter></rule:RuleBinding><rule:RuleBinding lowThreshold="5" highThreshold="8" tableId="276_1573" ruleName="ZB_G15_VNDR_CityExists"><rule:Parameter name="$P_I_City">City</rule:Parameter></rule:RuleBinding><rule:RuleBinding lowThreshold="5" highThreshold="8" tableId="276_1573" ruleName="ZB_G15_VNDR_TitleDomainReference"><rule:Parameter name="$P_I_Title">Title</rule:Parameter><rule:Parameter name="$P_I_Language">Language</rule:Parameter></rule:RuleBinding><rule:RelatedTables><vir:Table id="276_1573" xmlns:vir="http://www.sap.com/ICC/VirtualView"><vir:object_type>276</vir:object_type><vir:object_UID>1573</vir:object_UID><vir:qualified_table_name>Enterprise Project.ZB_G15_VNDR_GeneralData_Address</vir:qualified_table_name><vir:connection_name>Views</vir:connection_name><vir:schema_name/><vir:table_name>ZB_G15_VNDR_GeneralData_Address</vir:table_name></vir:Table></rule:RelatedTables></rule:RuleBindingExport>