<?xml version="1.0" encoding="utf-8" ?> <rule:RuleBindingExport version="14.1.1.220" xmlns:rule="http://www.sap.com/ICC/Rule"><rule:RuleBinding lowThreshold="5" highThreshold="8" tableId="276_1570" ruleName="ZB_G15_VNDR_CompanyCodeExists"><rule:Parameter name="$P_I_CompanyCode">Company Code</rule:Parameter></rule:RuleBinding><rule:RuleBinding lowThreshold="5" highThreshold="8" tableId="276_1570" ruleName="ZB_G15_VNDR_ReconAccountExists"><rule:Parameter name="$P_I_ReconAccount">Recon Account</rule:Parameter></rule:RuleBinding><rule:RuleBinding lowThreshold="5" highThreshold="8" tableId="276_1570" ruleName="ZB_G15_VNDR_ExcemptionAuthorityDomainReference"><rule:Parameter name="$P_I_ExcemptionAuthority">Exmpt authority</rule:Parameter></rule:RuleBinding><rule:RuleBinding lowThreshold="5" highThreshold="8" tableId="276_1570" ruleName="ZB_G15_VNDR_InterestCalculationIndicatorReference"><rule:Parameter name="$P_I_InterestCalcInd">Interest indic</rule:Parameter></rule:RuleBinding><rule:RuleBinding lowThreshold="5" highThreshold="8" tableId="276_1570" ruleName="ZB_G15_VNDR_InterestCycleDomainReference"><rule:Parameter name="$P_I_InterestCycle">Interest cycle</rule:Parameter></rule:RuleBinding><rule:RuleBinding lowThreshold="5" highThreshold="8" tableId="276_1570" ruleName="ZB_G15_VNDR_ReconciliationAccountReference"><rule:Parameter name="$P_I_ReconciliationAccount">Recon Account</rule:Parameter></rule:RuleBinding><rule:RuleBinding lowThreshold="5" highThreshold="8" tableId="276_1570" ruleName="ZB_G15_VNDR_ReleaseGroupReference"><rule:Parameter name="$P_I_ReleaseGroup">Release group</rule:Parameter></rule:RuleBinding><rule:RuleBinding lowThreshold="5" highThreshold="8" tableId="276_1570" ruleName="ZB_G15_VNDR_SortKeyReference"><rule:Parameter name="$P_I_SortKey">Sort key</rule:Parameter></rule:RuleBinding><rule:RuleBinding lowThreshold="5" highThreshold="8" tableId="276_1570" ruleName="ZB_G15_VNDR_WitholdingTaxReference"><rule:Parameter name="$P_I_WithholdingTaxCode">Withholding tax code</rule:Parameter></rule:RuleBinding><rule:RelatedTables><vir:Table id="276_1570" xmlns:vir="http://www.sap.com/ICC/VirtualView"><vir:object_type>276</vir:object_type><vir:object_UID>1570</vir:object_UID><vir:qualified_table_name>Enterprise Project.ZB_G15_VNDR_CompanyCodeData_AccountingInformation</vir:qualified_table_name><vir:connection_name>Views</vir:connection_name><vir:schema_name/><vir:table_name>ZB_G15_VNDR_CompanyCodeData_AccountingInformation</vir:table_name></vir:Table></rule:RelatedTables></rule:RuleBindingExport>