<?xml version="1.0" encoding="utf-8" ?> <rule:RuleBindingExport version="14.1.1.220" xmlns:rule="http://www.sap.com/ICC/Rule"><rule:RuleBinding lowThreshold="5" highThreshold="8" tableId="276_1556" ruleName="ZB_G13_MATNR_PlantExists"><rule:Parameter name="$P_I_Plant">Plant</rule:Parameter></rule:RuleBinding><rule:RuleBinding lowThreshold="5" highThreshold="8" tableId="276_1556" ruleName="ZB_G13_MATNR_StorageLocationExists"><rule:Parameter name="$P_I_StorageLocation">Storage Location</rule:Parameter></rule:RuleBinding><rule:RuleBinding lowThreshold="5" highThreshold="8" tableId="276_1556" ruleName="ZB_G13_MATNR_CCPhysicalInventoryIndicatorReference"><rule:Parameter name="$P_I_CCPhyInvIndicator">CC phys Inv Ind</rule:Parameter></rule:RuleBinding><rule:RuleBinding lowThreshold="5" highThreshold="8" tableId="276_1556" ruleName="ZB_G13_MATNR_ContainerRequirementsReference"><rule:Parameter name="$P_I_ContainerRequirements">Container reqmts</rule:Parameter></rule:RuleBinding><rule:RuleBinding lowThreshold="5" highThreshold="8" tableId="276_1556" ruleName="ZB_G13_MATNR_HazardousMaterialNumberReference"><rule:Parameter name="$P_I_HazmatRequirements">Haz material number</rule:Parameter></rule:RuleBinding><rule:RuleBinding lowThreshold="5" highThreshold="8" tableId="276_1556" ruleName="ZB_G13_MATNR_LabFormReference"><rule:Parameter name="$P_I_LabForm">Lab form</rule:Parameter></rule:RuleBinding><rule:RuleBinding lowThreshold="5" highThreshold="8" tableId="276_1556" ruleName="ZB_G13_MATNR_LabelTypeReference"><rule:Parameter name="$P_I_LabelType">Label type</rule:Parameter></rule:RuleBinding><rule:RuleBinding lowThreshold="5" highThreshold="8" tableId="276_1556" ruleName="ZB_G13_MATNR_PeriodIndicatorforSLEDReference"><rule:Parameter name="$P_I_PeriodIndForSLED">Period Ind for SLED</rule:Parameter></rule:RuleBinding><rule:RuleBinding lowThreshold="5" highThreshold="8" tableId="276_1556" ruleName="ZB_G13_MATNR_RoundingRuleSLEDDomainReference"><rule:Parameter name="$P_I_RoundingRuleSLED">Rounding rule for SLED</rule:Parameter></rule:RuleBinding><rule:RuleBinding lowThreshold="5" highThreshold="8" tableId="276_1556" ruleName="ZB_G13_MATNR_StorageConditionReference"><rule:Parameter name="$P_I_StorageCondition">Storage conditions</rule:Parameter></rule:RuleBinding><rule:RuleBinding lowThreshold="5" highThreshold="8" tableId="276_1556" ruleName="ZB_G13_MATNR_TemperatureConditionReference"><rule:Parameter name="$P_I_TemperatureCondition">Temp Conditions</rule:Parameter></rule:RuleBinding><rule:RelatedTables><vir:Table id="276_1556" xmlns:vir="http://www.sap.com/ICC/VirtualView"><vir:object_type>276</vir:object_type><vir:object_UID>1556</vir:object_UID><vir:qualified_table_name>Enterprise Project.ZB_G13_MATNR_GeneralPlantData_Storage1</vir:qualified_table_name><vir:connection_name>Views</vir:connection_name><vir:schema_name/><vir:table_name>ZB_G13_MATNR_GeneralPlantData_Storage1</vir:table_name></vir:Table></rule:RelatedTables></rule:RuleBindingExport>