<?xml version="1.0" encoding="utf-8" ?> <rule:RuleBindingExport version="14.1.1.220" xmlns:rule="http://www.sap.com/ICC/Rule"><rule:RuleBinding lowThreshold="5" highThreshold="8" tableId="276_1542" ruleName="ZB_G14_CUST_ClassificationReference"><rule:Parameter name="$P_I_Classification">Customer class</rule:Parameter></rule:RuleBinding><rule:RuleBinding lowThreshold="5" highThreshold="8" tableId="276_1542" ruleName="ZB_G14_CUST_FIYearVariantReference"><rule:Parameter name="$P_I_FIYearVariant">Fi Year Variant</rule:Parameter></rule:RuleBinding><rule:RuleBinding lowThreshold="5" highThreshold="8" tableId="276_1542" ruleName="ZB_G14_CUST_IndustryCodeReference"><rule:Parameter name="$P_I_IndustryCode">Industry Code 1</rule:Parameter></rule:RuleBinding><rule:RuleBinding lowThreshold="5" highThreshold="8" tableId="276_1542" ruleName="ZB_G14_CUST_LegalStatusReference"><rule:Parameter name="$P_I_LegalStatus">Legal status</rule:Parameter></rule:RuleBinding><rule:RuleBinding lowThreshold="5" highThreshold="8" tableId="276_1542" ruleName="ZB_G14_CUST_NielsenIDReference"><rule:Parameter name="$P_I_NielsenID">Nielsen ID</rule:Parameter></rule:RuleBinding><rule:RelatedTables><vir:Table id="276_1542" xmlns:vir="http://www.sap.com/ICC/VirtualView"><vir:object_type>276</vir:object_type><vir:object_UID>1542</vir:object_UID><vir:qualified_table_name>Enterprise Project.ZB_G14_CUST_Marketing</vir:qualified_table_name><vir:connection_name>Views</vir:connection_name><vir:schema_name/><vir:table_name>ZB_G14_CUST_Marketing</vir:table_name></vir:Table></rule:RelatedTables></rule:RuleBindingExport>