<?xml version="1.0" encoding="utf-8" ?> <rule:RuleBindingExport version="14.1.1.220" xmlns:rule="http://www.sap.com/ICC/Rule"><rule:RuleBinding lowThreshold="5" highThreshold="8" tableId="276_1569" ruleName="ZB_G13_MATNR_OverallProfileReference"><rule:Parameter name="$P_I_OverallProfile">Overall profile</rule:Parameter></rule:RuleBinding><rule:RelatedTables><vir:Table id="276_1569" xmlns:vir="http://www.sap.com/ICC/VirtualView"><vir:object_type>276</vir:object_type><vir:object_UID>1569</vir:object_UID><vir:qualified_table_name>Enterprise Project.ZB_G13_MATNR_WorkScheduling</vir:qualified_table_name><vir:connection_name>Views</vir:connection_name><vir:schema_name/><vir:table_name>ZB_G13_MATNR_WorkScheduling</vir:table_name></vir:Table></rule:RelatedTables></rule:RuleBindingExport>