<?xml version="1.0" encoding="utf-8" ?> <rule:RuleBindingExport version="14.1.1.220" xmlns:rule="http://www.sap.com/ICC/Rule"><rule:RuleBinding lowThreshold="5" highThreshold="8" tableId="276_1574" ruleName="ZB_G15_VNDR_AuthorityReference"><rule:Parameter name="$P_I_Authority">Authority</rule:Parameter></rule:RuleBinding><rule:RuleBinding lowThreshold="5" highThreshold="8" tableId="276_1574" ruleName="ZB_G15_VNDR_BuyingHabitsReference"><rule:Parameter name="$P_I_BuyingHabits">Buying habits</rule:Parameter></rule:RuleBinding><rule:RuleBinding lowThreshold="5" highThreshold="8" tableId="276_1574" ruleName="ZB_G15_VNDR_CallFrequencyReference"><rule:Parameter name="$P_I_CallFrequency">Call frequency</rule:Parameter></rule:RuleBinding><rule:RuleBinding lowThreshold="5" highThreshold="8" tableId="276_1574" ruleName="ZB_G15_VNDR_ContactPersonDepartmentReference"><rule:Parameter name="$P_I_Department">Department</rule:Parameter></rule:RuleBinding><rule:RuleBinding lowThreshold="5" highThreshold="8" tableId="276_1574" ruleName="ZB_G15_VNDR_ContactPersonFunctionReference"><rule:Parameter name="$P_I_Function">Function</rule:Parameter></rule:RuleBinding><rule:RuleBinding lowThreshold="5" highThreshold="8" tableId="276_1574" ruleName="ZB_G15_VNDR_GenderDomainReference"><rule:Parameter name="$P_I_Gender">Gender</rule:Parameter></rule:RuleBinding><rule:RuleBinding lowThreshold="5" highThreshold="8" tableId="276_1574" ruleName="ZB_G15_VNDR_MaritalStatusReference"><rule:Parameter name="$P_I_MaritalStatus">Marital status</rule:Parameter></rule:RuleBinding><rule:RuleBinding lowThreshold="5" highThreshold="8" tableId="276_1574" ruleName="ZB_G15_VNDR_VIPPartnerReference"><rule:Parameter name="$P_I_VIPPartner">VIP</rule:Parameter></rule:RuleBinding><rule:RelatedTables><vir:Table id="276_1574" xmlns:vir="http://www.sap.com/ICC/VirtualView"><vir:object_type>276</vir:object_type><vir:object_UID>1574</vir:object_UID><vir:qualified_table_name>Enterprise Project.ZB_G15_VNDR_GeneralData_ContactPerson</vir:qualified_table_name><vir:connection_name>Views</vir:connection_name><vir:schema_name/><vir:table_name>ZB_G15_VNDR_GeneralData_ContactPerson</vir:table_name></vir:Table></rule:RelatedTables></rule:RuleBindingExport>