<?xml version="1.0" encoding="utf-8" ?> <rule:RuleBindingExport version="14.1.1.220" xmlns:rule="http://www.sap.com/ICC/Rule"><rule:RuleBinding lowThreshold="5" highThreshold="8" tableId="276_1549" ruleName="ZB_G13_MATNR_BaseUnitOfMeasureExists"><rule:Parameter name="$P_I_BaseUOM">Base Unit of Measure</rule:Parameter></rule:RuleBinding><rule:RuleBinding lowThreshold="5" highThreshold="8" tableId="276_1549" ruleName="ZB_G13_MATNR_DescriptionExists"><rule:Parameter name="$P_I_Description">Description</rule:Parameter></rule:RuleBinding><rule:RuleBinding lowThreshold="5" highThreshold="8" tableId="276_1549" ruleName="ZB_G13_MATNR_IndustrySectorExists"><rule:Parameter name="$P_I_IndustrySector">Industry Sector</rule:Parameter></rule:RuleBinding><rule:RuleBinding lowThreshold="5" highThreshold="8" tableId="276_1549" ruleName="ZB_G13_MATNR_MaterialGroupExists"><rule:Parameter name="$P_I_MaterialGroup">Material Group</rule:Parameter></rule:RuleBinding><rule:RuleBinding lowThreshold="5" highThreshold="8" tableId="276_1549" ruleName="ZB_G13_MATNR_BaseUnitofMeasureReference"><rule:Parameter name="$P_I_BaseUOM">Base Unit of Measure</rule:Parameter></rule:RuleBinding><rule:RuleBinding lowThreshold="5" highThreshold="8" tableId="276_1549" ruleName="ZB_G13_MATNR_DivisionReference"><rule:Parameter name="$P_I_Division">Division</rule:Parameter></rule:RuleBinding><rule:RuleBinding lowThreshold="5" highThreshold="8" tableId="276_1549" ruleName="ZB_G13_MATNR_EANCategoryReference"><rule:Parameter name="$P_I_EANCategory">Ean Category</rule:Parameter></rule:RuleBinding><rule:RuleBinding lowThreshold="5" highThreshold="8" tableId="276_1549" ruleName="ZB_G13_MATNR_GeneralItemCategoryGroupReference"><rule:Parameter name="$P_I_GenItemCatGroup">GenItemCatGroup</rule:Parameter></rule:RuleBinding><rule:RuleBinding lowThreshold="5" highThreshold="8" tableId="276_1549" ruleName="ZB_G13_MATNR_IndustrySectorReference"><rule:Parameter name="$P_I_IndustrySector">Industry Sector</rule:Parameter></rule:RuleBinding><rule:RuleBinding lowThreshold="5" highThreshold="8" tableId="276_1549" ruleName="ZB_G13_MATNR_LaboratoryOfficeReference"><rule:Parameter name="$P_I_LabOffice">Lab Office</rule:Parameter></rule:RuleBinding><rule:RuleBinding lowThreshold="5" highThreshold="8" tableId="276_1549" ruleName="ZB_G13_MATNR_MaterialGroupPackagingMatlsReference"><rule:Parameter name="$P_I_MatGrpPackMatls">Matl Grp Pack Matls</rule:Parameter></rule:RuleBinding><rule:RuleBinding lowThreshold="5" highThreshold="8" tableId="276_1549" ruleName="ZB_G13_MATNR_MaterialGroupReference"><rule:Parameter name="$P_I_MaterialGroup">Material Group</rule:Parameter></rule:RuleBinding><rule:RuleBinding lowThreshold="5" highThreshold="8" tableId="276_1549" ruleName="ZB_G13_MATNR_MaterialTypeReference"><rule:Parameter name="$P_I_MaterialType">Material Type</rule:Parameter></rule:RuleBinding><rule:RuleBinding lowThreshold="5" highThreshold="8" tableId="276_1549" ruleName="ZB_G13_MATNR_ProductAllocationReference"><rule:Parameter name="$P_I_ProductAllocation">Product Allocation</rule:Parameter></rule:RuleBinding><rule:RuleBinding lowThreshold="5" highThreshold="8" tableId="276_1549" ruleName="ZB_G13_MATNR_ReferenceMaterialforPackagingReferenc"><rule:Parameter name="$P_I_RefMatPackaging">Ref mat for pckg</rule:Parameter></rule:RuleBinding><rule:RelatedTables><vir:Table id="276_1549" xmlns:vir="http://www.sap.com/ICC/VirtualView"><vir:object_type>276</vir:object_type><vir:object_UID>1549</vir:object_UID><vir:qualified_table_name>Enterprise Project.ZB_G13_MATNR_BasicData1</vir:qualified_table_name><vir:connection_name>Views</vir:connection_name><vir:schema_name/><vir:table_name>ZB_G13_MATNR_BasicData1</vir:table_name></vir:Table></rule:RelatedTables></rule:RuleBindingExport>