<?xml version="1.0" encoding="utf-8" ?> <rule:RuleBindingExport version="14.1.1.220" xmlns:rule="http://www.sap.com/ICC/Rule"><rule:RuleBinding lowThreshold="5" highThreshold="8" tableId="276_1545" ruleName="ZB_G14_CUST_DistributionChannelExists"><rule:Parameter name="$P_I_DistributionChannel">Distr Channel</rule:Parameter></rule:RuleBinding><rule:RuleBinding lowThreshold="5" highThreshold="8" tableId="276_1545" ruleName="ZB_G14_CUST_DivisionExists"><rule:Parameter name="$P_I_Division">Division</rule:Parameter></rule:RuleBinding><rule:RuleBinding lowThreshold="5" highThreshold="8" tableId="276_1545" ruleName="ZB_G14_CUST_PricingProcedureExists"><rule:Parameter name="$P_I_PricingProcedure">Cust Pric proc</rule:Parameter></rule:RuleBinding><rule:RuleBinding lowThreshold="5" highThreshold="8" tableId="276_1545" ruleName="ZB_G14_CUST_SalesCurrencyExists"><rule:Parameter name="$P_I_Currency">Currency</rule:Parameter></rule:RuleBinding><rule:RuleBinding lowThreshold="5" highThreshold="8" tableId="276_1545" ruleName="ZB_G14_CUST_SalesOrgExists"><rule:Parameter name="$P_I_SalesOrg">Sales Org</rule:Parameter></rule:RuleBinding><rule:RuleBinding lowThreshold="5" highThreshold="8" tableId="276_1545" ruleName="ZB_G14_CUST_CurrencyReference"><rule:Parameter name="$P_I_Currency">Currency</rule:Parameter></rule:RuleBinding><rule:RuleBinding lowThreshold="5" highThreshold="8" tableId="276_1545" ruleName="ZB_G14_CUST_CustomerGroupReference"><rule:Parameter name="$P_I_CustomerGroup">Customer group</rule:Parameter></rule:RuleBinding><rule:RuleBinding lowThreshold="5" highThreshold="8" tableId="276_1545" ruleName="ZB_G14_CUST_DistributionChannelReference"><rule:Parameter name="$P_I_DistributionChannel">Distr Channel</rule:Parameter></rule:RuleBinding><rule:RuleBinding lowThreshold="5" highThreshold="8" tableId="276_1545" ruleName="ZB_G14_CUST_DivisionReference"><rule:Parameter name="$P_I_Division">Division</rule:Parameter></rule:RuleBinding><rule:RuleBinding lowThreshold="5" highThreshold="8" tableId="276_1545" ruleName="ZB_G14_CUST_ExchangeRateTypeReference"><rule:Parameter name="$P_I_ExchRateType">Exch Rate Type</rule:Parameter></rule:RuleBinding><rule:RuleBinding lowThreshold="5" highThreshold="8" tableId="276_1545" ruleName="ZB_G14_CUST_PriceGroupReference"><rule:Parameter name="$P_I_PriceGroup">Price group</rule:Parameter></rule:RuleBinding><rule:RuleBinding lowThreshold="5" highThreshold="8" tableId="276_1545" ruleName="ZB_G14_CUST_PriceListTypeReference"><rule:Parameter name="$P_I_PriceListType">Cust Pric proc</rule:Parameter></rule:RuleBinding><rule:RuleBinding lowThreshold="5" highThreshold="8" tableId="276_1545" ruleName="ZB_G14_CUST_PriceListTypeReference"><rule:Parameter name="$P_I_PriceListType">Price List</rule:Parameter></rule:RuleBinding><rule:RuleBinding lowThreshold="5" highThreshold="8" tableId="276_1545" ruleName="ZB_G14_CUST_PricingProcedureReference"><rule:Parameter name="$P_I_PricingProcedure">Cust Pric proc</rule:Parameter></rule:RuleBinding><rule:RuleBinding lowThreshold="5" highThreshold="8" tableId="276_1545" ruleName="ZB_G14_CUST_ProductProposalProcedureReference"><rule:Parameter name="$P_I_ProductProposalProc">PP cust Proc</rule:Parameter></rule:RuleBinding><rule:RuleBinding lowThreshold="5" highThreshold="8" tableId="276_1545" ruleName="ZB_G14_CUST_SalesDistrictReference"><rule:Parameter name="$P_I_SalesDistrict">Sales District</rule:Parameter></rule:RuleBinding><rule:RuleBinding lowThreshold="5" highThreshold="8" tableId="276_1545" ruleName="ZB_G14_CUST_SalesGroupReference"><rule:Parameter name="$P_I_SalesGroup">Sales Group</rule:Parameter></rule:RuleBinding><rule:RuleBinding lowThreshold="5" highThreshold="8" tableId="276_1545" ruleName="ZB_G14_CUST_SalesOfficeReference"><rule:Parameter name="$P_I_SalesOffice">Sales Office</rule:Parameter></rule:RuleBinding><rule:RuleBinding lowThreshold="5" highThreshold="8" tableId="276_1545" ruleName="ZB_G14_CUST_SalesOrganizationReference"><rule:Parameter name="$P_I_SalesOrg">Sales Org</rule:Parameter></rule:RuleBinding><rule:RuleBinding lowThreshold="5" highThreshold="8" tableId="276_1545" ruleName="ZB_G14_CUST_StatisticeGroupReference"><rule:Parameter name="$P_I_StatisticsGroup">Cust Stats Grp</rule:Parameter></rule:RuleBinding><rule:RuleBinding lowThreshold="5" highThreshold="8" tableId="276_1545" ruleName="ZB_G14_CUST_UnitOfMeasureGroupReference"><rule:Parameter name="$P_I_UOMGroup">UoM group</rule:Parameter></rule:RuleBinding><rule:RelatedTables><vir:Table id="276_1545" xmlns:vir="http://www.sap.com/ICC/VirtualView"><vir:object_type>276</vir:object_type><vir:object_UID>1545</vir:object_UID><vir:qualified_table_name>Enterprise Project.ZB_G14_CUST_SalesAreaData_Sales</vir:qualified_table_name><vir:connection_name>Views</vir:connection_name><vir:schema_name/><vir:table_name>ZB_G14_CUST_SalesAreaData_Sales</vir:table_name></vir:Table></rule:RelatedTables></rule:RuleBindingExport>