<?xml version="1.0" encoding="utf-8" ?> <rule:RuleBindingExport version="14.1.1.220" xmlns:rule="http://www.sap.com/ICC/Rule"><rule:RuleBinding lowThreshold="5" highThreshold="8" tableId="276_1551" ruleName="ZB_G13_MATNR_GroupReference"><rule:Parameter name="$P_I_Group">Group</rule:Parameter></rule:RuleBinding><rule:RuleBinding lowThreshold="5" highThreshold="8" tableId="276_1551" ruleName="ZB_G13_MATNR_OriginGroupReference"><rule:Parameter name="$P_I_OriginGroup">Origin group</rule:Parameter></rule:RuleBinding><rule:RuleBinding lowThreshold="5" highThreshold="8" tableId="276_1551" ruleName="ZB_G13_MATNR_TaskListTypeReference"><rule:Parameter name="$P_I_TaskListType">Task List Type</rule:Parameter></rule:RuleBinding><rule:RuleBinding lowThreshold="5" highThreshold="8" tableId="276_1551" ruleName="ZB_G13_MATNR_VarianceKeyReference"><rule:Parameter name="$P_I_VarianceKey">Variance Key</rule:Parameter></rule:RuleBinding><rule:RelatedTables><vir:Table id="276_1551" xmlns:vir="http://www.sap.com/ICC/VirtualView"><vir:object_type>276</vir:object_type><vir:object_UID>1551</vir:object_UID><vir:qualified_table_name>Enterprise Project.ZB_G13_MATNR_Costing1</vir:qualified_table_name><vir:connection_name>Views</vir:connection_name><vir:schema_name/><vir:table_name>ZB_G13_MATNR_Costing1</vir:table_name></vir:Table></rule:RelatedTables></rule:RuleBindingExport>