<?xml version="1.0" encoding="utf-8" ?> <rule:RuleBindingExport version="14.1.1.220" xmlns:rule="http://www.sap.com/ICC/Rule"><rule:RuleBinding lowThreshold="5" highThreshold="8" tableId="276_1578" ruleName="ZB_G15_VNDR_ActualQMSystemReference"><rule:Parameter name="$P_I_ActuaQMSystem">Actual QM sys</rule:Parameter></rule:RuleBinding><rule:RuleBinding lowThreshold="5" highThreshold="8" tableId="276_1578" ruleName="ZB_G15_VNDR_CarrierFreightGroupReference"><rule:Parameter name="$P_I_CarrFrieghtGroup">Carrier freight grp</rule:Parameter></rule:RuleBinding><rule:RuleBinding lowThreshold="5" highThreshold="8" tableId="276_1578" ruleName="ZB_G15_VNDR_CustomerFiscalAddressReference"><rule:Parameter name="$P_I_FiscalAddress">Fiscal address</rule:Parameter></rule:RuleBinding><rule:RuleBinding lowThreshold="5" highThreshold="8" tableId="276_1578" ruleName="ZB_G15_VNDR_CustomerNumber1Reference"><rule:Parameter name="$P_I_CustomerNumber">Customer</rule:Parameter></rule:RuleBinding><rule:RuleBinding lowThreshold="5" highThreshold="8" tableId="276_1578" ruleName="ZB_G15_VNDR_IndustryReference"><rule:Parameter name="$P_I_Industry">Industry</rule:Parameter></rule:RuleBinding><rule:RuleBinding lowThreshold="5" highThreshold="8" tableId="276_1578" ruleName="ZB_G15_VNDR_PODRelevantDomainReference"><rule:Parameter name="$P_I_PODRelevant">POD relevant</rule:Parameter></rule:RuleBinding><rule:RuleBinding lowThreshold="5" highThreshold="8" tableId="276_1578" ruleName="ZB_G15_VNDR_ServiceAgentProcedureGroupReference"><rule:Parameter name="$P_I_ServiceAgentProcGroup">ServAgntProcGrp</rule:Parameter></rule:RuleBinding><rule:RuleBinding lowThreshold="5" highThreshold="8" tableId="276_1578" ruleName="ZB_G15_VNDR_SexDomainReference"><rule:Parameter name="$P_I_PODRelevant">Sex</rule:Parameter></rule:RuleBinding><rule:RuleBinding lowThreshold="5" highThreshold="8" tableId="276_1578" ruleName="ZB_G15_VNDR_TaxNumberReference"><rule:Parameter name="$P_I_TaxNumber">Tax Number 1</rule:Parameter></rule:RuleBinding><rule:RuleBinding lowThreshold="5" highThreshold="8" tableId="276_1578" ruleName="ZB_G15_VNDR_TaxNumberTypeReference"><rule:Parameter name="$P_I_TaxNumberType">Tax number type</rule:Parameter></rule:RuleBinding><rule:RuleBinding lowThreshold="5" highThreshold="8" tableId="276_1578" ruleName="ZB_G15_VNDR_TradingPartnerReference"><rule:Parameter name="$P_I_TradingPartner">Trading Partner</rule:Parameter></rule:RuleBinding><rule:RuleBinding lowThreshold="5" highThreshold="8" tableId="276_1578" ruleName="ZB_G15_VNDR_VendorFiscalAddressReference"><rule:Parameter name="$P_I_FiscalAddress">Fiscal address</rule:Parameter></rule:RuleBinding><rule:RelatedTables><vir:Table id="276_1578" xmlns:vir="http://www.sap.com/ICC/VirtualView"><vir:object_type>276</vir:object_type><vir:object_UID>1578</vir:object_UID><vir:qualified_table_name>Enterprise Project.ZB_G15_VNDR_GeneralData_Control</vir:qualified_table_name><vir:connection_name>Views</vir:connection_name><vir:schema_name/><vir:table_name>ZB_G15_VNDR_GeneralData_Control</vir:table_name></vir:Table></rule:RelatedTables></rule:RuleBindingExport>