<?xml version="1.0" encoding="utf-8" ?> <rule:RuleBindingExport version="14.1.1.220" xmlns:rule="http://www.sap.com/ICC/Rule"><rule:RuleBinding lowThreshold="5" highThreshold="8" tableId="276_1558" ruleName="ZB_G13_MATNR_MRPControllerExists"><rule:Parameter name="$P_I_MrpController">MRP Controller</rule:Parameter></rule:RuleBinding><rule:RuleBinding lowThreshold="5" highThreshold="8" tableId="276_1558" ruleName="ZB_G13_MATNR_MRPTypeExists"><rule:Parameter name="$P_I_MrpType">MRP Type</rule:Parameter></rule:RuleBinding><rule:RuleBinding lowThreshold="5" highThreshold="8" tableId="276_1558" ruleName="ZB_G13_MATNR_MaterialNumberExists"><rule:Parameter name="$P_I_Material">Material</rule:Parameter></rule:RuleBinding><rule:RuleBinding lowThreshold="5" highThreshold="8" tableId="276_1558" ruleName="ZB_G13_MATNR_MaterialTypeExists"><rule:Parameter name="$P_I_MaterialType">Material Type</rule:Parameter></rule:RuleBinding><rule:RuleBinding lowThreshold="5" highThreshold="8" tableId="276_1558" ruleName="ZB_G13_MATNR_LotSizeReference"><rule:Parameter name="$P_I_LotSize">Lot size</rule:Parameter></rule:RuleBinding><rule:RuleBinding lowThreshold="5" highThreshold="8" tableId="276_1558" ruleName="ZB_G13_MATNR_MRPControllerReference"><rule:Parameter name="$P_I_MRPController">MRP Controller</rule:Parameter></rule:RuleBinding><rule:RuleBinding lowThreshold="5" highThreshold="8" tableId="276_1558" ruleName="ZB_G13_MATNR_MRPGroupReference"><rule:Parameter name="$P_I_MRPGroup">MRP Group</rule:Parameter></rule:RuleBinding><rule:RuleBinding lowThreshold="5" highThreshold="8" tableId="276_1558" ruleName="ZB_G13_MATNR_MRPTypeReference"><rule:Parameter name="$P_I_MRPType">Material Type</rule:Parameter></rule:RuleBinding><rule:RuleBinding lowThreshold="5" highThreshold="8" tableId="276_1558" ruleName="ZB_G13_MATNR_PlanningCycleReference"><rule:Parameter name="$P_I_PlanningCycle">Planning cycle</rule:Parameter></rule:RuleBinding><rule:RuleBinding lowThreshold="5" highThreshold="8" tableId="276_1558" ruleName="ZB_G13_MATNR_StorageCostsIndicatorReference"><rule:Parameter name="$P_I_StorageCostsIndicator">Storage costs ind</rule:Parameter></rule:RuleBinding><rule:RuleBinding lowThreshold="5" highThreshold="8" tableId="276_1558" ruleName="ZB_G13_MATNR_StorageLocationReference"><rule:Parameter name="$P_I_StorageLocation">Storage Location</rule:Parameter></rule:RuleBinding><rule:RelatedTables><vir:Table id="276_1558" xmlns:vir="http://www.sap.com/ICC/VirtualView"><vir:object_type>276</vir:object_type><vir:object_UID>1558</vir:object_UID><vir:qualified_table_name>Enterprise Project.ZB_G13_MATNR_MRP1</vir:qualified_table_name><vir:connection_name>Views</vir:connection_name><vir:schema_name/><vir:table_name>ZB_G13_MATNR_MRP1</vir:table_name></vir:Table></rule:RelatedTables></rule:RuleBindingExport>