<?xml version="1.0" encoding="utf-8" ?> <rule:RuleBindingExport version="14.1.1.220" xmlns:rule="http://www.sap.com/ICC/Rule"><rule:RuleBinding lowThreshold="5" highThreshold="8" tableId="276_1563" ruleName="ZB_G13_MATNR_CatalogProfileReference"><rule:Parameter name="$P_I_CatalogProfile">Calalog profile</rule:Parameter></rule:RuleBinding><rule:RuleBinding lowThreshold="5" highThreshold="8" tableId="276_1563" ruleName="ZB_G13_MATNR_CertificateTypeRefeference"><rule:Parameter name="$P_I_CertificateType">Certificate type</rule:Parameter></rule:RuleBinding><rule:RuleBinding lowThreshold="5" highThreshold="8" tableId="276_1563" ruleName="ZB_G13_MATNR_QMControlKeyReference"><rule:Parameter name="$P_I_QMControlKey">QM control key</rule:Parameter></rule:RuleBinding><rule:RuleBinding lowThreshold="5" highThreshold="8" tableId="276_1563" ruleName="ZB_G13_MATNR_QMMaterialAuthorizationReference"><rule:Parameter name="$P_I_QMMatAuth">QM material auth</rule:Parameter></rule:RuleBinding><rule:RuleBinding lowThreshold="5" highThreshold="8" tableId="276_1563" ruleName="ZB_G13_MATNR_TargetQMSystemReference"><rule:Parameter name="$P_I_TargetQMSystem">Target QM system</rule:Parameter></rule:RuleBinding><rule:RelatedTables><vir:Table id="276_1563" xmlns:vir="http://www.sap.com/ICC/VirtualView"><vir:object_type>276</vir:object_type><vir:object_UID>1563</vir:object_UID><vir:qualified_table_name>Enterprise Project.ZB_G13_MATNR_QualityManagement</vir:qualified_table_name><vir:connection_name>Views</vir:connection_name><vir:schema_name/><vir:table_name>ZB_G13_MATNR_QualityManagement</vir:table_name></vir:Table></rule:RelatedTables></rule:RuleBindingExport>