<?xml version="1.0" encoding="utf-8" ?> <rule:RuleBindingExport version="14.1.1.220" xmlns:rule="http://www.sap.com/ICC/Rule"><rule:RuleBinding lowThreshold="5" highThreshold="8" tableId="276_1540" ruleName="ZB_G14_CUST_CivilianUseDomainReference"><rule:Parameter name="$P_I_CivilianUse">Mainly civilian usage</rule:Parameter></rule:RuleBinding><rule:RuleBinding lowThreshold="5" highThreshold="8" tableId="276_1540" ruleName="ZB_G14_CUST_MissiletechnologyDomainReference"><rule:Parameter name="$P_I_MissleTechnologyInd">Missle technology</rule:Parameter></rule:RuleBinding><rule:RuleBinding lowThreshold="5" highThreshold="8" tableId="276_1540" ruleName="ZB_G14_CUST_NationalSecurityIndicatorDomainRef"><rule:Parameter name="$P_I_NationalSecurityInd">National security</rule:Parameter></rule:RuleBinding><rule:RuleBinding lowThreshold="5" highThreshold="8" tableId="276_1540" ruleName="ZB_G14_CUST_NuclearNonproliferationDomainRef"><rule:Parameter name="$P_I_NuclearNonProliferation">Nuclear nonproliferation</rule:Parameter></rule:RuleBinding><rule:RuleBinding lowThreshold="5" highThreshold="8" tableId="276_1540" ruleName="ZB_G14_CUST_SDN_BoycottListDomainReference"><rule:Parameter name="$P_I_BoycottList">Boycott</rule:Parameter></rule:RuleBinding><rule:RuleBinding lowThreshold="5" highThreshold="8" tableId="276_1540" ruleName="ZB_G14_CUST_TDOBoycottListDomainReference"><rule:Parameter name="$P_I_TDOBoycottList">Boycott</rule:Parameter></rule:RuleBinding><rule:RelatedTables><vir:Table id="276_1540" xmlns:vir="http://www.sap.com/ICC/VirtualView"><vir:object_type>276</vir:object_type><vir:object_UID>1540</vir:object_UID><vir:qualified_table_name>Enterprise Project.ZB_G14_CUST_GeneralData_ExportData</vir:qualified_table_name><vir:connection_name>Views</vir:connection_name><vir:schema_name/><vir:table_name>ZB_G14_CUST_GeneralData_ExportData</vir:table_name></vir:Table></rule:RelatedTables></rule:RuleBindingExport>