<?xml version="1.0" encoding="utf-8" ?> <rule:RuleBindingExport version="14.1.1.220" xmlns:rule="http://www.sap.com/ICC/Rule"><rule:RuleBinding lowThreshold="5" highThreshold="8" tableId="276_1566" ruleName="ZB_G13_MATNR_AccountAssignmentGroupReference"><rule:Parameter name="$P_I_AcctAssgnGroup">Act assignment grp</rule:Parameter></rule:RuleBinding><rule:RuleBinding lowThreshold="5" highThreshold="8" tableId="276_1566" ruleName="ZB_G13_MATNR_CommissionGroupReference"><rule:Parameter name="$P_I_CommissionGroup">Commission group</rule:Parameter></rule:RuleBinding><rule:RuleBinding lowThreshold="5" highThreshold="8" tableId="276_1566" ruleName="ZB_G13_MATNR_DistributionChannelReference"><rule:Parameter name="$P_I_DistrChannel">Distr Chl</rule:Parameter></rule:RuleBinding><rule:RuleBinding lowThreshold="5" highThreshold="8" tableId="276_1566" ruleName="ZB_G13_MATNR_MaterialGroup1Reference"><rule:Parameter name="$P_I_MatGroup1">Material Group 1</rule:Parameter></rule:RuleBinding><rule:RuleBinding lowThreshold="5" highThreshold="8" tableId="276_1566" ruleName="ZB_G13_MATNR_MaterialGroup2Reference"><rule:Parameter name="$P_I_MatGroup2">Material Group 2</rule:Parameter></rule:RuleBinding><rule:RuleBinding lowThreshold="5" highThreshold="8" tableId="276_1566" ruleName="ZB_G13_MATNR_MaterialGroup3Reference"><rule:Parameter name="$P_I_MatGroup3">Material Group 3</rule:Parameter></rule:RuleBinding><rule:RuleBinding lowThreshold="5" highThreshold="8" tableId="276_1566" ruleName="ZB_G13_MATNR_MaterialGroup4Reference"><rule:Parameter name="$P_I_MatGroup4">Material Group 4</rule:Parameter></rule:RuleBinding><rule:RuleBinding lowThreshold="5" highThreshold="8" tableId="276_1566" ruleName="ZB_G13_MATNR_MaterialGroup5Reference"><rule:Parameter name="$P_I_MatGroup5">Material Group 5</rule:Parameter></rule:RuleBinding><rule:RuleBinding lowThreshold="5" highThreshold="8" tableId="276_1566" ruleName="ZB_G13_MATNR_MaterialPricingGroupReference"><rule:Parameter name="$P_I_MaterialPricingGroup">Material pricing grp</rule:Parameter></rule:RuleBinding><rule:RuleBinding lowThreshold="5" highThreshold="8" tableId="276_1566" ruleName="ZB_G13_MATNR_MaterialStatisticsGroupReference"><rule:Parameter name="$P_I_MatStatsGroups">Matl statistic grp</rule:Parameter></rule:RuleBinding><rule:RuleBinding lowThreshold="5" highThreshold="8" tableId="276_1566" ruleName="ZB_G13_MATNR_SalesOrganizationReference"><rule:Parameter name="$P_I_SalesOrg">Sales Org</rule:Parameter></rule:RuleBinding><rule:RuleBinding lowThreshold="5" highThreshold="8" tableId="276_1566" ruleName="ZB_G13_MATNR_VolumeRebateGroupReference"><rule:Parameter name="$P_I_VolRebateGroup">Volume rebate group</rule:Parameter></rule:RuleBinding><rule:RelatedTables><vir:Table id="276_1566" xmlns:vir="http://www.sap.com/ICC/VirtualView"><vir:object_type>276</vir:object_type><vir:object_UID>1566</vir:object_UID><vir:qualified_table_name>Enterprise Project.ZB_G13_MATNR_SalesOrg2</vir:qualified_table_name><vir:connection_name>Views</vir:connection_name><vir:schema_name/><vir:table_name>ZB_G13_MATNR_SalesOrg2</vir:table_name></vir:Table></rule:RelatedTables></rule:RuleBindingExport>