<?xml version="1.0" encoding="utf-8" ?> <rule:RuleBindingExport version="14.1.1.220" xmlns:rule="http://www.sap.com/ICC/Rule"><rule:RuleBinding lowThreshold="5" highThreshold="8" tableId="276_1535" ruleName="ZB_G14_CUST_PlanningGroupExists"><rule:Parameter name="$P_I_PlanningGroup">Cash mgmt group</rule:Parameter></rule:RuleBinding><rule:RuleBinding lowThreshold="5" highThreshold="8" tableId="276_1535" ruleName="ZB_G14_CUST_ReconAccountExists"><rule:Parameter name="$P_I_ReconAccount">Recon Account</rule:Parameter></rule:RuleBinding><rule:RuleBinding lowThreshold="5" highThreshold="8" tableId="276_1535" ruleName="ZB_G14_CUST_CashManagementGroupReference"><rule:Parameter name="$P_I_CashMgmtGroup">Cash mgmt group</rule:Parameter></rule:RuleBinding><rule:RuleBinding lowThreshold="5" highThreshold="8" tableId="276_1535" ruleName="ZB_G14_CUST_InterestCalculationIndicatorReference"><rule:Parameter name="$P_I_InterestCalcInd">Interest indic</rule:Parameter></rule:RuleBinding><rule:RuleBinding lowThreshold="5" highThreshold="8" tableId="276_1535" ruleName="ZB_G14_CUST_ReconciliationAccountReference"><rule:Parameter name="$P_I_ReconciliationAccount">Recon Account</rule:Parameter></rule:RuleBinding><rule:RuleBinding lowThreshold="5" highThreshold="8" tableId="276_1535" ruleName="ZB_G14_CUST_SortKeyReference"><rule:Parameter name="$P_I_SortKey">Sort key</rule:Parameter></rule:RuleBinding><rule:RuleBinding lowThreshold="5" highThreshold="8" tableId="276_1535" ruleName="ZB_G14_CUST_ValueAdjustmentKeyReference"><rule:Parameter name="$P_I_ValueAdjustment">Value adjustment</rule:Parameter></rule:RuleBinding><rule:RuleBinding lowThreshold="5" highThreshold="8" tableId="276_1535" ruleName="ZB_G14_CUST_InterestCycleDomainReference"><rule:Parameter name="$P_I_InterestCycle">Interest cycle</rule:Parameter></rule:RuleBinding><rule:RelatedTables><vir:Table id="276_1535" xmlns:vir="http://www.sap.com/ICC/VirtualView"><vir:object_type>276</vir:object_type><vir:object_UID>1535</vir:object_UID><vir:qualified_table_name>Enterprise Project.ZB_G14_CUST_CompanyCodeData_AccountManagement</vir:qualified_table_name><vir:connection_name>Views</vir:connection_name><vir:schema_name/><vir:table_name>ZB_G14_CUST_CompanyCodeData_AccountManagement</vir:table_name></vir:Table></rule:RelatedTables></rule:RuleBindingExport>