<?xml version="1.0" encoding="utf-8" ?> <rule:RuleBindingExport version="14.1.1.220" xmlns:rule="http://www.sap.com/ICC/Rule"><rule:RuleBinding lowThreshold="5" highThreshold="8" tableId="276_1537" ruleName="ZB_G14_CUST_TermsOfPaymentExists"><rule:Parameter name="$P_I_TermsOfPayment">Terms of payment</rule:Parameter></rule:RuleBinding><rule:RuleBinding lowThreshold="5" highThreshold="8" tableId="276_1537" ruleName="ZB_G14_CUST_CompanyCodeExists"><rule:Parameter name="$P_I_CompanyCode">Company Code</rule:Parameter></rule:RuleBinding><rule:RuleBinding lowThreshold="5" highThreshold="8" tableId="276_1537" ruleName="ZB_G14_CUST_BillOfExchangePaymentTermReference"><rule:Parameter name="$P_I_BePaymentTerm">B e charges payt term</rule:Parameter></rule:RuleBinding><rule:RuleBinding lowThreshold="5" highThreshold="8" tableId="276_1537" ruleName="ZB_G14_CUST_CustomerCompanyCodeReference"><rule:Parameter name="$P_I_CompanyCode">Company Code</rule:Parameter></rule:RuleBinding><rule:RuleBinding lowThreshold="5" highThreshold="8" tableId="276_1537" ruleName="ZB_G14_CUST_GroupingKeyReference"><rule:Parameter name="$P_I_GroupingKey">Grouping key</rule:Parameter></rule:RuleBinding><rule:RuleBinding lowThreshold="5" highThreshold="8" tableId="276_1537" ruleName="ZB_G14_CUST_HouseBankReference"><rule:Parameter name="$P_I_HouseBank">House Bank</rule:Parameter></rule:RuleBinding><rule:RuleBinding lowThreshold="5" highThreshold="8" tableId="276_1537" ruleName="ZB_G14_CUST_LockBoxReference"><rule:Parameter name="$P_I_Lockbox">Lockbox</rule:Parameter></rule:RuleBinding><rule:RuleBinding lowThreshold="5" highThreshold="8" tableId="276_1537" ruleName="ZB_G14_CUST_NextPayeeReference"><rule:Parameter name="$P_I_NextPayee">Next payee</rule:Parameter></rule:RuleBinding><rule:RuleBinding lowThreshold="5" highThreshold="8" tableId="276_1537" ruleName="ZB_G14_CUST_PaymentBlockReference"><rule:Parameter name="$P_I_PaymentBlock">Payment block</rule:Parameter></rule:RuleBinding><rule:RuleBinding lowThreshold="5" highThreshold="8" tableId="276_1537" ruleName="ZB_G14_CUST_PaymentMethodReference"><rule:Parameter name="$P_I_PaymentMethod">Payment methods</rule:Parameter></rule:RuleBinding><rule:RuleBinding lowThreshold="5" highThreshold="8" tableId="276_1537" ruleName="ZB_G14_CUST_ReasonCodeConversionReference"><rule:Parameter name="$P_I_ReasonCodeConversion">Rsn Code conv</rule:Parameter></rule:RuleBinding><rule:RuleBinding lowThreshold="5" highThreshold="8" tableId="276_1537" ruleName="ZB_G14_CUST_SelectionRuleReference"><rule:Parameter name="$P_I_SelectionRule">Selection rule</rule:Parameter></rule:RuleBinding><rule:RuleBinding lowThreshold="5" highThreshold="8" tableId="276_1537" ruleName="ZB_G14_CUST_TermsOfPaymentReference"><rule:Parameter name="$P_I_TermsOfPayment">Terms of payment</rule:Parameter></rule:RuleBinding><rule:RuleBinding lowThreshold="5" highThreshold="8" tableId="276_1537" ruleName="ZB_G14_CUST_ToleranceGroupReference"><rule:Parameter name="$P_I_ToleranceGroup">Tolerance group</rule:Parameter></rule:RuleBinding><rule:RelatedTables><vir:Table id="276_1537" xmlns:vir="http://www.sap.com/ICC/VirtualView"><vir:object_type>276</vir:object_type><vir:object_UID>1537</vir:object_UID><vir:qualified_table_name>Enterprise Project.ZB_G14_CUST_CompanyCodeData_PaymentTransactions</vir:qualified_table_name><vir:connection_name>Views</vir:connection_name><vir:schema_name/><vir:table_name>ZB_G14_CUST_CompanyCodeData_PaymentTransactions</vir:table_name></vir:Table></rule:RelatedTables></rule:RuleBindingExport>