<?xml version="1.0" encoding="utf-8" ?> <rule:RuleBindingExport version="14.1.1.220" xmlns:rule="http://www.sap.com/ICC/Rule"><rule:RuleBinding lowThreshold="5" highThreshold="8" tableId="276_1536" ruleName="ZB_G14_CUST_AccountingClerkReference"><rule:Parameter name="$P_I_AccountingClerk">Acctg clerk</rule:Parameter></rule:RuleBinding><rule:RuleBinding lowThreshold="5" highThreshold="8" tableId="276_1536" ruleName="ZB_G14_CUST_BankStatementIndicatorReference"><rule:Parameter name="$P_I_BankStmtInd">Bank statement</rule:Parameter></rule:RuleBinding><rule:RuleBinding lowThreshold="5" highThreshold="8" tableId="276_1536" ruleName="ZB_G14_CUST_DunningBlockReference"><rule:Parameter name="$P_I_DunningBlock">Dunning block</rule:Parameter></rule:RuleBinding><rule:RuleBinding lowThreshold="5" highThreshold="8" tableId="276_1536" ruleName="ZB_G14_CUST_DunningClerkReference"><rule:Parameter name="$P_I_DunningClerk">Dunning clerk</rule:Parameter></rule:RuleBinding><rule:RuleBinding lowThreshold="5" highThreshold="8" tableId="276_1536" ruleName="ZB_G14_CUST_DunningNoticeGroupingKeyReference"><rule:Parameter name="$P_I_DunningNoticeGroupingkey">Grouping key</rule:Parameter></rule:RuleBinding><rule:RuleBinding lowThreshold="5" highThreshold="8" tableId="276_1536" ruleName="ZB_G14_CUST_DunningProcedureReference"><rule:Parameter name="$P_I_DunningProcedure">Dunn Procedure</rule:Parameter></rule:RuleBinding><rule:RuleBinding lowThreshold="5" highThreshold="8" tableId="276_1536" ruleName="ZB_G14_CUST_DunningRecipientReference"><rule:Parameter name="$P_I_DunningRecipient">Dunn Recipient</rule:Parameter></rule:RuleBinding><rule:RelatedTables><vir:Table id="276_1536" xmlns:vir="http://www.sap.com/ICC/VirtualView"><vir:object_type>276</vir:object_type><vir:object_UID>1536</vir:object_UID><vir:qualified_table_name>Enterprise Project.ZB_G14_CUST_CompanyCodeData_Correspondence</vir:qualified_table_name><vir:connection_name>Views</vir:connection_name><vir:schema_name/><vir:table_name>ZB_G14_CUST_CompanyCodeData_Correspondence</vir:table_name></vir:Table></rule:RelatedTables></rule:RuleBindingExport>