<?xml version="1.0" encoding="utf-8" ?> <rule:RuleBindingExport version="14.1.1.220" xmlns:rule="http://www.sap.com/ICC/Rule"><rule:RuleBinding lowThreshold="5" highThreshold="8" tableId="276_1557" ruleName="ZB_G13_MATNR_DistributionProfileReference"><rule:Parameter name="$P_I_DistributionProfile">Distr Profile</rule:Parameter></rule:RuleBinding><rule:RuleBinding lowThreshold="5" highThreshold="8" tableId="276_1557" ruleName="ZB_G13_MATNR_LogHandlingGroupReference"><rule:Parameter name="$P_I_LogHandlingGroup">Log Handling group</rule:Parameter></rule:RuleBinding><rule:RuleBinding lowThreshold="5" highThreshold="8" tableId="276_1557" ruleName="ZB_G13_MATNR_SerialNoLevelDomainReference"><rule:Parameter name="$P_I_SerialNoDomain">SerLevel</rule:Parameter></rule:RuleBinding><rule:RuleBinding lowThreshold="5" highThreshold="8" tableId="276_1557" ruleName="ZB_G13_MATNR_SerialNumberProfileReference"><rule:Parameter name="$P_I_SerialNoProfile">Serial no profile</rule:Parameter></rule:RuleBinding><rule:RelatedTables><vir:Table id="276_1557" xmlns:vir="http://www.sap.com/ICC/VirtualView"><vir:object_type>276</vir:object_type><vir:object_UID>1557</vir:object_UID><vir:qualified_table_name>Enterprise Project.ZB_G13_MATNR_GeneralPlantData_Storage2</vir:qualified_table_name><vir:connection_name>Views</vir:connection_name><vir:schema_name/><vir:table_name>ZB_G13_MATNR_GeneralPlantData_Storage2</vir:table_name></vir:Table></rule:RelatedTables></rule:RuleBindingExport>