<?xml version="1.0" encoding="utf-8" ?> <rule:RuleBindingExport version="14.1.1.220" xmlns:rule="http://www.sap.com/ICC/Rule"><rule:RuleBinding lowThreshold="5" highThreshold="8" tableId="276_1567" ruleName="ZB_G13_MATNR_WarehouseNumberExists"><rule:Parameter name="$P_I_WarehouseNumber">Warehouse Number</rule:Parameter></rule:RuleBinding><rule:RuleBinding lowThreshold="5" highThreshold="8" tableId="276_1567" ruleName="ZB_G13_MATNR_BulkStorageRefeference"><rule:Parameter name="$P_I_BulkStorage">Bulk storage</rule:Parameter></rule:RuleBinding><rule:RuleBinding lowThreshold="5" highThreshold="8" tableId="276_1567" ruleName="ZB_G13_MATNR_PickingStorageTypeReference"><rule:Parameter name="$P_I_Warehouse">Picking storage type</rule:Parameter></rule:RuleBinding><rule:RuleBinding lowThreshold="5" highThreshold="8" tableId="276_1567" ruleName="ZB_G13_MATNR_ProposedUOMfromMatDomainReference"><rule:Parameter name="$P_I_ProposedUOM">Proposed UoM frm mat</rule:Parameter></rule:RuleBinding><rule:RuleBinding lowThreshold="5" highThreshold="8" tableId="276_1567" ruleName="ZB_G13_MATNR_StockRemovalorReplacementReference"><rule:Parameter name="$P_I_StockRemovalReplacement">Stock removal</rule:Parameter></rule:RuleBinding><rule:RuleBinding lowThreshold="5" highThreshold="8" tableId="276_1567" ruleName="ZB_G13_MATNR_StockRemovalorReplacementReference"><rule:Parameter name="$P_I_StockRemovalReplacement">Stock replacement</rule:Parameter></rule:RuleBinding><rule:RuleBinding lowThreshold="5" highThreshold="8" tableId="276_1567" ruleName="ZB_G13_MATNR_StorageSectionIndicatorReference"><rule:Parameter name="$P_I_StorageSectionIndicator">Storage Section Ind</rule:Parameter></rule:RuleBinding><rule:RuleBinding lowThreshold="5" highThreshold="8" tableId="276_1567" ruleName="ZB_G13_MATNR_SpecialMovementReference"><rule:Parameter name="$P_I_SpecialMovement">Special movement</rule:Parameter></rule:RuleBinding><rule:RelatedTables><vir:Table id="276_1567" xmlns:vir="http://www.sap.com/ICC/VirtualView"><vir:object_type>276</vir:object_type><vir:object_UID>1567</vir:object_UID><vir:qualified_table_name>Enterprise Project.ZB_G13_MATNR_WarehouseManagement1</vir:qualified_table_name><vir:connection_name>Views</vir:connection_name><vir:schema_name/><vir:table_name>ZB_G13_MATNR_WarehouseManagement1</vir:table_name></vir:Table></rule:RelatedTables></rule:RuleBindingExport>