<?xml version="1.0" encoding="utf-8" ?> <rule:RuleBindingExport version="14.1.1.220" xmlns:rule="http://www.sap.com/ICC/Rule"><rule:RuleBinding lowThreshold="5" highThreshold="8" tableId="276_1562" ruleName="ZB_G13_MATNR_PurchasingGroupExists"><rule:Parameter name="$P_I_PurchasingGroup">Purchasing Group</rule:Parameter></rule:RuleBinding><rule:RuleBinding lowThreshold="5" highThreshold="8" tableId="276_1562" ruleName="ZB_G13_MATNR_JITSchedulingIndicatordomainReference"><rule:Parameter name="$P_I_JITSchedulingInd">JIT Sched Indicator</rule:Parameter></rule:RuleBinding><rule:RuleBinding lowThreshold="5" highThreshold="8" tableId="276_1562" ruleName="ZB_G13_MATNR_ManufacturerReference"><rule:Parameter name="$P_I_Manufacturer">Manufact</rule:Parameter></rule:RuleBinding><rule:RuleBinding lowThreshold="5" highThreshold="8" tableId="276_1562" ruleName="ZB_G13_MATNR_MaterialFrieghtGroupReference"><rule:Parameter name="$P_I_FreightGroup">Material frieght grp</rule:Parameter></rule:RuleBinding><rule:RuleBinding lowThreshold="5" highThreshold="8" tableId="276_1562" ruleName="ZB_G13_MATNR_OBManagementDomainReference"><rule:Parameter name="$P_I_OBManagement">OB Management</rule:Parameter></rule:RuleBinding><rule:RuleBinding lowThreshold="5" highThreshold="8" tableId="276_1562" ruleName="ZB_G13_MATNR_PlantSpecificMaterialStatusReference"><rule:Parameter name="$P_I_PlantSpMatlStatus">Plant sp Matl status</rule:Parameter></rule:RuleBinding><rule:RuleBinding lowThreshold="5" highThreshold="8" tableId="276_1562" ruleName="ZB_G13_MATNR_PurchasingGroupReference"><rule:Parameter name="$P_I_PurchasingGroup">Purchasing Group</rule:Parameter></rule:RuleBinding><rule:RuleBinding lowThreshold="5" highThreshold="8" tableId="276_1562" ruleName="ZB_G13_MATNR_PurchasingValueKeyReference"><rule:Parameter name="$P_I_PurchasingValueKey">Purchasing value key</rule:Parameter></rule:RuleBinding><rule:RuleBinding lowThreshold="5" highThreshold="8" tableId="276_1562" ruleName="ZB_G13_MATNR_QualforFreeGoodsDiscDomainReference"><rule:Parameter name="$P_I_QualForFreeGoodsDis">Qual for Free Goods Discount</rule:Parameter></rule:RuleBinding><rule:RuleBinding lowThreshold="5" highThreshold="8" tableId="276_1562" ruleName="ZB_G13_MATNR_QuotaArrangementUsageReference"><rule:Parameter name="$P_I_QuotaArrangementUsage">Quota arr usage</rule:Parameter></rule:RuleBinding><rule:RelatedTables><vir:Table id="276_1562" xmlns:vir="http://www.sap.com/ICC/VirtualView"><vir:object_type>276</vir:object_type><vir:object_UID>1562</vir:object_UID><vir:qualified_table_name>Enterprise Project.ZB_G13_MATNR_Purchasing</vir:qualified_table_name><vir:connection_name>Views</vir:connection_name><vir:schema_name/><vir:table_name>ZB_G13_MATNR_Purchasing</vir:table_name></vir:Table></rule:RelatedTables></rule:RuleBindingExport>