<?xml version="1.0" encoding="utf-8" ?> <rule:RuleBindingExport version="14.1.1.220" xmlns:rule="http://www.sap.com/ICC/Rule"><rule:RuleBinding lowThreshold="5" highThreshold="8" tableId="276_1561" ruleName="ZB_G13_MATNR_ActionControlReference"><rule:Parameter name="$P_I_ActionControl">Action control</rule:Parameter></rule:RuleBinding><rule:RuleBinding lowThreshold="5" highThreshold="8" tableId="276_1561" ruleName="ZB_G13_MATNR_DiscontinuationIndDomainReference"><rule:Parameter name="$P_I_DiscontinuationInd">Diccontin Ind</rule:Parameter></rule:RuleBinding><rule:RuleBinding lowThreshold="5" highThreshold="8" tableId="276_1561" ruleName="ZB_G13_MATNR_MRPDependentReqDomainReference"><rule:Parameter name="$P_I_MRPDependent">MRP dep requirements</rule:Parameter></rule:RuleBinding><rule:RuleBinding lowThreshold="5" highThreshold="8" tableId="276_1561" ruleName="ZB_G13_MATNR_PushDistributionDomainReference"><rule:Parameter name="$P_I_PushDistribution">Push distribution</rule:Parameter></rule:RuleBinding><rule:RuleBinding lowThreshold="5" highThreshold="8" tableId="276_1561" ruleName="ZB_G13_MATNR_REMProfileReference"><rule:Parameter name="$P_I_REMProfile">REM profile</rule:Parameter></rule:RuleBinding><rule:RuleBinding lowThreshold="5" highThreshold="8" tableId="276_1561" ruleName="ZB_G13_MATNR_RequirementsGroupDomainReference"><rule:Parameter name="$P_I_RequirementGroup">Requirements group</rule:Parameter></rule:RuleBinding><rule:RuleBinding lowThreshold="5" highThreshold="8" tableId="276_1561" ruleName="ZB_G13_MATNR_SelectionMethodDomainReference"><rule:Parameter name="$P_I_SelectionMethod">Selection Method</rule:Parameter></rule:RuleBinding><rule:RuleBinding lowThreshold="5" highThreshold="8" tableId="276_1561" ruleName="ZB_G13_MATNR_SlocMRPIndicatorDomainReference"><rule:Parameter name="$P_I_StorageLocMRP_ind">Sloc MRP Indicator</rule:Parameter></rule:RuleBinding><rule:RelatedTables><vir:Table id="276_1561" xmlns:vir="http://www.sap.com/ICC/VirtualView"><vir:object_type>276</vir:object_type><vir:object_UID>1561</vir:object_UID><vir:qualified_table_name>Enterprise Project.ZB_G13_MATNR_MRP4</vir:qualified_table_name><vir:connection_name>Views</vir:connection_name><vir:schema_name/><vir:table_name>ZB_G13_MATNR_MRP4</vir:table_name></vir:Table></rule:RelatedTables></rule:RuleBindingExport>