<?xml version="1.0" encoding="utf-8" ?> <rule:RuleBindingExport version="14.1.1.220" xmlns:rule="http://www.sap.com/ICC/Rule"><rule:RuleBinding lowThreshold="5" highThreshold="8" tableId="276_1564" ruleName="ZB_G13_MATNR_AvailabilityCheckExists"><rule:Parameter name="$P_I_AvailabilityCheck">Availability Check</rule:Parameter></rule:RuleBinding><rule:RuleBinding lowThreshold="5" highThreshold="8" tableId="276_1564" ruleName="ZB_G13_MATNR_LoadingGroupExists"><rule:Parameter name="$P_I_LoadingGroup">Loading Grp</rule:Parameter></rule:RuleBinding><rule:RuleBinding lowThreshold="5" highThreshold="8" tableId="276_1564" ruleName="ZB_G13_MATNR_TransportationGroupExists"><rule:Parameter name="$P_I_TransportationGroup">Trans Grp</rule:Parameter></rule:RuleBinding><rule:RuleBinding lowThreshold="5" highThreshold="8" tableId="276_1564" ruleName="ZB_G13_MATNR_AvailabilityCheckReference"><rule:Parameter name="$P_I_Availability_check">Availability Check</rule:Parameter></rule:RuleBinding><rule:RuleBinding lowThreshold="5" highThreshold="8" tableId="276_1564" ruleName="ZB_G13_MATNR_LoadingGroupReference"><rule:Parameter name="$P_I_LoadingGroup">Loading Grp</rule:Parameter></rule:RuleBinding><rule:RuleBinding lowThreshold="5" highThreshold="8" tableId="276_1564" ruleName="ZB_G13_MATNR_PlantReference"><rule:Parameter name="$P_I_Plant">Plant</rule:Parameter></rule:RuleBinding><rule:RuleBinding lowThreshold="5" highThreshold="8" tableId="276_1564" ruleName="ZB_G13_MATNR_TransportationGroupReference"><rule:Parameter name="$P_I_TransportationGroup">Trans Grp</rule:Parameter></rule:RuleBinding><rule:RelatedTables><vir:Table id="276_1564" xmlns:vir="http://www.sap.com/ICC/VirtualView"><vir:object_type>276</vir:object_type><vir:object_UID>1564</vir:object_UID><vir:qualified_table_name>Enterprise Project.ZB_G13_MATNR_SalesGeneral_PlantData</vir:qualified_table_name><vir:connection_name>Views</vir:connection_name><vir:schema_name/><vir:table_name>ZB_G13_MATNR_SalesGeneral_PlantData</vir:table_name></vir:Table></rule:RelatedTables></rule:RuleBindingExport>