<?xml version="1.0" encoding="utf-8" ?> <rule:RuleBindingExport version="14.1.1.220" xmlns:rule="http://www.sap.com/ICC/Rule"><rule:RuleBinding lowThreshold="5" highThreshold="8" tableId="276_1547" ruleName="ZB_G13_MATNR_PriceControlExists"><rule:Parameter name="$P_I_PriceControl">Price control</rule:Parameter></rule:RuleBinding><rule:RuleBinding lowThreshold="5" highThreshold="8" tableId="276_1547" ruleName="ZB_G13_MATNR_PriceUnitExists"><rule:Parameter name="$P_I_PriceUnit">Price unit</rule:Parameter></rule:RuleBinding><rule:RuleBinding lowThreshold="5" highThreshold="8" tableId="276_1547" ruleName="ZB_G13_MATNR_PriceControlDomainReference"><rule:Parameter name="$P_I_PriceControl">Price control</rule:Parameter></rule:RuleBinding><rule:RuleBinding lowThreshold="5" highThreshold="8" tableId="276_1547" ruleName="ZB_G13_MATNR_PriceDeterminationDomainReference"><rule:Parameter name="$P_I_PriceDetermination">Price determ</rule:Parameter></rule:RuleBinding><rule:RuleBinding lowThreshold="5" highThreshold="8" tableId="276_1547" ruleName="ZB_G13_MATNR_ValuationCategoryReference"><rule:Parameter name="$P_I_ValuationCategory">Valuation Category</rule:Parameter></rule:RuleBinding><rule:RuleBinding lowThreshold="5" highThreshold="8" tableId="276_1547" ruleName="ZB_G13_MATNR_ValuationClassReference"><rule:Parameter name="$P_I_ValuationClass">Valuation Class</rule:Parameter></rule:RuleBinding><rule:RelatedTables><vir:Table id="276_1547" xmlns:vir="http://www.sap.com/ICC/VirtualView"><vir:object_type>276</vir:object_type><vir:object_UID>1547</vir:object_UID><vir:qualified_table_name>Enterprise Project.ZB_G13_MATNR_Accounting1</vir:qualified_table_name><vir:connection_name>Views</vir:connection_name><vir:schema_name/><vir:table_name>ZB_G13_MATNR_Accounting1</vir:table_name></vir:Table></rule:RelatedTables></rule:RuleBindingExport>