<?xml version="1.0" encoding="utf-8" ?> <rule:RuleBindingExport version="14.1.1.220" xmlns:rule="http://www.sap.com/ICC/Rule"><rule:RuleBinding lowThreshold="5" highThreshold="8" tableId="276_1543" ruleName="ZB_G14_CUST_TaxCategoryExists"><rule:Parameter name="$P_I_TaxCategory">Tax Category</rule:Parameter></rule:RuleBinding><rule:RuleBinding lowThreshold="5" highThreshold="8" tableId="276_1543" ruleName="ZB_G14_CUST_TaxClassificationExists"><rule:Parameter name="$P_I_TaxClassification">Tax Classification</rule:Parameter></rule:RuleBinding><rule:RuleBinding lowThreshold="5" highThreshold="8" tableId="276_1543" ruleName="ZB_G14_CUST_TaxDepartureCountryExists"><rule:Parameter name="$P_I_Country">Country</rule:Parameter></rule:RuleBinding><rule:RuleBinding lowThreshold="5" highThreshold="8" tableId="276_1543" ruleName="ZB_G14_CUST_LicenseNumberExists"><rule:Parameter name="$P_I_LicenseNumber">License No</rule:Parameter></rule:RuleBinding><rule:RuleBinding lowThreshold="5" highThreshold="8" tableId="276_1543" ruleName="ZB_G14_CUST_LicenseValidFromDateExists"><rule:Parameter name="$P_I_LicenseValidFromDate">Valid frm</rule:Parameter></rule:RuleBinding><rule:RuleBinding lowThreshold="5" highThreshold="8" tableId="276_1543" ruleName="ZB_G14_CUST_LicensevalidToDateExists"><rule:Parameter name="$P_I_LicenseValidToDate">Valid to</rule:Parameter></rule:RuleBinding><rule:RuleBinding lowThreshold="5" highThreshold="8" tableId="276_1543" ruleName="ZB_G14_CUST_AccountAssignmentGroupReference"><rule:Parameter name="$P_I_AccountAssignmentGroup">Acct assgmt group</rule:Parameter></rule:RuleBinding><rule:RuleBinding lowThreshold="5" highThreshold="8" tableId="276_1543" ruleName="ZB_G14_CUST_IncotermsPart1Reference"><rule:Parameter name="$P_I_Incoterms">Incoterms part 1</rule:Parameter></rule:RuleBinding><rule:RuleBinding lowThreshold="5" highThreshold="8" tableId="276_1543" ruleName="ZB_G14_CUST_InvoicingDateReference"><rule:Parameter name="$P_I_InvoicingDate">Invoicing dates</rule:Parameter></rule:RuleBinding><rule:RuleBinding lowThreshold="5" highThreshold="8" tableId="276_1543" ruleName="ZB_G14_CUST_TaxCategoryReference"><rule:Parameter name="$P_I_TaxCategory">Tax Category</rule:Parameter></rule:RuleBinding><rule:RuleBinding lowThreshold="5" highThreshold="8" tableId="276_1543" ruleName="ZB_G14_CUST_TaxClassificationReference"><rule:Parameter name="$P_I_TaxClassification">Tax Classification</rule:Parameter></rule:RuleBinding><rule:RelatedTables><vir:Table id="276_1543" xmlns:vir="http://www.sap.com/ICC/VirtualView"><vir:object_type>276</vir:object_type><vir:object_UID>1543</vir:object_UID><vir:qualified_table_name>Enterprise Project.ZB_G14_CUST_SalesAreaData_BillingDocuments</vir:qualified_table_name><vir:connection_name>Views</vir:connection_name><vir:schema_name/><vir:table_name>ZB_G14_CUST_SalesAreaData_BillingDocuments</vir:table_name></vir:Table></rule:RelatedTables></rule:RuleBindingExport>