<?xml version="1.0" encoding="utf-8" ?> <rule:RuleBindingExport version="14.1.1.220" xmlns:rule="http://www.sap.com/ICC/Rule"><rule:RuleBinding lowThreshold="5" highThreshold="8" tableId="276_1577" ruleName="ZB_G15_VNDR_AccountGroupExists"><rule:Parameter name="$P_I_AccountGroup">Account group</rule:Parameter></rule:RuleBinding><rule:RuleBinding lowThreshold="5" highThreshold="8" tableId="276_1577" ruleName="ZB_G15_VNDR_ConfirmationControlReference"><rule:Parameter name="$P_I_ConfirmationControl">Confirmation control</rule:Parameter></rule:RuleBinding><rule:RuleBinding lowThreshold="5" highThreshold="8" tableId="276_1577" ruleName="ZB_G15_VNDR_CurrencyReference"><rule:Parameter name="$P_I_Currency">Order currency</rule:Parameter></rule:RuleBinding><rule:RuleBinding lowThreshold="5" highThreshold="8" tableId="276_1577" ruleName="ZB_G15_VNDR_IncotermsPart1Reference"><rule:Parameter name="$P_I_Incoterms">Incoterms 1</rule:Parameter></rule:RuleBinding><rule:RuleBinding lowThreshold="5" highThreshold="8" tableId="276_1577" ruleName="ZB_G15_VNDR_OfficeOfEntryReference"><rule:Parameter name="$P_I_OfficeOfEntry">Office of entry</rule:Parameter></rule:RuleBinding><rule:RuleBinding lowThreshold="5" highThreshold="8" tableId="276_1577" ruleName="ZB_G15_VNDR_OrderOptimizationRestVendorReference"><rule:Parameter name="$P_I_OrderOptRest">Order optim rest</rule:Parameter></rule:RuleBinding><rule:RuleBinding lowThreshold="5" highThreshold="8" tableId="276_1577" ruleName="ZB_G15_VNDR_PROACTControlProfileData"><rule:Parameter name="$P_I_ProactControlProfile">PROACT control prof</rule:Parameter></rule:RuleBinding><rule:RuleBinding lowThreshold="5" highThreshold="8" tableId="276_1577" ruleName="ZB_G15_VNDR_PriceMarkingAgreedReference"><rule:Parameter name="$P_I_PriceMarkingAgreed">Price marking agreed</rule:Parameter></rule:RuleBinding><rule:RuleBinding lowThreshold="5" highThreshold="8" tableId="276_1577" ruleName="ZB_G15_VNDR_PricingDateControlDomainReference"><rule:Parameter name="$P_I_PricingDateControl">Pricing Date control</rule:Parameter></rule:RuleBinding><rule:RuleBinding lowThreshold="5" highThreshold="8" tableId="276_1577" ruleName="ZB_G15_VNDR_PurchasingGroupReference"><rule:Parameter name="$P_I_PurchasingGroup">Purchasing group default matr.</rule:Parameter></rule:RuleBinding><rule:RuleBinding lowThreshold="5" highThreshold="8" tableId="276_1577" ruleName="ZB_G15_VNDR_SchemaGroupVendorReference"><rule:Parameter name="$P_I_SchemaGroupVendor">Schema group Vendor</rule:Parameter></rule:RuleBinding><rule:RuleBinding lowThreshold="5" highThreshold="8" tableId="276_1577" ruleName="ZB_G15_VNDR_SortCriterionDomainReference"><rule:Parameter name="$P_I_SortCriterion">Sort criterion</rule:Parameter></rule:RuleBinding><rule:RuleBinding lowThreshold="5" highThreshold="8" tableId="276_1577" ruleName="ZB_G15_VNDR_TermsOfPaymentReference"><rule:Parameter name="$P_I_TermsOfPayment">Terms of payment</rule:Parameter></rule:RuleBinding><rule:RuleBinding lowThreshold="5" highThreshold="8" tableId="276_1577" ruleName="ZB_G15_VNDR_UnitOfMeasureGroupReference"><rule:Parameter name="$P_I_UOMGroup">Unit of measure group</rule:Parameter></rule:RuleBinding><rule:RelatedTables><vir:Table id="276_1577" xmlns:vir="http://www.sap.com/ICC/VirtualView"><vir:object_type>276</vir:object_type><vir:object_UID>1577</vir:object_UID><vir:qualified_table_name>Enterprise Project.ZB_G15_VNDR_Purchasing</vir:qualified_table_name><vir:connection_name>Views</vir:connection_name><vir:schema_name/><vir:table_name>ZB_G15_VNDR_Purchasing</vir:table_name></vir:Table></rule:RelatedTables></rule:RuleBindingExport>