<?xml version="1.0" encoding="utf-8" ?> <rule:RuleBindingExport version="14.1.1.220" xmlns:rule="http://www.sap.com/ICC/Rule"><rule:RuleBinding lowThreshold="5" highThreshold="8" tableId="276_1559" ruleName="ZB_G13_MATNR_BatchEntryDomainReference"><rule:Parameter name="$P_I_BatchEntryDomain">Batch entry</rule:Parameter></rule:RuleBinding><rule:RuleBinding lowThreshold="5" highThreshold="8" tableId="276_1559" ruleName="ZB_G13_MATNR_CoverageProfileReference"><rule:Parameter name="$P_I_CoverageProfile">Coverage profile</rule:Parameter></rule:RuleBinding><rule:RuleBinding lowThreshold="5" highThreshold="8" tableId="276_1559" ruleName="ZB_G13_MATNR_ProcurementTypeDomainReference"><rule:Parameter name="$P_I_ProcurementType">Procurement type</rule:Parameter></rule:RuleBinding><rule:RuleBinding lowThreshold="5" highThreshold="8" tableId="276_1559" ruleName="ZB_G13_MATNR_SafetyTimeIndicatorDomainReference"><rule:Parameter name="$P_I_SafetyTimeInd">Safety time ind</rule:Parameter></rule:RuleBinding><rule:RuleBinding lowThreshold="5" highThreshold="8" tableId="276_1559" ruleName="ZB_G13_MATNR_SchedulingMarginKeyReference"><rule:Parameter name="$P_I_SchedulingMarginKey">SchedMargin key</rule:Parameter></rule:RuleBinding><rule:RelatedTables><vir:Table id="276_1559" xmlns:vir="http://www.sap.com/ICC/VirtualView"><vir:object_type>276</vir:object_type><vir:object_UID>1559</vir:object_UID><vir:qualified_table_name>Enterprise Project.ZB_G13_MATNR_MRP2</vir:qualified_table_name><vir:connection_name>Views</vir:connection_name><vir:schema_name/><vir:table_name>ZB_G13_MATNR_MRP2</vir:table_name></vir:Table></rule:RelatedTables></rule:RuleBindingExport>