<?xml version="1.0" encoding="utf-8" ?> <rule:RuleBindingExport version="14.1.1.220" xmlns:rule="http://www.sap.com/ICC/Rule"><rule:RuleBinding lowThreshold="5" highThreshold="8" tableId="276_1554" ruleName="ZB_G13_MATNR_CommodityorImportCodeReference"><rule:Parameter name="$P_I_CommImportCode">Comm imp Code no</rule:Parameter></rule:RuleBinding><rule:RuleBinding lowThreshold="5" highThreshold="8" tableId="276_1554" ruleName="ZB_G13_MATNR_ControlCodeReference"><rule:Parameter name="$P_I_ControlCode">Control Code</rule:Parameter></rule:RuleBinding><rule:RuleBinding lowThreshold="5" highThreshold="8" tableId="276_1554" ruleName="ZB_G13_MATNR_CountryReference"><rule:Parameter name="$P_I_Country">Country of Origin</rule:Parameter></rule:RuleBinding><rule:RuleBinding lowThreshold="5" highThreshold="8" tableId="276_1554" ruleName="ZB_G13_MATNR_ExemptionCertificateDomainReference"><rule:Parameter name="$P_I_ExcemptionCertificate">ExemptionCertificate</rule:Parameter></rule:RuleBinding><rule:RuleBinding lowThreshold="5" highThreshold="8" tableId="276_1554" ruleName="ZB_G13_MATNR_ExportOrImportGroupReference"><rule:Parameter name="$P_I_ExportImportGroup">Export import group</rule:Parameter></rule:RuleBinding><rule:RuleBinding lowThreshold="5" highThreshold="8" tableId="276_1554" ruleName="ZB_G13_MATNR_RegionReference"><rule:Parameter name="$P_I_Region">Region of Origin</rule:Parameter></rule:RuleBinding><rule:RelatedTables><vir:Table id="276_1554" xmlns:vir="http://www.sap.com/ICC/VirtualView"><vir:object_type>276</vir:object_type><vir:object_UID>1554</vir:object_UID><vir:qualified_table_name>Enterprise Project.ZB_G13_MATNR_ForeignTradeExport</vir:qualified_table_name><vir:connection_name>Views</vir:connection_name><vir:schema_name/><vir:table_name>ZB_G13_MATNR_ForeignTradeExport</vir:table_name></vir:Table></rule:RelatedTables></rule:RuleBindingExport>