<?xml version="1.0" encoding="utf-8" ?> <rule:RuleBindingExport version="14.1.1.220" xmlns:rule="http://www.sap.com/ICC/Rule"><rule:RuleBinding lowThreshold="5" highThreshold="8" tableId="276_1560" ruleName="ZB_G13_MATNR_ConfigurableMaterialReference"><rule:Parameter name="$P_I_ConfigurableMaterial">Configurable Material</rule:Parameter></rule:RuleBinding><rule:RuleBinding lowThreshold="5" highThreshold="8" tableId="276_1560" ruleName="ZB_G13_MATNR_ConsumptionModeDomainReference"><rule:Parameter name="$P_I_ConsuptionMode">Consumption mode</rule:Parameter></rule:RuleBinding><rule:RuleBinding lowThreshold="5" highThreshold="8" tableId="276_1560" ruleName="ZB_G13_MATNR_CrossProjectDomainReference"><rule:Parameter name="$P_I_CrossProjectDomain">Cross project</rule:Parameter></rule:RuleBinding><rule:RuleBinding lowThreshold="5" highThreshold="8" tableId="276_1560" ruleName="ZB_G13_MATNR_MixedMRPDomainReference"><rule:Parameter name="$P_I_MixedMRP">Mixed MRP</rule:Parameter></rule:RuleBinding><rule:RuleBinding lowThreshold="5" highThreshold="8" tableId="276_1560" ruleName="ZB_G13_MATNR_PeriodIndicatorDomainReference"><rule:Parameter name="$P_I_PeriodInd">Period Indicator</rule:Parameter></rule:RuleBinding><rule:RuleBinding lowThreshold="5" highThreshold="8" tableId="276_1560" ruleName="ZB_G13_MATNR_StrategyGroupReference"><rule:Parameter name="$P_I_StrategyGroup">Strategy group</rule:Parameter></rule:RuleBinding><rule:RelatedTables><vir:Table id="276_1560" xmlns:vir="http://www.sap.com/ICC/VirtualView"><vir:object_type>276</vir:object_type><vir:object_UID>1560</vir:object_UID><vir:qualified_table_name>Enterprise Project.ZB_G13_MATNR_MRP3</vir:qualified_table_name><vir:connection_name>Views</vir:connection_name><vir:schema_name/><vir:table_name>ZB_G13_MATNR_MRP3</vir:table_name></vir:Table></rule:RelatedTables></rule:RuleBindingExport>