<?xml version="1.0" encoding="utf-8" ?> <rule:RuleBindingExport version="14.1.1.220" xmlns:rule="http://www.sap.com/ICC/Rule"><rule:RuleBinding lowThreshold="5" highThreshold="8" tableId="276_1637" ruleName="ZB_G14_CUST_AccountGroupExists"><rule:Parameter name="$P_I_AccountGroup">Account Group</rule:Parameter></rule:RuleBinding><rule:RuleBinding lowThreshold="5" highThreshold="8" tableId="276_1637" ruleName="ZB_G14_CUST_CityExists"><rule:Parameter name="$P_I_City">City</rule:Parameter></rule:RuleBinding><rule:RuleBinding lowThreshold="5" highThreshold="8" tableId="276_1637" ruleName="ZB_G14_CUST_LanguageKeyExists"><rule:Parameter name="$P_I_Language">Language</rule:Parameter></rule:RuleBinding><rule:RuleBinding lowThreshold="5" highThreshold="8" tableId="276_1637" ruleName="ZB_G14_CUST_CountryKeyExists"><rule:Parameter name="$P_I_Country">Country</rule:Parameter></rule:RuleBinding><rule:RuleBinding lowThreshold="5" highThreshold="8" tableId="276_1637" ruleName="ZB_G14_CUST_NameOfAnAddressExists"><rule:Parameter name="$P_I_NameOfAddress">Name 1</rule:Parameter></rule:RuleBinding><rule:RuleBinding lowThreshold="5" highThreshold="8" tableId="276_1637" ruleName="ZB_G14_CUST_NumberExists"><rule:Parameter name="$P_I_BUPANumberExists">Street House Number</rule:Parameter></rule:RuleBinding><rule:RuleBinding lowThreshold="5" highThreshold="8" tableId="276_1637" ruleName="ZB_G14_CUST_PostalCodeAndCityExists"><rule:Parameter name="$P_I_PostalCodeCity">Postal Code</rule:Parameter></rule:RuleBinding><rule:RuleBinding lowThreshold="5" highThreshold="8" tableId="276_1637" ruleName="ZB_G14_CUST_RegionExists"><rule:Parameter name="$P_I_Region">Region</rule:Parameter></rule:RuleBinding><rule:RuleBinding lowThreshold="5" highThreshold="8" tableId="276_1637" ruleName="ZB_G14_CUST_FirstTelephoneNumberExists"><rule:Parameter name="$P_I_TelephoneNumber">Telephone</rule:Parameter></rule:RuleBinding><rule:RuleBinding lowThreshold="5" highThreshold="8" tableId="276_1637" ruleName="ZB_G14_CUST_SortFieldExists"><rule:Parameter name="$P_I_SortField">Sort field</rule:Parameter></rule:RuleBinding><rule:RuleBinding lowThreshold="5" highThreshold="8" tableId="276_1637" ruleName="ZB_G14_CUST_CustomerAccountGroupReference"><rule:Parameter name="$P_I_AccountGroup">Account Group</rule:Parameter></rule:RuleBinding><rule:RuleBinding lowThreshold="5" highThreshold="8" tableId="276_1637" ruleName="ZB_G14_CUST_CurrencyReference"><rule:Parameter name="$P_I_Currency">Country</rule:Parameter></rule:RuleBinding><rule:RuleBinding lowThreshold="5" highThreshold="8" tableId="276_1637" ruleName="ZB_G14_CUST_LanguageReference"><rule:Parameter name="$P_I_Language">Language</rule:Parameter></rule:RuleBinding><rule:RuleBinding lowThreshold="5" highThreshold="8" tableId="276_1637" ruleName="ZB_G14_CUST_RegionReference"><rule:Parameter name="$P_I_Region">Region</rule:Parameter></rule:RuleBinding><rule:RuleBinding lowThreshold="5" highThreshold="8" tableId="276_1637" ruleName="ZB_G14_CUST_TitleDomainReference"><rule:Parameter name="$P_I_Title">Title</rule:Parameter><rule:Parameter name="$P_I_Language">Language</rule:Parameter></rule:RuleBinding><rule:RuleBinding lowThreshold="5" highThreshold="8" tableId="276_1637" ruleName="ZB_G14_CUST_TransportationZoneReference"><rule:Parameter name="$P_I_TransportationZone">Transportation zone</rule:Parameter></rule:RuleBinding><rule:RuleBinding lowThreshold="5" highThreshold="8" tableId="276_1637" ruleName="ZB_G14_CUST_CanadaPOBoxPostalCodeFormat"><rule:Parameter name="$P_I_PostalCode">PO Box Postal Code</rule:Parameter><rule:Parameter name="$P_I_Country">Country</rule:Parameter></rule:RuleBinding><rule:RuleBinding lowThreshold="5" highThreshold="8" tableId="276_1637" ruleName="ZB_G14_CUST_CanadaPostalCodeFormat"><rule:Parameter name="$P_I_PostalCode">Postal Code</rule:Parameter><rule:Parameter name="$P_I_Country">Country</rule:Parameter></rule:RuleBinding><rule:RuleBinding lowThreshold="5" highThreshold="8" tableId="276_1637" ruleName="ZB_G14_CUST_USPhoneNumberFormat"><rule:Parameter name="$P_I_Country">Country</rule:Parameter><rule:Parameter name="$P_I_PhoneNumber">Telephone</rule:Parameter></rule:RuleBinding><rule:RuleBinding lowThreshold="5" highThreshold="8" tableId="276_1637" ruleName="ZB_G14_CUST_USPostalCodeFormat"><rule:Parameter name="$P_I_Country">Country</rule:Parameter><rule:Parameter name="$P_I_ZIP">Postal Code</rule:Parameter></rule:RuleBinding><rule:RelatedTables><vir:Table id="276_1637" xmlns:vir="http://www.sap.com/ICC/VirtualView"><vir:object_type>276</vir:object_type><vir:object_UID>1637</vir:object_UID><vir:qualified_table_name>Enterprise Project.ZB_G14_CUST_GeneralData_Address</vir:qualified_table_name><vir:connection_name>Views</vir:connection_name><vir:schema_name/><vir:table_name>ZB_G14_CUST_GeneralData_Address</vir:table_name></vir:Table></rule:RelatedTables></rule:RuleBindingExport>