<?xml version="1.0" encoding="utf-8" ?> <rule:RuleBindingExport version="14.1.1.220" xmlns:rule="http://www.sap.com/ICC/Rule"><rule:RuleBinding lowThreshold="5" highThreshold="8" tableId="276_1565" ruleName="ZB_G13_MATNR_DistributionChannelExists"><rule:Parameter name="$P_I_DistrChannel">Distr Chl</rule:Parameter></rule:RuleBinding><rule:RuleBinding lowThreshold="5" highThreshold="8" tableId="276_1565" ruleName="ZB_G13_MATNR_SalesOrgExists"><rule:Parameter name="$P_I_SalesOrg">Sales Org</rule:Parameter></rule:RuleBinding><rule:RuleBinding lowThreshold="5" highThreshold="8" tableId="276_1565" ruleName="ZB_G13_MATNR_CrossDistributionChainStatusReference"><rule:Parameter name="$P_I_XDistrChainStatus">DChain spec status</rule:Parameter></rule:RuleBinding><rule:RuleBinding lowThreshold="5" highThreshold="8" tableId="276_1565" ruleName="ZB_G13_MATNR_UnitofMeasureGroupReference"><rule:Parameter name="$P_I_UnitOfMeasureGroup">Unit of Measure Grp</rule:Parameter></rule:RuleBinding><rule:RuleBinding lowThreshold="5" highThreshold="8" tableId="276_1565" ruleName="ZB_G13_MATNR_DeliveringPlantReference"><rule:Parameter name="$P_I_DeliveringPlant">Delivering Plant</rule:Parameter></rule:RuleBinding><rule:RelatedTables><vir:Table id="276_1565" xmlns:vir="http://www.sap.com/ICC/VirtualView"><vir:object_type>276</vir:object_type><vir:object_UID>1565</vir:object_UID><vir:qualified_table_name>Enterprise Project.ZB_G13_MATNR_SalesOrg1</vir:qualified_table_name><vir:connection_name>Views</vir:connection_name><vir:schema_name/><vir:table_name>ZB_G13_MATNR_SalesOrg1</vir:table_name></vir:Table></rule:RelatedTables></rule:RuleBindingExport>