<?xml version="1.0" encoding="utf-8" ?> <RuleExport xmlns="http://www.sap.com/ICC/Rule" version="14.2.14.2834"><RuleInfo> <rule:Rule guid="030CAE25-3A1A-4499-9C8A-65C630170D65" xmlns:rule="http://www.sap.com/ICC/Rule">
<rule:name>RL_KALKS_PricingProcedure_KNVV_mandatory</rule:name>
<rule:grammar_version>1.0.0</rule:grammar_version>
<rule:description>Rule to check if Pricing procedure exists for Customer master data</rule:description>
<rule:Categories><rule:Category name="CA.rule dimension">Completeness</rule:Category></rule:Categories><rule:Parameters>
<rule:Parameter score="true">
<rule:technical_name>$PR_KALKS_KNVV</rule:technical_name>
<rule:description>Pricing Procedure parameter</rule:description>
<rule:data_type>varchar</rule:data_type>
<rule:content_type/>
</rule:Parameter>
</rule:Parameters>
<rule:ValidationDefinition usage="expression">
<rule:expression>BEGIN RETURN
$PR_KALKS_KNVV IS NOT NULL
AND $PR_KALKS_KNVV !='' ;
END</rule:expression>
</rule:ValidationDefinition>
</rule:Rule></RuleInfo> </RuleExport> 