<?xml version="1.0" encoding="utf-8" ?> <RuleExport xmlns="http://www.sap.com/ICC/Rule" version="14.2.14.2834"><RuleInfo> <rule:Rule guid="19B9383D-14A0-4C27-BAD9-E5F421F8D4C1" xmlns:rule="http://www.sap.com/ICC/Rule">
<rule:name>RL_LICNR_LicenseNumber_KNVL_mandatory</rule:name>
<rule:grammar_version>1.0.0</rule:grammar_version>
<rule:description>Rule to check if License Number (Licenses) for Customer</rule:description>
<rule:Categories><rule:Category name="CA.rule dimension">Completeness</rule:Category></rule:Categories><rule:Parameters>
<rule:Parameter score="true">
<rule:technical_name>$PR_LICNR_KNVL</rule:technical_name>
<rule:description>License Number parameter</rule:description>
<rule:data_type>varchar</rule:data_type>
<rule:content_type/>
</rule:Parameter>
</rule:Parameters>
<rule:ValidationDefinition usage="expression">
<rule:expression>BEGIN RETURN
$PR_LICNR_KNVL IS NOT NULL
AND $PR_LICNR_KNVL != '' ;
END</rule:expression>
</rule:ValidationDefinition>
</rule:Rule></RuleInfo> </RuleExport> 