<?xml version="1.0" encoding="utf-8" ?> <RuleExport xmlns="http://www.sap.com/ICC/Rule" version="14.2.14.2834"><RuleInfo> <rule:Rule guid="36B0401D-FF37-45F3-86C4-8CB0603990D7" xmlns:rule="http://www.sap.com/ICC/Rule">
<rule:name>RL_PARVW_PartnerFunction_KNVP_mandatory</rule:name>
<rule:grammar_version>1.0.0</rule:grammar_version>
<rule:description>Rule to check if Partner Function exists for Customer data</rule:description>
<rule:Categories><rule:Category name="CA.rule dimension">Completeness</rule:Category></rule:Categories><rule:Parameters>
<rule:Parameter score="true">
<rule:technical_name>$PR_PARVW_KNVP</rule:technical_name>
<rule:description>Partner Function parameter</rule:description>
<rule:data_type>varchar</rule:data_type>
<rule:content_type/>
</rule:Parameter>
</rule:Parameters>
<rule:ValidationDefinition usage="expression">
<rule:expression>BEGIN RETURN
$PR_PARVW_KNVP IS NOT NULL
AND $PR_PARVW_KNVP != '';
END</rule:expression>
</rule:ValidationDefinition>
</rule:Rule></RuleInfo> </RuleExport> 