<?xml version="1.0" encoding="utf-8" ?> <RuleExport xmlns="http://www.sap.com/ICC/Rule" version="14.2.14.2834"><RuleInfo> <rule:Rule guid="4379FE65-21C7-4795-9C95-E69D38194B22" xmlns:rule="http://www.sap.com/ICC/Rule">
<rule:name>RL_ZUAWA_SortField_KNB1_mandatory</rule:name>
<rule:grammar_version>1.0.0</rule:grammar_version>
<rule:description>Rule to validate if Sort Field for a Customer exists.</rule:description>
<rule:Categories><rule:Category name="CA.rule dimension">Completeness</rule:Category></rule:Categories><rule:Parameters>
<rule:Parameter score="true">
<rule:technical_name>$PR_ZUAWA_KNB1</rule:technical_name>
<rule:description>Sort Field parameter</rule:description>
<rule:data_type>varchar</rule:data_type>
<rule:content_type/>
</rule:Parameter>
</rule:Parameters>
<rule:ValidationDefinition usage="expression">
<rule:expression>BEGIN RETURN
$PR_ZUAWA_KNB1 IS NOT NULL
AND $PR_ZUAWA_KNB1 != '' ;
END</rule:expression>
</rule:ValidationDefinition>
</rule:Rule></RuleInfo> </RuleExport> 