<?xml version="1.0" encoding="utf-8" ?> <RuleExport xmlns="http://www.sap.com/ICC/Rule" version="14.2.14.2834"><RuleInfo> <rule:Rule guid="729FEB68-7239-46C3-BB3F-B6F83EADB51A" xmlns:rule="http://www.sap.com/ICC/Rule">
<rule:name>RL_TELF1_FirstTelephoneNumber_KNA1_mandatory</rule:name>
<rule:grammar_version>1.0.0</rule:grammar_version>
<rule:description>Rule to validate if Customer's First Telephone Number exists</rule:description>
<rule:Categories><rule:Category name="CA.rule dimension">Completeness</rule:Category></rule:Categories><rule:Parameters>
<rule:Parameter score="true">
<rule:technical_name>$PR_TELF1_KNA1</rule:technical_name>
<rule:description>Telephone Number</rule:description>
<rule:data_type>varchar</rule:data_type>
<rule:content_type/>
</rule:Parameter>
</rule:Parameters>
<rule:ValidationDefinition usage="expression">
<rule:expression>BEGIN RETURN
$PR_TELF1_KNA1 IS NOT NULL
AND $PR_TELF1_KNA1 != '';
END</rule:expression>
</rule:ValidationDefinition>
</rule:Rule></RuleInfo> </RuleExport> 