<?xml version="1.0" encoding="utf-8" ?> <RuleExport xmlns="http://www.sap.com/ICC/Rule" version="14.2.14.2834"><RuleInfo> <rule:Rule guid="B98802A4-CA52-4EE7-B0D2-2E72FCBD6A1D" xmlns:rule="http://www.sap.com/ICC/Rule">
<rule:name>RL_DATBI_LicenseValidTo_KNVL_mandatory</rule:name>
<rule:grammar_version>1.0.0</rule:grammar_version>
<rule:description>Rule to check if License Valid to date exists for Customer</rule:description>
<rule:Categories><rule:Category name="CA.rule dimension">Completeness</rule:Category></rule:Categories><rule:Parameters>
<rule:Parameter score="true">
<rule:technical_name>$PR_DATBI_KNVL</rule:technical_name>
<rule:description>License valid from data parameter</rule:description>
<rule:data_type>date</rule:data_type>
<rule:content_type/>
</rule:Parameter>
</rule:Parameters>
<rule:ValidationDefinition usage="expression">
<rule:expression>BEGIN RETURN
$PR_DATBI_KNVL IS NOT NULL AND
$PR_DATBI_KNVL != to_date('', 'yyyy.mm.dd');
END</rule:expression>
</rule:ValidationDefinition>
</rule:Rule></RuleInfo> </RuleExport> 