<?xml version="1.0" encoding="utf-8" ?> <RuleExport xmlns="http://www.sap.com/ICC/Rule" version="14.2.14.2834"><RuleInfo> <rule:Rule guid="DCE27C5E-F02A-43EA-8179-C9143661D2C7" xmlns:rule="http://www.sap.com/ICC/Rule">
<rule:name>RL_ADRNR_NameOfAnAddress_KNA1_mandatory</rule:name>
<rule:grammar_version>1.0.0</rule:grammar_version>
<rule:description>Rule to validate if Customer Name of address exists for Customer data respectively</rule:description>
<rule:Categories><rule:Category name="CA.rule dimension">Completeness</rule:Category></rule:Categories><rule:Parameters>
<rule:Parameter score="true">
<rule:technical_name>$PR_ADRNR_KNA1</rule:technical_name>
<rule:description>Name of an address parameter</rule:description>
<rule:data_type>varchar</rule:data_type>
<rule:content_type/>
</rule:Parameter>
</rule:Parameters>
<rule:ValidationDefinition usage="expression">
<rule:expression>BEGIN RETURN
$PR_ADRNR_KNA1 IS NOT NULL
AND $PR_ADRNR_KNA1 != '';
END</rule:expression>
</rule:ValidationDefinition>
</rule:Rule></RuleInfo> </RuleExport> 