<?xml version="1.0" encoding="utf-8" ?> <RuleExport xmlns="http://www.sap.com/ICC/Rule" version="14.2.14.2834"><RuleInfo> <rule:Rule guid="E712EF01-4F82-45E0-BEC3-D65C59BF289C" xmlns:rule="http://www.sap.com/ICC/Rule">
<rule:name>RL_PSTLZ_PostalCode_KNA1_mandatory</rule:name>
<rule:grammar_version>1.0.0</rule:grammar_version>
<rule:description>Rule to check if Postal Code Customer Master data in a standard SAP ECC 6.0 system</rule:description>
<rule:Categories><rule:Category name="CA.rule dimension">Completeness</rule:Category></rule:Categories><rule:Parameters>
<rule:Parameter score="true">
<rule:technical_name>$PR_PSTLZ_KNA1</rule:technical_name>
<rule:description>Postal Code / City parameter</rule:description>
<rule:data_type>varchar</rule:data_type>
<rule:content_type/>
</rule:Parameter>
</rule:Parameters>
<rule:ValidationDefinition usage="expression">
<rule:expression>BEGIN RETURN
$PR_PSTLZ_KNA1 IS NOT NULL
AND $PR_PSTLZ_KNA1 != '' ;
END</rule:expression>
</rule:ValidationDefinition>
</rule:Rule></RuleInfo> </RuleExport> 