<?xml version="1.0" encoding="utf-8" ?> <ConnectionExport xmlns="http://www.sap.com/IS/Connection" version="14.2.10.1763"><Connection><technical_name><![CDATA[IS_SQL_FAIL]]></technical_name><business_name><![CDATA[IS_SQL_FAIL]]></business_name><canonical_name><![CDATA[MSSQLDatastoreConfiguration:GDSSAP002:DB_IS_FAILED:Developer]]></canonical_name><connection_type><![CDATA[201]]></connection_type><Properties><Property name="Locale.ServerCodePage"><![CDATA[default]]></Property><Property name="Connection.DatabaseName"><![CDATA[DB_IS_FAILED]]></Property><Property name="Connection.AppendFailedData"><![CDATA[false]]></Property><Property name="Connection.UseWindowsAuthentication"><![CDATA[false]]></Property><Property name="DatabaseName"><![CDATA[MSSQLDatastoreConfiguration]]></Property><Property name="Connection.CanonicalNameTemplate"><![CDATA[{Connection.ServerName}:{Connection.DatabaseName}:{Login.UserName}]]></Property><Property name="Connection.Version"><![CDATA[Microsoft SQL Server 2012]]></Property><Property name="Locale.CodePage"><![CDATA[default]]></Property><Property name="name"><![CDATA[IS_SQL_FAIL]]></Property><Property name="Locale.Language"><![CDATA[default]]></Property><Property name="FailedData"><![CDATA[true]]></Property><Property name="Connection.UseNVarChar"><![CDATA[true]]></Property><Property name="Connection.ServerName"><![CDATA[GDSSAP002]]></Property></Properties></Connection></ConnectionExport>