<?xml version="1.0" encoding="utf-8" ?> <rule:KDDExport version="14.2.10.1763" xmlns:rule="http://www.sap.com/ICC/Rule"><rule:KeyDataDomain><rule:name>SC_LFA1</rule:name><rule:description>Score Card for LFA1</rule:description><rule:pdfAttached>N</rule:pdfAttached><rule:weight>100</rule:weight><rule:lowThreshold>5</rule:lowThreshold><rule:highThreshold>8</rule:highThreshold><rule:isFixed>false</rule:isFixed><rule:Dimensions><rule:Dimension><rule:name>Completeness</rule:name><rule:description/><rule:weight>33.33</rule:weight><rule:lowThreshold>5</rule:lowThreshold><rule:highThreshold>8</rule:highThreshold><rule:isFixed>false</rule:isFixed><rule:Rules><rule:Rule><rule:name>RL_SORTL_Search_Term1_LFA1_mandatory</rule:name><rule:description>Search Term 1 is mandatory</rule:description><rule:weight>12.5</rule:weight><rule:lowThreshold>5</rule:lowThreshold><rule:highThreshold>8</rule:highThreshold><rule:isFixed>false</rule:isFixed><rule:RuleBindings><rule:RuleBinding ruleName="RL_SORTL_Search_Term1_LFA1_mandatory" tableId="SAP_ECC.LFA1.SORTL|226" weight="100.0" isFixed="false" lowThreshold="5" highThreshold="8"/></rule:RuleBindings></rule:Rule><rule:Rule><rule:name>RL_NAME1_Vendor_Name1_LFA1_mandatory</rule:name><rule:description>Vendor Name Row 1 is mandatory</rule:description><rule:weight>12.5</rule:weight><rule:lowThreshold>5</rule:lowThreshold><rule:highThreshold>8</rule:highThreshold><rule:isFixed>false</rule:isFixed><rule:RuleBindings><rule:RuleBinding ruleName="RL_NAME1_Vendor_Name1_LFA1_mandatory" tableId="SAP_ECC.LFA1.NAME1|226" weight="100.0" isFixed="false" lowThreshold="5" highThreshold="8"/></rule:RuleBindings></rule:Rule><rule:Rule><rule:name>RL_SPRAS_Language_Key_LFA1_mandatory</rule:name><rule:description>Langiage Key is mandatory</rule:description><rule:weight>12.5</rule:weight><rule:lowThreshold>5</rule:lowThreshold><rule:highThreshold>8</rule:highThreshold><rule:isFixed>false</rule:isFixed><rule:RuleBindings><rule:RuleBinding ruleName="RL_SPRAS_Language_Key_LFA1_mandatory" tableId="SAP_ECC.LFA1.SPRAS|226" weight="100.0" isFixed="false" lowThreshold="5" highThreshold="8"/></rule:RuleBindings></rule:Rule><rule:Rule><rule:name>RL_LIFNR_AccNo_of_VendorOrCreditor_LFA1_mandatory</rule:name><rule:description>Account Number of Vendor or Creditor is mandatory</rule:description><rule:weight>12.5</rule:weight><rule:lowThreshold>5</rule:lowThreshold><rule:highThreshold>8</rule:highThreshold><rule:isFixed>false</rule:isFixed><rule:RuleBindings><rule:RuleBinding ruleName="RL_LIFNR_AccNo_of_VendorOrCreditor_LFA1_mandatory" tableId="SAP_ECC.LFA1.LIFNR|226" weight="100.0" isFixed="false" lowThreshold="5" highThreshold="8"/></rule:RuleBindings></rule:Rule><rule:Rule><rule:name>RL_LAND1_Country_Key_LFA1_mandatory</rule:name><rule:description>Country Key is mandatory</rule:description><rule:weight>12.5</rule:weight><rule:lowThreshold>5</rule:lowThreshold><rule:highThreshold>8</rule:highThreshold><rule:isFixed>false</rule:isFixed><rule:RuleBindings><rule:RuleBinding ruleName="RL_LAND1_Country_Key_LFA1_mandatory" tableId="SAP_ECC.LFA1.LAND1|226" weight="100.0" isFixed="false" lowThreshold="5" highThreshold="8"/></rule:RuleBindings></rule:Rule><rule:Rule><rule:name>RL_ORT01_City_LFA1_mandatory</rule:name><rule:description>City is mandatory</rule:description><rule:weight>12.5</rule:weight><rule:lowThreshold>5</rule:lowThreshold><rule:highThreshold>8</rule:highThreshold><rule:isFixed>false</rule:isFixed><rule:RuleBindings><rule:RuleBinding ruleName="RL_ORT01_City_LFA1_mandatory" tableId="SAP_ECC.LFA1.ORT01|226" weight="100.0" isFixed="false" lowThreshold="5" highThreshold="8"/></rule:RuleBindings></rule:Rule><rule:Rule><rule:name>RL_KTOKK_Vendor_account_group_LFA1_mandatory</rule:name><rule:description>Vendor account group is mandatory</rule:description><rule:weight>12.5</rule:weight><rule:lowThreshold>5</rule:lowThreshold><rule:highThreshold>8</rule:highThreshold><rule:isFixed>false</rule:isFixed><rule:RuleBindings><rule:RuleBinding ruleName="RL_KTOKK_Vendor_account_group_LFA1_mandatory" tableId="SAP_ECC.LFA1.KTOKK|226" weight="100.0" isFixed="false" lowThreshold="5" highThreshold="8"/></rule:RuleBindings></rule:Rule><rule:Rule><rule:name>RL_PSTLZ_Search_Term1_LFA1_mandatory</rule:name><rule:description>Postal code is mandatory</rule:description><rule:weight>12.5</rule:weight><rule:lowThreshold>5</rule:lowThreshold><rule:highThreshold>8</rule:highThreshold><rule:isFixed>false</rule:isFixed><rule:RuleBindings><rule:RuleBinding ruleName="RL_PSTLZ_Search_Term1_LFA1_mandatory" tableId="SAP_ECC.LFA1.PSTLZ|226" weight="100.0" isFixed="false" lowThreshold="5" highThreshold="8"/></rule:RuleBindings></rule:Rule></rule:Rules></rule:Dimension><rule:Dimension><rule:name>Conformity</rule:name><rule:description/><rule:weight>33.34</rule:weight><rule:lowThreshold>5</rule:lowThreshold><rule:highThreshold>8</rule:highThreshold><rule:isFixed>false</rule:isFixed><rule:Rules><rule:Rule><rule:name>RL_PSTLZ_Postal_Code_LFA1_patternchk_cstm</rule:name><rule:description>Postal Code length must comply rules as defined in T005 check rule field for that particular country provided in LAND1</rule:description><rule:weight>25.0</rule:weight><rule:lowThreshold>5</rule:lowThreshold><rule:highThreshold>8</rule:highThreshold><rule:isFixed>false</rule:isFixed><rule:RuleBindings><rule:RuleBinding ruleName="RL_PSTLZ_Postal_Code_LFA1_patternchk_cstm" tableId="SAP_ECC.LFA1.PSTLZ,LAND1|226" weight="100.0" isFixed="false" lowThreshold="5" highThreshold="8"/></rule:RuleBindings></rule:Rule><rule:Rule><rule:name>RL_VBUND_Trading_Partner_LFA1_patternchk</rule:name><rule:description>VBUND must be 6 characters</rule:description><rule:weight>25.0</rule:weight><rule:lowThreshold>5</rule:lowThreshold><rule:highThreshold>8</rule:highThreshold><rule:isFixed>false</rule:isFixed><rule:RuleBindings><rule:RuleBinding ruleName="RL_VBUND_Trading_Partner_LFA1_patternchk" tableId="SAP_ECC.LFA1.VBUND|226" weight="100.0" isFixed="false" lowThreshold="5" highThreshold="8"/></rule:RuleBindings></rule:Rule><rule:Rule><rule:name>RL_STCD2_Tax_Code_LFA1_patternchk_cstm</rule:name><rule:description>Tax code must follow permitted character lengths defined by T005-PRST2</rule:description><rule:weight>25.0</rule:weight><rule:lowThreshold>5</rule:lowThreshold><rule:highThreshold>8</rule:highThreshold><rule:isFixed>false</rule:isFixed><rule:RuleBindings><rule:RuleBinding ruleName="RL_STCD2_Tax_Code_LFA1_patternchk_cstm" tableId="SAP_ECC.LFA1.STCD2,LAND1|226" weight="100.0" isFixed="false" lowThreshold="5" highThreshold="8"/></rule:RuleBindings></rule:Rule><rule:Rule><rule:name>RL_STCD1_Tax_Code_LFA1_patternchk_cstm</rule:name><rule:description>Tax code must follow permitted character lengths defined by T005-PRST1</rule:description><rule:weight>25.0</rule:weight><rule:lowThreshold>5</rule:lowThreshold><rule:highThreshold>8</rule:highThreshold><rule:isFixed>false</rule:isFixed><rule:RuleBindings><rule:RuleBinding ruleName="RL_STCD1_Tax_Code_LFA1_patternchk_cstm" tableId="SAP_ECC.LFA1.STCD1,LAND1|226" weight="100.0" isFixed="false" lowThreshold="5" highThreshold="8"/></rule:RuleBindings></rule:Rule></rule:Rules></rule:Dimension><rule:Dimension><rule:name>Integrity</rule:name><rule:description/><rule:weight>33.33</rule:weight><rule:lowThreshold>5</rule:lowThreshold><rule:highThreshold>8</rule:highThreshold><rule:isFixed>false</rule:isFixed><rule:Rules><rule:Rule><rule:name>RL_TXJCD_Tax_Jurisdiction_Code_LFA1_lkp</rule:name><rule:description>Tax Jurisdiction Code must reference table TTXJ</rule:description><rule:weight>16.66</rule:weight><rule:lowThreshold>5</rule:lowThreshold><rule:highThreshold>8</rule:highThreshold><rule:isFixed>false</rule:isFixed><rule:RuleBindings><rule:RuleBinding ruleName="RL_TXJCD_Tax_Jurisdiction_Code_LFA1_lkp" tableId="SAP_ECC.LFA1.TXJCD|226" weight="100.0" isFixed="false" lowThreshold="5" highThreshold="8"/></rule:RuleBindings></rule:Rule><rule:Rule><rule:name>RL_BRSCH_Industry_key_LFA1_lkp</rule:name><rule:description>Industry key should be available in reference table (T016)</rule:description><rule:weight>16.67</rule:weight><rule:lowThreshold>5</rule:lowThreshold><rule:highThreshold>8</rule:highThreshold><rule:isFixed>false</rule:isFixed><rule:RuleBindings><rule:RuleBinding ruleName="RL_BRSCH_Industry_key_LFA1_lkp" tableId="SAP_ECC.LFA1.BRSCH|226" weight="100.0" isFixed="false" lowThreshold="5" highThreshold="8"/></rule:RuleBindings></rule:Rule><rule:Rule><rule:name>RL_LNRZA_Customer_LFA1_lkp_cstm</rule:name><rule:description>A Vendor assigned an alternate payee can’t be an alternate payee for another Vendor</rule:description><rule:weight>16.67</rule:weight><rule:lowThreshold>5</rule:lowThreshold><rule:highThreshold>8</rule:highThreshold><rule:isFixed>false</rule:isFixed><rule:RuleBindings><rule:RuleBinding ruleName="RL_LNRZA_Customer_LFA1_lkp_cstm" tableId="SAP_ECC.LFA1.LNRZA|226" weight="100.0" isFixed="false" lowThreshold="5" highThreshold="8"/></rule:RuleBindings></rule:Rule><rule:Rule><rule:name>RL_ADRNR_Address numbers_LFA1_lkp</rule:name><rule:description>Address numbers must be referenced from table ADRC</rule:description><rule:weight>16.67</rule:weight><rule:lowThreshold>5</rule:lowThreshold><rule:highThreshold>8</rule:highThreshold><rule:isFixed>false</rule:isFixed><rule:RuleBindings><rule:RuleBinding ruleName="RL_ADRNR_Address numbers_LFA1_lkp" tableId="SAP_ECC.LFA1.ADRNR|226" weight="100.0" isFixed="false" lowThreshold="5" highThreshold="8"/></rule:RuleBindings></rule:Rule><rule:Rule><rule:name>RL_WERKS_Plant_LFM2_LFA1_lkp</rule:name><rule:description>Plant should be available in reference table (T001W)</rule:description><rule:weight>16.67</rule:weight><rule:lowThreshold>5</rule:lowThreshold><rule:highThreshold>8</rule:highThreshold><rule:isFixed>false</rule:isFixed><rule:RuleBindings><rule:RuleBinding ruleName="RL_WERKS_Plant_LFM2_LFA1_lkp" tableId="SAP_ECC.LFA1.WERKS|226" weight="100.0" isFixed="false" lowThreshold="5" highThreshold="8"/></rule:RuleBindings></rule:Rule><rule:Rule><rule:name>RL_KUNNR_Customer_LFA1_lkp</rule:name><rule:description>Customer must reference table KNA1</rule:description><rule:weight>16.66</rule:weight><rule:lowThreshold>5</rule:lowThreshold><rule:highThreshold>8</rule:highThreshold><rule:isFixed>false</rule:isFixed><rule:RuleBindings><rule:RuleBinding ruleName="RL_KUNNR_Customer_LFA1_lkp" tableId="SAP_ECC.LFA1.KUNNR|226" weight="100.0" isFixed="false" lowThreshold="5" highThreshold="8"/></rule:RuleBindings></rule:Rule></rule:Rules></rule:Dimension></rule:Dimensions></rule:KeyDataDomain></rule:KDDExport>