<?xml version="1.0" encoding="utf-8" ?> <rule:KDDExport version="14.2.10.1763" xmlns:rule="http://www.sap.com/ICC/Rule"><rule:KeyDataDomain><rule:name>SC_LFB1</rule:name><rule:description>Score Card for LFB1</rule:description><rule:pdfAttached>N</rule:pdfAttached><rule:weight>100</rule:weight><rule:lowThreshold>5</rule:lowThreshold><rule:highThreshold>8</rule:highThreshold><rule:isFixed>false</rule:isFixed><rule:Dimensions><rule:Dimension><rule:name>Completeness</rule:name><rule:description/><rule:weight>50.0</rule:weight><rule:lowThreshold>5</rule:lowThreshold><rule:highThreshold>8</rule:highThreshold><rule:isFixed>false</rule:isFixed><rule:Rules><rule:Rule><rule:name>RL_BUKRS_Company_Code_LFB1_mandatory</rule:name><rule:description>Company Code is mandatory</rule:description><rule:weight>20.0</rule:weight><rule:lowThreshold>5</rule:lowThreshold><rule:highThreshold>8</rule:highThreshold><rule:isFixed>false</rule:isFixed><rule:RuleBindings><rule:RuleBinding ruleName="RL_BUKRS_Company_Code_LFB1_mandatory" tableId="SAP_ECC.LFB1.BUKRS|226" weight="100.0" isFixed="false" lowThreshold="5" highThreshold="8"/></rule:RuleBindings></rule:Rule><rule:Rule><rule:name>RL_AKONT_Recon_Acc_in_GL_LFB1_mandatory</rule:name><rule:description>Reconciliation Account in General Ledger is mandatory</rule:description><rule:weight>20.0</rule:weight><rule:lowThreshold>5</rule:lowThreshold><rule:highThreshold>8</rule:highThreshold><rule:isFixed>false</rule:isFixed><rule:RuleBindings><rule:RuleBinding ruleName="RL_AKONT_Recon_Acc_in_GL_LFB1_mandatory" tableId="SAP_ECC.LFB1.AKONT|226" weight="100.0" isFixed="false" lowThreshold="5" highThreshold="8"/></rule:RuleBindings></rule:Rule><rule:Rule><rule:name>RL_REPRF_Check_Double_Invoice_Flag_LFB1_mandatory</rule:name><rule:description>Check Double Invoice flag is mandatory</rule:description><rule:weight>20.0</rule:weight><rule:lowThreshold>5</rule:lowThreshold><rule:highThreshold>8</rule:highThreshold><rule:isFixed>false</rule:isFixed><rule:RuleBindings><rule:RuleBinding ruleName="RL_REPRF_Check_Double_Invoice_Flag_LFB1_mandatory" tableId="SAP_ECC.LFB1.REPRF|226" weight="100.0" isFixed="false" lowThreshold="5" highThreshold="8"/></rule:RuleBindings></rule:Rule><rule:Rule><rule:name>RL_ZUAWA_Sort_Key_LFB1_mandatory</rule:name><rule:description>Sort Key is mandatory</rule:description><rule:weight>20.0</rule:weight><rule:lowThreshold>5</rule:lowThreshold><rule:highThreshold>8</rule:highThreshold><rule:isFixed>false</rule:isFixed><rule:RuleBindings><rule:RuleBinding ruleName="RL_ZUAWA_Sort_Key_LFB1_mandatory" tableId="SAP_ECC.LFB1.ZUAWA|226" weight="100.0" isFixed="false" lowThreshold="5" highThreshold="8"/></rule:RuleBindings></rule:Rule><rule:Rule><rule:name>RL_BEGRU_Authorization_Group_LFB1_mandatory</rule:name><rule:description>Authorization Group is mandatory</rule:description><rule:weight>20.0</rule:weight><rule:lowThreshold>5</rule:lowThreshold><rule:highThreshold>8</rule:highThreshold><rule:isFixed>false</rule:isFixed><rule:RuleBindings><rule:RuleBinding ruleName="RL_BEGRU_Authorization_Group_LFB1_mandatory" tableId="SAP_ECC.LFB1.BEGRU|226" weight="100.0" isFixed="false" lowThreshold="5" highThreshold="8"/></rule:RuleBindings></rule:Rule></rule:Rules></rule:Dimension><rule:Dimension><rule:name>Integrity</rule:name><rule:description/><rule:weight>50.0</rule:weight><rule:lowThreshold>5</rule:lowThreshold><rule:highThreshold>8</rule:highThreshold><rule:isFixed>false</rule:isFixed><rule:Rules><rule:Rule><rule:name>RL_TOGRU_ToleranceGroupForBP_GL_LFB1_lkp</rule:name><rule:description>Tolerance group for the business partner/G/L account(TOGRU) should be available in reference table (T043G)</rule:description><rule:weight>20.0</rule:weight><rule:lowThreshold>5</rule:lowThreshold><rule:highThreshold>8</rule:highThreshold><rule:isFixed>false</rule:isFixed><rule:RuleBindings><rule:RuleBinding ruleName="RL_TOGRU_ToleranceGroupForBP_GL_LFB1_lkp" tableId="SAP_ECC.LFB1.TOGRU|226" weight="100.0" isFixed="false" lowThreshold="5" highThreshold="8"/></rule:RuleBindings></rule:Rule><rule:Rule><rule:name>RL_LNRZE_Head_office_account_number_LFB1_lkp_cstm</rule:name><rule:description>Head office account number(LNRZE) should be available in reference table (LFA1)</rule:description><rule:weight>20.0</rule:weight><rule:lowThreshold>5</rule:lowThreshold><rule:highThreshold>8</rule:highThreshold><rule:isFixed>false</rule:isFixed><rule:RuleBindings><rule:RuleBinding ruleName="RL_LNRZE_Head_office_account_number_LFB1_lkp_cstm" tableId="SAP_ECC.LFB1.LNRZE|226" weight="100.0" isFixed="false" lowThreshold="5" highThreshold="8"/></rule:RuleBindings></rule:Rule><rule:Rule><rule:name>RL_ZWELS_List_of_Payment_Methods_LFB1_lkp</rule:name><rule:description>List of the Payment Methods to be Considered(ZWELS) should be available in reference table (V_T042E)</rule:description><rule:weight>20.0</rule:weight><rule:lowThreshold>5</rule:lowThreshold><rule:highThreshold>8</rule:highThreshold><rule:isFixed>false</rule:isFixed><rule:RuleBindings><rule:RuleBinding ruleName="RL_ZWELS_List_of_Payment_Methods_LFB1_lkp" tableId="SAP_ECC.LFB1.ZWELS|226" weight="100.0" isFixed="false" lowThreshold="5" highThreshold="8"/></rule:RuleBindings></rule:Rule><rule:Rule><rule:name>RL_ZUAWA_Key_for_sorting_LFB1_lkp</rule:name><rule:description>Key for sorting according to assignment numbers (ZUAWA) should be available in reference table (TZUN)</rule:description><rule:weight>20.0</rule:weight><rule:lowThreshold>5</rule:lowThreshold><rule:highThreshold>8</rule:highThreshold><rule:isFixed>false</rule:isFixed><rule:RuleBindings><rule:RuleBinding ruleName="RL_ZUAWA_Key_for_sorting_LFB1_lkp" tableId="SAP_ECC.LFB1.ZUAWA|226" weight="100.0" isFixed="false" lowThreshold="5" highThreshold="8"/></rule:RuleBindings></rule:Rule><rule:Rule><rule:name>RL_ZTERM_Terms_of_Payment_Key_LFB1_lkp</rule:name><rule:description>Terms of Payment Key(ZTERM) should be available in reference table (T052)</rule:description><rule:weight>20.0</rule:weight><rule:lowThreshold>5</rule:lowThreshold><rule:highThreshold>8</rule:highThreshold><rule:isFixed>false</rule:isFixed><rule:RuleBindings><rule:RuleBinding ruleName="RL_ZTERM_Terms_of_Payment_Key_LFB1_lkp" tableId="SAP_ECC.LFB1.ZTERM|226" weight="100.0" isFixed="false" lowThreshold="5" highThreshold="8"/></rule:RuleBindings></rule:Rule></rule:Rules></rule:Dimension></rule:Dimensions></rule:KeyDataDomain></rule:KDDExport>