<?xml version="1.0" encoding="utf-8" ?> <rule:KDDExport version="14.2.10.1763" xmlns:rule="http://www.sap.com/ICC/Rule"><rule:KeyDataDomain><rule:name>SC_LFBK</rule:name><rule:description>Score Card for LFBK</rule:description><rule:pdfAttached>N</rule:pdfAttached><rule:weight>100</rule:weight><rule:lowThreshold>5</rule:lowThreshold><rule:highThreshold>8</rule:highThreshold><rule:isFixed>false</rule:isFixed><rule:Dimensions><rule:Dimension><rule:name>Completeness</rule:name><rule:description/><rule:weight>50.0</rule:weight><rule:lowThreshold>5</rule:lowThreshold><rule:highThreshold>8</rule:highThreshold><rule:isFixed>false</rule:isFixed><rule:Rules><rule:Rule><rule:name>RL_BANKS_Bank_Country_Key_LFBK_mandatory</rule:name><rule:description>Bank Country Key is mandatory</rule:description><rule:weight>33.33</rule:weight><rule:lowThreshold>5</rule:lowThreshold><rule:highThreshold>8</rule:highThreshold><rule:isFixed>false</rule:isFixed><rule:RuleBindings><rule:RuleBinding ruleName="RL_BANKS_Bank_Country_Key_LFBK_mandatory" tableId="SAP_ECC.LFBK.BANKS|226" weight="100.0" isFixed="false" lowThreshold="5" highThreshold="8"/></rule:RuleBindings></rule:Rule><rule:Rule><rule:name>RL_BANKN_Bank_Account_Number_LFBK_mandatory</rule:name><rule:description>Bank account number is mandatory</rule:description><rule:weight>33.34</rule:weight><rule:lowThreshold>5</rule:lowThreshold><rule:highThreshold>8</rule:highThreshold><rule:isFixed>false</rule:isFixed><rule:RuleBindings><rule:RuleBinding ruleName="RL_BANKN_Bank_Account_Number_LFBK_mandatory" tableId="SAP_ECC.LFBK.BANKN|226" weight="100.0" isFixed="false" lowThreshold="5" highThreshold="8"/></rule:RuleBindings></rule:Rule><rule:Rule><rule:name>RL_BANKL_Bank_Key_LFBK_mandatory</rule:name><rule:description>Bank Key is mandatory</rule:description><rule:weight>33.33</rule:weight><rule:lowThreshold>5</rule:lowThreshold><rule:highThreshold>8</rule:highThreshold><rule:isFixed>false</rule:isFixed><rule:RuleBindings><rule:RuleBinding ruleName="RL_BANKL_Bank_Key_LFBK_mandatory" tableId="SAP_ECC.LFBK.BANKL|226" weight="100.0" isFixed="false" lowThreshold="5" highThreshold="8"/></rule:RuleBindings></rule:Rule></rule:Rules></rule:Dimension><rule:Dimension><rule:name>Conformity</rule:name><rule:description/><rule:weight>50.0</rule:weight><rule:lowThreshold>5</rule:lowThreshold><rule:highThreshold>8</rule:highThreshold><rule:isFixed>false</rule:isFixed><rule:Rules><rule:Rule><rule:name>RL_BKONT_Bank_Control_Key_LFBK_patternchk</rule:name><rule:description>Bank Control Key must be 2 characters</rule:description><rule:weight>50.0</rule:weight><rule:lowThreshold>5</rule:lowThreshold><rule:highThreshold>8</rule:highThreshold><rule:isFixed>false</rule:isFixed><rule:RuleBindings><rule:RuleBinding ruleName="RL_BKONT_Bank_Control_Key_LFBK_patternchk" tableId="SAP_ECC.LFBK.BKONT|226" weight="100.0" isFixed="false" lowThreshold="5" highThreshold="8"/></rule:RuleBindings></rule:Rule><rule:Rule><rule:name>RL_BANKN_Bank_Account_Number_LFBK_patternchk_cstm</rule:name><rule:description>Bank account number must follow permitted character lengths defined by T005-PRBKN</rule:description><rule:weight>50.0</rule:weight><rule:lowThreshold>5</rule:lowThreshold><rule:highThreshold>8</rule:highThreshold><rule:isFixed>false</rule:isFixed><rule:RuleBindings><rule:RuleBinding ruleName="RL_BANKN_Bank_Account_Number_LFBK_patternchk_cstm" tableId="Views.VW_LFA1_LFBK_JOIN.BANKN,LAND1|276" weight="100.0" isFixed="false" lowThreshold="5" highThreshold="8"/></rule:RuleBindings></rule:Rule></rule:Rules></rule:Dimension></rule:Dimensions></rule:KeyDataDomain></rule:KDDExport>