<?xml version="1.0" encoding="utf-8" ?> <rule:KDDExport version="14.2.10.1763" xmlns:rule="http://www.sap.com/ICC/Rule"><rule:KeyDataDomain><rule:name>SC_LFBW</rule:name><rule:description>Score Card for LFBW</rule:description><rule:pdfAttached>N</rule:pdfAttached><rule:weight>100</rule:weight><rule:lowThreshold>5</rule:lowThreshold><rule:highThreshold>8</rule:highThreshold><rule:isFixed>false</rule:isFixed><rule:Dimensions><rule:Dimension><rule:name>Completeness</rule:name><rule:description/><rule:weight>50.0</rule:weight><rule:lowThreshold>5</rule:lowThreshold><rule:highThreshold>8</rule:highThreshold><rule:isFixed>false</rule:isFixed><rule:Rules><rule:Rule><rule:name>RL_BUKRS_Company_Code_LFBW_mandatory</rule:name><rule:description>Company Code is mandatory</rule:description><rule:weight>100.0</rule:weight><rule:lowThreshold>5</rule:lowThreshold><rule:highThreshold>8</rule:highThreshold><rule:isFixed>false</rule:isFixed><rule:RuleBindings><rule:RuleBinding ruleName="RL_BUKRS_Company_Code_LFBW_mandatory" tableId="SAP_ECC.LFBW.BUKRS|226" weight="100.0" isFixed="false" lowThreshold="5" highThreshold="8"/></rule:RuleBindings></rule:Rule></rule:Rules></rule:Dimension><rule:Dimension><rule:name>Integrity</rule:name><rule:description/><rule:weight>50.0</rule:weight><rule:lowThreshold>5</rule:lowThreshold><rule:highThreshold>8</rule:highThreshold><rule:isFixed>false</rule:isFixed><rule:Rules><rule:Rule><rule:name>RL_WT_WITHCD_Withholding_tax_code_LFBW_lkp</rule:name><rule:description>Withholding tax code(WT_WITHCD) should be available in reference table (T059Z)</rule:description><rule:weight>50.0</rule:weight><rule:lowThreshold>5</rule:lowThreshold><rule:highThreshold>8</rule:highThreshold><rule:isFixed>false</rule:isFixed><rule:RuleBindings><rule:RuleBinding ruleName="RL_WT_WITHCD_Withholding_tax_code_LFBW_lkp" tableId="SAP_ECC.LFBW.WT_WITHCD|226" weight="100.0" isFixed="false" lowThreshold="5" highThreshold="8"/></rule:RuleBindings></rule:Rule><rule:Rule><rule:name>RL_WITHT_Indicator_for_WithholdingTaxType_LFBW_lkp</rule:name><rule:description>Indicator for withholding tax type(WITHT) should be available in reference table (T059P)</rule:description><rule:weight>50.0</rule:weight><rule:lowThreshold>5</rule:lowThreshold><rule:highThreshold>8</rule:highThreshold><rule:isFixed>false</rule:isFixed><rule:RuleBindings><rule:RuleBinding ruleName="RL_WITHT_Indicator_for_WithholdingTaxType_LFBW_lkp" tableId="SAP_ECC.LFBW.WITHT|226" weight="100.0" isFixed="false" lowThreshold="5" highThreshold="8"/></rule:RuleBindings></rule:Rule></rule:Rules></rule:Dimension></rule:Dimensions></rule:KeyDataDomain></rule:KDDExport>