<?xml version="1.0" encoding="utf-8" ?> <rule:KDDExport version="14.2.10.1763" xmlns:rule="http://www.sap.com/ICC/Rule"><rule:KeyDataDomain><rule:name>SC_LFM1</rule:name><rule:description>Score Card for LFM1</rule:description><rule:pdfAttached>N</rule:pdfAttached><rule:weight>100</rule:weight><rule:lowThreshold>5</rule:lowThreshold><rule:highThreshold>8</rule:highThreshold><rule:isFixed>false</rule:isFixed><rule:Dimensions><rule:Dimension><rule:name>Completeness</rule:name><rule:description/><rule:weight>50.0</rule:weight><rule:lowThreshold>5</rule:lowThreshold><rule:highThreshold>8</rule:highThreshold><rule:isFixed>false</rule:isFixed><rule:Rules><rule:Rule><rule:name>RL_INCO1_Incoterms_Part 1_LFM1_mandatory</rule:name><rule:description>Incoterms (Part 1) is mandatory</rule:description><rule:weight>50.0</rule:weight><rule:lowThreshold>5</rule:lowThreshold><rule:highThreshold>8</rule:highThreshold><rule:isFixed>false</rule:isFixed><rule:RuleBindings><rule:RuleBinding ruleName="RL_INCO1_Incoterms_Part 1_LFM1_mandatory" tableId="SAP_ECC.LFM1.INCO1|226" weight="100.0" isFixed="false" lowThreshold="5" highThreshold="8"/></rule:RuleBindings></rule:Rule><rule:Rule><rule:name>RL_EKORG_Purchasing_Organization_LFM1_mandatory</rule:name><rule:description>Purchasing Organization is mandatory</rule:description><rule:weight>50.0</rule:weight><rule:lowThreshold>5</rule:lowThreshold><rule:highThreshold>8</rule:highThreshold><rule:isFixed>false</rule:isFixed><rule:RuleBindings><rule:RuleBinding ruleName="RL_EKORG_Purchasing_Organization_LFM1_mandatory" tableId="SAP_ECC.LFM1.EKORG|226" weight="100.0" isFixed="false" lowThreshold="5" highThreshold="8"/></rule:RuleBindings></rule:Rule></rule:Rules></rule:Dimension><rule:Dimension><rule:name>Integrity</rule:name><rule:description/><rule:weight>50.0</rule:weight><rule:lowThreshold>5</rule:lowThreshold><rule:highThreshold>8</rule:highThreshold><rule:isFixed>false</rule:isFixed><rule:Rules><rule:Rule><rule:name>RL_EKGRP_Purchasing_group_LFM1_lkp</rule:name><rule:description>Purchasing group should be available in reference table (T024)</rule:description><rule:weight>100.0</rule:weight><rule:lowThreshold>5</rule:lowThreshold><rule:highThreshold>8</rule:highThreshold><rule:isFixed>false</rule:isFixed><rule:RuleBindings><rule:RuleBinding ruleName="RL_EKGRP_Purchasing_group_LFM1_lkp" tableId="SAP_ECC.LFM1.EKGRP|226" weight="100.0" isFixed="false" lowThreshold="5" highThreshold="8"/></rule:RuleBindings></rule:Rule></rule:Rules></rule:Dimension></rule:Dimensions></rule:KeyDataDomain></rule:KDDExport>