<?xml version="1.0" encoding="utf-8" ?> <rule:KDDExport version="14.2.10.1763" xmlns:rule="http://www.sap.com/ICC/Rule"><rule:KeyDataDomain><rule:name>SC_LFM2</rule:name><rule:description>Score Card for LFM2</rule:description><rule:pdfAttached>N</rule:pdfAttached><rule:weight>100</rule:weight><rule:lowThreshold>5</rule:lowThreshold><rule:highThreshold>8</rule:highThreshold><rule:isFixed>false</rule:isFixed><rule:Dimensions><rule:Dimension><rule:name>Integrity</rule:name><rule:description/><rule:weight>100.0</rule:weight><rule:lowThreshold>5</rule:lowThreshold><rule:highThreshold>8</rule:highThreshold><rule:isFixed>false</rule:isFixed><rule:Rules><rule:Rule><rule:name>RL_LTSNR_Supplier_Subrange_LFM2_lkp</rule:name><rule:description>Supplier Subrange should be available in reference table (WYT1)</rule:description><rule:weight>33.34</rule:weight><rule:lowThreshold>5</rule:lowThreshold><rule:highThreshold>8</rule:highThreshold><rule:isFixed>false</rule:isFixed><rule:RuleBindings><rule:RuleBinding ruleName="RL_LTSNR_Supplier_Subrange_LFM2_lkp" tableId="SAP_ECC.LFM2.LTSNR|226" weight="100.0" isFixed="false" lowThreshold="5" highThreshold="8"/></rule:RuleBindings></rule:Rule><rule:Rule><rule:name>RL_EKORG_Purchasing_Organization_LFM2_lkp</rule:name><rule:description>Purchasing Organization should be available in reference table (T024E)</rule:description><rule:weight>33.33</rule:weight><rule:lowThreshold>5</rule:lowThreshold><rule:highThreshold>8</rule:highThreshold><rule:isFixed>false</rule:isFixed><rule:RuleBindings><rule:RuleBinding ruleName="RL_EKORG_Purchasing_Organization_LFM2_lkp" tableId="SAP_ECC.LFM2.EKORG|226" weight="100.0" isFixed="false" lowThreshold="5" highThreshold="8"/></rule:RuleBindings></rule:Rule><rule:Rule><rule:name>RL_WERKS_Plant_LFM2_LFA1_lkp</rule:name><rule:description>Plant should be available in reference table (T001W)</rule:description><rule:weight>33.33</rule:weight><rule:lowThreshold>5</rule:lowThreshold><rule:highThreshold>8</rule:highThreshold><rule:isFixed>false</rule:isFixed><rule:RuleBindings><rule:RuleBinding ruleName="RL_WERKS_Plant_LFM2_LFA1_lkp" tableId="SAP_ECC.LFM2.WERKS|226" weight="100.0" isFixed="false" lowThreshold="5" highThreshold="8"/></rule:RuleBindings></rule:Rule></rule:Rules></rule:Dimension></rule:Dimensions></rule:KeyDataDomain></rule:KDDExport>