<?xml version="1.0" encoding="utf-8" ?> <rule:KDDExport version="14.2.10.1763" xmlns:rule="http://www.sap.com/ICC/Rule"><rule:KeyDataDomain><rule:name>SC_VENDOR</rule:name><rule:description>Vendor Master Scorecard for all views</rule:description><rule:pdfAttached>N</rule:pdfAttached><rule:weight>100</rule:weight><rule:lowThreshold>5</rule:lowThreshold><rule:highThreshold>8</rule:highThreshold><rule:isFixed>false</rule:isFixed><rule:Dimensions><rule:Dimension><rule:name>Completeness</rule:name><rule:description/><rule:weight>33.33</rule:weight><rule:lowThreshold>5</rule:lowThreshold><rule:highThreshold>8</rule:highThreshold><rule:isFixed>false</rule:isFixed><rule:Rules><rule:Rule><rule:name>RL_BEGRU_Authorization_Group_LFB1_mandatory</rule:name><rule:description>Authorization Group is mandatory</rule:description><rule:weight>5.26</rule:weight><rule:lowThreshold>5</rule:lowThreshold><rule:highThreshold>8</rule:highThreshold><rule:isFixed>false</rule:isFixed><rule:RuleBindings><rule:RuleBinding ruleName="RL_BEGRU_Authorization_Group_LFB1_mandatory" tableId="SAP_ECC.LFB1.BEGRU|226" weight="100.0" isFixed="false" lowThreshold="5" highThreshold="8"/></rule:RuleBindings></rule:Rule><rule:Rule><rule:name>RL_BANKS_Bank_Country_Key_LFBK_mandatory</rule:name><rule:description>Bank Country Key is mandatory</rule:description><rule:weight>5.27</rule:weight><rule:lowThreshold>5</rule:lowThreshold><rule:highThreshold>8</rule:highThreshold><rule:isFixed>false</rule:isFixed><rule:RuleBindings><rule:RuleBinding ruleName="RL_BANKS_Bank_Country_Key_LFBK_mandatory" tableId="SAP_ECC.LFBK.BANKS|226" weight="100.0" isFixed="false" lowThreshold="5" highThreshold="8"/></rule:RuleBindings></rule:Rule><rule:Rule><rule:name>RL_KTOKK_Vendor_account_group_LFA1_mandatory</rule:name><rule:description>Vendor account group is mandatory</rule:description><rule:weight>5.26</rule:weight><rule:lowThreshold>5</rule:lowThreshold><rule:highThreshold>8</rule:highThreshold><rule:isFixed>false</rule:isFixed><rule:RuleBindings><rule:RuleBinding ruleName="RL_KTOKK_Vendor_account_group_LFA1_mandatory" tableId="SAP_ECC.LFA1.KTOKK|226" weight="100.0" isFixed="false" lowThreshold="5" highThreshold="8"/></rule:RuleBindings></rule:Rule><rule:Rule><rule:name>RL_BANKN_Bank_Account_Number_LFBK_mandatory</rule:name><rule:description>Bank account number is mandatory</rule:description><rule:weight>5.26</rule:weight><rule:lowThreshold>5</rule:lowThreshold><rule:highThreshold>8</rule:highThreshold><rule:isFixed>false</rule:isFixed><rule:RuleBindings><rule:RuleBinding ruleName="RL_BANKN_Bank_Account_Number_LFBK_mandatory" tableId="SAP_ECC.LFBK.BANKN|226" weight="100.0" isFixed="false" lowThreshold="5" highThreshold="8"/></rule:RuleBindings></rule:Rule><rule:Rule><rule:name>RL_BANKL_Bank_Key_LFBK_mandatory</rule:name><rule:description>Bank Key is mandatory</rule:description><rule:weight>5.26</rule:weight><rule:lowThreshold>5</rule:lowThreshold><rule:highThreshold>8</rule:highThreshold><rule:isFixed>false</rule:isFixed><rule:RuleBindings><rule:RuleBinding ruleName="RL_BANKL_Bank_Key_LFBK_mandatory" tableId="SAP_ECC.LFBK.BANKL|226" weight="100.0" isFixed="false" lowThreshold="5" highThreshold="8"/></rule:RuleBindings></rule:Rule><rule:Rule><rule:name>RL_PSTLZ_Search_Term1_LFA1_mandatory</rule:name><rule:description>Postal code is mandatory</rule:description><rule:weight>5.26</rule:weight><rule:lowThreshold>5</rule:lowThreshold><rule:highThreshold>8</rule:highThreshold><rule:isFixed>false</rule:isFixed><rule:RuleBindings><rule:RuleBinding ruleName="RL_PSTLZ_Search_Term1_LFA1_mandatory" tableId="SAP_ECC.LFA1.PSTLZ|226" weight="100.0" isFixed="false" lowThreshold="5" highThreshold="8"/></rule:RuleBindings></rule:Rule><rule:Rule><rule:name>RL_INCO1_Incoterms_Part 1_LFM1_mandatory</rule:name><rule:description>Incoterms (Part 1) is mandatory</rule:description><rule:weight>5.27</rule:weight><rule:lowThreshold>5</rule:lowThreshold><rule:highThreshold>8</rule:highThreshold><rule:isFixed>false</rule:isFixed><rule:RuleBindings><rule:RuleBinding ruleName="RL_INCO1_Incoterms_Part 1_LFM1_mandatory" tableId="SAP_ECC.LFM1.INCO1|226" weight="100.0" isFixed="false" lowThreshold="5" highThreshold="8"/></rule:RuleBindings></rule:Rule><rule:Rule><rule:name>RL_EKORG_Purchasing_Organization_LFM1_mandatory</rule:name><rule:description>Purchasing Organization is mandatory</rule:description><rule:weight>5.26</rule:weight><rule:lowThreshold>5</rule:lowThreshold><rule:highThreshold>8</rule:highThreshold><rule:isFixed>false</rule:isFixed><rule:RuleBindings><rule:RuleBinding ruleName="RL_EKORG_Purchasing_Organization_LFM1_mandatory" tableId="SAP_ECC.LFM1.EKORG|226" weight="100.0" isFixed="false" lowThreshold="5" highThreshold="8"/></rule:RuleBindings></rule:Rule><rule:Rule><rule:name>RL_BUKRS_Company_Code_LFBW_mandatory</rule:name><rule:description>Company Code is mandatory</rule:description><rule:weight>5.27</rule:weight><rule:lowThreshold>5</rule:lowThreshold><rule:highThreshold>8</rule:highThreshold><rule:isFixed>false</rule:isFixed><rule:RuleBindings><rule:RuleBinding ruleName="RL_BUKRS_Company_Code_LFBW_mandatory" tableId="SAP_ECC.LFBW.BUKRS|226" weight="100.0" isFixed="false" lowThreshold="5" highThreshold="8"/></rule:RuleBindings></rule:Rule><rule:Rule><rule:name>RL_BUKRS_Company_Code_LFB1_mandatory</rule:name><rule:description>Company Code is mandatory</rule:description><rule:weight>5.27</rule:weight><rule:lowThreshold>5</rule:lowThreshold><rule:highThreshold>8</rule:highThreshold><rule:isFixed>false</rule:isFixed><rule:RuleBindings><rule:RuleBinding ruleName="RL_BUKRS_Company_Code_LFB1_mandatory" tableId="SAP_ECC.LFB1.BUKRS|226" weight="100.0" isFixed="false" lowThreshold="5" highThreshold="8"/></rule:RuleBindings></rule:Rule><rule:Rule><rule:name>RL_SORTL_Search_Term1_LFA1_mandatory</rule:name><rule:description>Search Term 1 is mandatory</rule:description><rule:weight>5.27</rule:weight><rule:lowThreshold>5</rule:lowThreshold><rule:highThreshold>8</rule:highThreshold><rule:isFixed>false</rule:isFixed><rule:RuleBindings><rule:RuleBinding ruleName="RL_SORTL_Search_Term1_LFA1_mandatory" tableId="SAP_ECC.LFA1.SORTL|226" weight="100.0" isFixed="false" lowThreshold="5" highThreshold="8"/></rule:RuleBindings></rule:Rule><rule:Rule><rule:name>RL_AKONT_Recon_Acc_in_GL_LFB1_mandatory</rule:name><rule:description>Reconciliation Account in General Ledger is mandatory</rule:description><rule:weight>5.26</rule:weight><rule:lowThreshold>5</rule:lowThreshold><rule:highThreshold>8</rule:highThreshold><rule:isFixed>false</rule:isFixed><rule:RuleBindings><rule:RuleBinding ruleName="RL_AKONT_Recon_Acc_in_GL_LFB1_mandatory" tableId="SAP_ECC.LFB1.AKONT|226" weight="100.0" isFixed="false" lowThreshold="5" highThreshold="8"/></rule:RuleBindings></rule:Rule><rule:Rule><rule:name>RL_NAME1_Vendor_Name1_LFA1_mandatory</rule:name><rule:description>Vendor Name Row 1 is mandatory</rule:description><rule:weight>5.26</rule:weight><rule:lowThreshold>5</rule:lowThreshold><rule:highThreshold>8</rule:highThreshold><rule:isFixed>false</rule:isFixed><rule:RuleBindings><rule:RuleBinding ruleName="RL_NAME1_Vendor_Name1_LFA1_mandatory" tableId="SAP_ECC.LFA1.NAME1|226" weight="100.0" isFixed="false" lowThreshold="5" highThreshold="8"/></rule:RuleBindings></rule:Rule><rule:Rule><rule:name>RL_SPRAS_Language_Key_LFA1_mandatory</rule:name><rule:description>Langiage Key is mandatory</rule:description><rule:weight>5.26</rule:weight><rule:lowThreshold>5</rule:lowThreshold><rule:highThreshold>8</rule:highThreshold><rule:isFixed>false</rule:isFixed><rule:RuleBindings><rule:RuleBinding ruleName="RL_SPRAS_Language_Key_LFA1_mandatory" tableId="SAP_ECC.LFA1.SPRAS|226" weight="100.0" isFixed="false" lowThreshold="5" highThreshold="8"/></rule:RuleBindings></rule:Rule><rule:Rule><rule:name>RL_LIFNR_AccNo_of_VendorOrCreditor_LFA1_mandatory</rule:name><rule:description>Account Number of Vendor or Creditor is mandatory</rule:description><rule:weight>5.26</rule:weight><rule:lowThreshold>5</rule:lowThreshold><rule:highThreshold>8</rule:highThreshold><rule:isFixed>false</rule:isFixed><rule:RuleBindings><rule:RuleBinding ruleName="RL_LIFNR_AccNo_of_VendorOrCreditor_LFA1_mandatory" tableId="SAP_ECC.LFA1.LIFNR|226" weight="100.0" isFixed="false" lowThreshold="5" highThreshold="8"/></rule:RuleBindings></rule:Rule><rule:Rule><rule:name>RL_REPRF_Check_Double_Invoice_Flag_LFB1_mandatory</rule:name><rule:description>Check Double Invoice flag is mandatory</rule:description><rule:weight>5.26</rule:weight><rule:lowThreshold>5</rule:lowThreshold><rule:highThreshold>8</rule:highThreshold><rule:isFixed>false</rule:isFixed><rule:RuleBindings><rule:RuleBinding ruleName="RL_REPRF_Check_Double_Invoice_Flag_LFB1_mandatory" tableId="SAP_ECC.LFB1.REPRF|226" weight="100.0" isFixed="false" lowThreshold="5" highThreshold="8"/></rule:RuleBindings></rule:Rule><rule:Rule><rule:name>RL_LAND1_Country_Key_LFA1_mandatory</rule:name><rule:description>Country Key is mandatory</rule:description><rule:weight>5.27</rule:weight><rule:lowThreshold>5</rule:lowThreshold><rule:highThreshold>8</rule:highThreshold><rule:isFixed>false</rule:isFixed><rule:RuleBindings><rule:RuleBinding ruleName="RL_LAND1_Country_Key_LFA1_mandatory" tableId="SAP_ECC.LFA1.LAND1|226" weight="100.0" isFixed="false" lowThreshold="5" highThreshold="8"/></rule:RuleBindings></rule:Rule><rule:Rule><rule:name>RL_ZUAWA_Sort_Key_LFB1_mandatory</rule:name><rule:description>Sort Key is mandatory</rule:description><rule:weight>5.26</rule:weight><rule:lowThreshold>5</rule:lowThreshold><rule:highThreshold>8</rule:highThreshold><rule:isFixed>false</rule:isFixed><rule:RuleBindings><rule:RuleBinding ruleName="RL_ZUAWA_Sort_Key_LFB1_mandatory" tableId="SAP_ECC.LFB1.ZUAWA|226" weight="100.0" isFixed="false" lowThreshold="5" highThreshold="8"/></rule:RuleBindings></rule:Rule><rule:Rule><rule:name>RL_ORT01_City_LFA1_mandatory</rule:name><rule:description>City is mandatory</rule:description><rule:weight>5.26</rule:weight><rule:lowThreshold>5</rule:lowThreshold><rule:highThreshold>8</rule:highThreshold><rule:isFixed>false</rule:isFixed><rule:RuleBindings><rule:RuleBinding ruleName="RL_ORT01_City_LFA1_mandatory" tableId="SAP_ECC.LFA1.ORT01|226" weight="100.0" isFixed="false" lowThreshold="5" highThreshold="8"/></rule:RuleBindings></rule:Rule></rule:Rules></rule:Dimension><rule:Dimension><rule:name>Conformity</rule:name><rule:description/><rule:weight>33.33</rule:weight><rule:lowThreshold>5</rule:lowThreshold><rule:highThreshold>8</rule:highThreshold><rule:isFixed>false</rule:isFixed><rule:Rules><rule:Rule><rule:name>RL_PSTLZ_Postal_Code_LFA1_patternchk_cstm</rule:name><rule:description>Postal Code length must comply rules as defined in T005 check rule field for that particular country provided in LAND1</rule:description><rule:weight>16.67</rule:weight><rule:lowThreshold>5</rule:lowThreshold><rule:highThreshold>8</rule:highThreshold><rule:isFixed>false</rule:isFixed><rule:RuleBindings><rule:RuleBinding ruleName="RL_PSTLZ_Postal_Code_LFA1_patternchk_cstm" tableId="SAP_ECC.LFA1.PSTLZ,LAND1|226" weight="100.0" isFixed="false" lowThreshold="5" highThreshold="8"/></rule:RuleBindings></rule:Rule><rule:Rule><rule:name>RL_BKONT_Bank_Control_Key_LFBK_patternchk</rule:name><rule:description>Bank Control Key must be 2 characters</rule:description><rule:weight>16.67</rule:weight><rule:lowThreshold>5</rule:lowThreshold><rule:highThreshold>8</rule:highThreshold><rule:isFixed>false</rule:isFixed><rule:RuleBindings><rule:RuleBinding ruleName="RL_BKONT_Bank_Control_Key_LFBK_patternchk" tableId="SAP_ECC.LFBK.BKONT|226" weight="100.0" isFixed="false" lowThreshold="5" highThreshold="8"/></rule:RuleBindings></rule:Rule><rule:Rule><rule:name>RL_VBUND_Trading_Partner_LFA1_patternchk</rule:name><rule:description>VBUND must be 6 characters</rule:description><rule:weight>16.67</rule:weight><rule:lowThreshold>5</rule:lowThreshold><rule:highThreshold>8</rule:highThreshold><rule:isFixed>false</rule:isFixed><rule:RuleBindings><rule:RuleBinding ruleName="RL_VBUND_Trading_Partner_LFA1_patternchk" tableId="SAP_ECC.LFA1.VBUND|226" weight="100.0" isFixed="false" lowThreshold="5" highThreshold="8"/></rule:RuleBindings></rule:Rule><rule:Rule><rule:name>RL_BANKN_Bank_Account_Number_LFBK_patternchk_cstm</rule:name><rule:description>Bank account number must follow permitted character lengths defined by T005-PRBKN</rule:description><rule:weight>16.66</rule:weight><rule:lowThreshold>5</rule:lowThreshold><rule:highThreshold>8</rule:highThreshold><rule:isFixed>false</rule:isFixed><rule:RuleBindings><rule:RuleBinding ruleName="RL_BANKN_Bank_Account_Number_LFBK_patternchk_cstm" tableId="Views.VW_LFA1_LFBK_JOIN.BANKN,LAND1|276" weight="100.0" isFixed="false" lowThreshold="5" highThreshold="8"/></rule:RuleBindings></rule:Rule><rule:Rule><rule:name>RL_STCD2_Tax_Code_LFA1_patternchk_cstm</rule:name><rule:description>Tax code must follow permitted character lengths defined by T005-PRST2</rule:description><rule:weight>16.66</rule:weight><rule:lowThreshold>5</rule:lowThreshold><rule:highThreshold>8</rule:highThreshold><rule:isFixed>false</rule:isFixed><rule:RuleBindings><rule:RuleBinding ruleName="RL_STCD2_Tax_Code_LFA1_patternchk_cstm" tableId="SAP_ECC.LFA1.STCD2,LAND1|226" weight="100.0" isFixed="false" lowThreshold="5" highThreshold="8"/></rule:RuleBindings></rule:Rule><rule:Rule><rule:name>RL_STCD1_Tax_Code_LFA1_patternchk_cstm</rule:name><rule:description>Tax code must follow permitted character lengths defined by T005-PRST1</rule:description><rule:weight>16.67</rule:weight><rule:lowThreshold>5</rule:lowThreshold><rule:highThreshold>8</rule:highThreshold><rule:isFixed>false</rule:isFixed><rule:RuleBindings><rule:RuleBinding ruleName="RL_STCD1_Tax_Code_LFA1_patternchk_cstm" tableId="SAP_ECC.LFA1.STCD1,LAND1|226" weight="100.0" isFixed="false" lowThreshold="5" highThreshold="8"/></rule:RuleBindings></rule:Rule></rule:Rules></rule:Dimension><rule:Dimension><rule:name>Integrity</rule:name><rule:description/><rule:weight>33.34</rule:weight><rule:lowThreshold>5</rule:lowThreshold><rule:highThreshold>8</rule:highThreshold><rule:isFixed>false</rule:isFixed><rule:Rules><rule:Rule><rule:name>RL_WITHT_Indicator_for_WithholdingTaxType_LFBW_lkp</rule:name><rule:description>Indicator for withholding tax type(WITHT) should be available in reference table (T059P)</rule:description><rule:weight>6.25</rule:weight><rule:lowThreshold>5</rule:lowThreshold><rule:highThreshold>8</rule:highThreshold><rule:isFixed>false</rule:isFixed><rule:RuleBindings><rule:RuleBinding ruleName="RL_WITHT_Indicator_for_WithholdingTaxType_LFBW_lkp" tableId="SAP_ECC.LFBW.WITHT|226" weight="100.0" isFixed="false" lowThreshold="5" highThreshold="8"/></rule:RuleBindings></rule:Rule><rule:Rule><rule:name>RL_ZWELS_List_of_Payment_Methods_LFB1_lkp</rule:name><rule:description>List of the Payment Methods to be Considered(ZWELS) should be available in reference table (V_T042E)</rule:description><rule:weight>6.25</rule:weight><rule:lowThreshold>5</rule:lowThreshold><rule:highThreshold>8</rule:highThreshold><rule:isFixed>false</rule:isFixed><rule:RuleBindings><rule:RuleBinding ruleName="RL_ZWELS_List_of_Payment_Methods_LFB1_lkp" tableId="SAP_ECC.LFB1.ZWELS|226" weight="100.0" isFixed="false" lowThreshold="5" highThreshold="8"/></rule:RuleBindings></rule:Rule><rule:Rule><rule:name>RL_ZUAWA_Key_for_sorting_LFB1_lkp</rule:name><rule:description>Key for sorting according to assignment numbers (ZUAWA) should be available in reference table (TZUN)</rule:description><rule:weight>6.25</rule:weight><rule:lowThreshold>5</rule:lowThreshold><rule:highThreshold>8</rule:highThreshold><rule:isFixed>false</rule:isFixed><rule:RuleBindings><rule:RuleBinding ruleName="RL_ZUAWA_Key_for_sorting_LFB1_lkp" tableId="SAP_ECC.LFB1.ZUAWA|226" weight="100.0" isFixed="false" lowThreshold="5" highThreshold="8"/></rule:RuleBindings></rule:Rule><rule:Rule><rule:name>RL_ADRNR_Address numbers_LFA1_lkp</rule:name><rule:description>Address numbers must be referenced from table ADRC</rule:description><rule:weight>6.25</rule:weight><rule:lowThreshold>5</rule:lowThreshold><rule:highThreshold>8</rule:highThreshold><rule:isFixed>false</rule:isFixed><rule:RuleBindings><rule:RuleBinding ruleName="RL_ADRNR_Address numbers_LFA1_lkp" tableId="SAP_ECC.LFA1.ADRNR|226" weight="100.0" isFixed="false" lowThreshold="5" highThreshold="8"/></rule:RuleBindings></rule:Rule><rule:Rule><rule:name>RL_ZTERM_Terms_of_Payment_Key_LFB1_lkp</rule:name><rule:description>Terms of Payment Key(ZTERM) should be available in reference table (T052)</rule:description><rule:weight>6.25</rule:weight><rule:lowThreshold>5</rule:lowThreshold><rule:highThreshold>8</rule:highThreshold><rule:isFixed>false</rule:isFixed><rule:RuleBindings><rule:RuleBinding ruleName="RL_ZTERM_Terms_of_Payment_Key_LFB1_lkp" tableId="SAP_ECC.LFB1.ZTERM|226" weight="100.0" isFixed="false" lowThreshold="5" highThreshold="8"/></rule:RuleBindings></rule:Rule><rule:Rule><rule:name>RL_WERKS_Plant_LFM2_LFA1_lkp</rule:name><rule:description>Plant should be available in reference table (T001W)</rule:description><rule:weight>6.25</rule:weight><rule:lowThreshold>5</rule:lowThreshold><rule:highThreshold>8</rule:highThreshold><rule:isFixed>false</rule:isFixed><rule:RuleBindings><rule:RuleBinding ruleName="RL_WERKS_Plant_LFM2_LFA1_lkp" tableId="SAP_ECC.LFM2.WERKS|226" weight="50.0" isFixed="false" lowThreshold="5" highThreshold="8"/><rule:RuleBinding ruleName="RL_WERKS_Plant_LFM2_LFA1_lkp" tableId="SAP_ECC.LFA1.WERKS|226" weight="50.0" isFixed="false" lowThreshold="5" highThreshold="8"/></rule:RuleBindings></rule:Rule><rule:Rule><rule:name>RL_KUNNR_Customer_LFA1_lkp</rule:name><rule:description>Customer must reference table KNA1</rule:description><rule:weight>6.25</rule:weight><rule:lowThreshold>5</rule:lowThreshold><rule:highThreshold>8</rule:highThreshold><rule:isFixed>false</rule:isFixed><rule:RuleBindings><rule:RuleBinding ruleName="RL_KUNNR_Customer_LFA1_lkp" tableId="SAP_ECC.LFA1.KUNNR|226" weight="100.0" isFixed="false" lowThreshold="5" highThreshold="8"/></rule:RuleBindings></rule:Rule><rule:Rule><rule:name>RL_TOGRU_ToleranceGroupForBP_GL_LFB1_lkp</rule:name><rule:description>Tolerance group for the business partner/G/L account(TOGRU) should be available in reference table (T043G)</rule:description><rule:weight>6.25</rule:weight><rule:lowThreshold>5</rule:lowThreshold><rule:highThreshold>8</rule:highThreshold><rule:isFixed>false</rule:isFixed><rule:RuleBindings><rule:RuleBinding ruleName="RL_TOGRU_ToleranceGroupForBP_GL_LFB1_lkp" tableId="SAP_ECC.LFB1.TOGRU|226" weight="100.0" isFixed="false" lowThreshold="5" highThreshold="8"/></rule:RuleBindings></rule:Rule><rule:Rule><rule:name>RL_LNRZE_Head_office_account_number_LFB1_lkp_cstm</rule:name><rule:description>Head office account number(LNRZE) should be available in reference table (LFA1)</rule:description><rule:weight>6.25</rule:weight><rule:lowThreshold>5</rule:lowThreshold><rule:highThreshold>8</rule:highThreshold><rule:isFixed>false</rule:isFixed><rule:RuleBindings><rule:RuleBinding ruleName="RL_LNRZE_Head_office_account_number_LFB1_lkp_cstm" tableId="SAP_ECC.LFB1.LNRZE|226" weight="100.0" isFixed="false" lowThreshold="5" highThreshold="8"/></rule:RuleBindings></rule:Rule><rule:Rule><rule:name>RL_TXJCD_Tax_Jurisdiction_Code_LFA1_lkp</rule:name><rule:description>Tax Jurisdiction Code must reference table TTXJ</rule:description><rule:weight>6.25</rule:weight><rule:lowThreshold>5</rule:lowThreshold><rule:highThreshold>8</rule:highThreshold><rule:isFixed>false</rule:isFixed><rule:RuleBindings><rule:RuleBinding ruleName="RL_TXJCD_Tax_Jurisdiction_Code_LFA1_lkp" tableId="SAP_ECC.LFA1.TXJCD|226" weight="100.0" isFixed="false" lowThreshold="5" highThreshold="8"/></rule:RuleBindings></rule:Rule><rule:Rule><rule:name>RL_BRSCH_Industry_key_LFA1_lkp</rule:name><rule:description>Industry key should be available in reference table (T016)</rule:description><rule:weight>6.25</rule:weight><rule:lowThreshold>5</rule:lowThreshold><rule:highThreshold>8</rule:highThreshold><rule:isFixed>false</rule:isFixed><rule:RuleBindings><rule:RuleBinding ruleName="RL_BRSCH_Industry_key_LFA1_lkp" tableId="SAP_ECC.LFA1.BRSCH|226" weight="100.0" isFixed="false" lowThreshold="5" highThreshold="8"/></rule:RuleBindings></rule:Rule><rule:Rule><rule:name>RL_LNRZA_Customer_LFA1_lkp_cstm</rule:name><rule:description>A Vendor assigned an alternate payee can’t be an alternate payee for another Vendor</rule:description><rule:weight>6.25</rule:weight><rule:lowThreshold>5</rule:lowThreshold><rule:highThreshold>8</rule:highThreshold><rule:isFixed>false</rule:isFixed><rule:RuleBindings><rule:RuleBinding ruleName="RL_LNRZA_Customer_LFA1_lkp_cstm" tableId="SAP_ECC.LFA1.LNRZA|226" weight="100.0" isFixed="false" lowThreshold="5" highThreshold="8"/></rule:RuleBindings></rule:Rule><rule:Rule><rule:name>RL_LTSNR_Supplier_Subrange_LFM2_lkp</rule:name><rule:description>Supplier Subrange should be available in reference table (WYT1)</rule:description><rule:weight>6.25</rule:weight><rule:lowThreshold>5</rule:lowThreshold><rule:highThreshold>8</rule:highThreshold><rule:isFixed>false</rule:isFixed><rule:RuleBindings><rule:RuleBinding ruleName="RL_LTSNR_Supplier_Subrange_LFM2_lkp" tableId="SAP_ECC.LFM2.LTSNR|226" weight="100.0" isFixed="false" lowThreshold="5" highThreshold="8"/></rule:RuleBindings></rule:Rule><rule:Rule><rule:name>RL_EKORG_Purchasing_Organization_LFM2_lkp</rule:name><rule:description>Purchasing Organization should be available in reference table (T024E)</rule:description><rule:weight>6.25</rule:weight><rule:lowThreshold>5</rule:lowThreshold><rule:highThreshold>8</rule:highThreshold><rule:isFixed>false</rule:isFixed><rule:RuleBindings><rule:RuleBinding ruleName="RL_EKORG_Purchasing_Organization_LFM2_lkp" tableId="SAP_ECC.LFM2.EKORG|226" weight="100.0" isFixed="false" lowThreshold="5" highThreshold="8"/></rule:RuleBindings></rule:Rule><rule:Rule><rule:name>RL_EKGRP_Purchasing_group_LFM1_lkp</rule:name><rule:description>Purchasing group should be available in reference table (T024)</rule:description><rule:weight>6.25</rule:weight><rule:lowThreshold>5</rule:lowThreshold><rule:highThreshold>8</rule:highThreshold><rule:isFixed>false</rule:isFixed><rule:RuleBindings><rule:RuleBinding ruleName="RL_EKGRP_Purchasing_group_LFM1_lkp" tableId="SAP_ECC.LFM1.EKGRP|226" weight="100.0" isFixed="false" lowThreshold="5" highThreshold="8"/></rule:RuleBindings></rule:Rule><rule:Rule><rule:name>RL_WT_WITHCD_Withholding_tax_code_LFBW_lkp</rule:name><rule:description>Withholding tax code(WT_WITHCD) should be available in reference table (T059Z)</rule:description><rule:weight>6.25</rule:weight><rule:lowThreshold>5</rule:lowThreshold><rule:highThreshold>8</rule:highThreshold><rule:isFixed>false</rule:isFixed><rule:RuleBindings><rule:RuleBinding ruleName="RL_WT_WITHCD_Withholding_tax_code_LFBW_lkp" tableId="SAP_ECC.LFBW.WT_WITHCD|226" weight="100.0" isFixed="false" lowThreshold="5" highThreshold="8"/></rule:RuleBindings></rule:Rule></rule:Rules></rule:Dimension></rule:Dimensions></rule:KeyDataDomain></rule:KDDExport>