<?xml version="1.0" encoding="utf-8" ?> <ConnectionExport xmlns="http://www.sap.com/IS/Connection" version="14.2.10.1763"><Connection><technical_name><![CDATA[SAP_ECC]]></technical_name><business_name><![CDATA[SAP_ECC]]></business_name><canonical_name><![CDATA[SAPECCDatastoreConfiguration:10.0.122.73:800:00]]></canonical_name><connection_type><![CDATA[245]]></connection_type><Properties><Property name="SAP.GenerateABAPDirectory"><![CDATA[]]></Property><Property name="Connection.Authentication"><![CDATA[password]]></Property><Property name="DatabaseName"><![CDATA[SAPECCDatastoreConfiguration]]></Property><Property name="SAP.ExecuteInBackground"><![CDATA[true]]></Property><Property name="Connection.CanonicalNameTemplate"><![CDATA[{Connection.ServerName}:{Connection.ClientNumber}:{Connection.SystemNumber}]]></Property><Property name="Connection.ClientNumber"><![CDATA[800]]></Property><Property name="SAP.ABAPExecutionOption"><![CDATA[generate_and_execute]]></Property><Property name="LoadBalance.LoadBalance"><![CDATA[no]]></Property><Property name="RFC.ABAPRFCDestination"><![CDATA[SAPDS]]></Property><Property name="JobClass"><![CDATA[C]]></Property><Property name="SAP.ServerWorkingDirectory"><![CDATA[]]></Property><Property name="Locale.CodePage"><![CDATA[default]]></Property><Property name="name"><![CDATA[SAP_ECC]]></Property><Property name="SAP.ConnectionRetry"><![CDATA[3]]></Property><Property name="Connection.SystemNumber"><![CDATA[00]]></Property><Property name="SAP.DataTransferMethod"><![CDATA[None]]></Property><Property name="Locale.Language"><![CDATA[EN - English]]></Property><Property name="FailedData"><![CDATA[false]]></Property><Property name="Connection.RoutingString"><![CDATA[]]></Property><Property name="Connection.ServerName"><![CDATA[10.0.122.73]]></Property><Property name="SAP.RetryInterval"><![CDATA[10]]></Property><Property name="SAP.SecurityProfile"><![CDATA[]]></Property></Properties></Connection></ConnectionExport>