<?xml version="1.0" encoding="utf-8" ?> <RuleExport xmlns="http://www.sap.com/ICC/Rule" version="14.2.14.2834"><RuleInfo> <rule:Rule guid="ABCC90D8-A59A-4332-BA3E-343908DE0140" xmlns:rule="http://www.sap.com/ICC/Rule">
<rule:name>RL_PSTLZ_CanadaPostalCode_KNA1_cstm</rule:name>
<rule:grammar_version>1.0.0</rule:grammar_version>
<rule:description>Rule to check if the Postal Code for Canadian address is in the format A9A 9A9</rule:description>
<rule:Categories><rule:Category name="CA.rule dimension">Conformity</rule:Category></rule:Categories><rule:Parameters>
<rule:Parameter score="true">
<rule:technical_name>$PR_PSTLZ_KNA1</rule:technical_name>
<rule:description>Postal Code Parameter</rule:description>
<rule:data_type>varchar</rule:data_type>
<rule:content_type/>
</rule:Parameter>
<rule:Parameter score="true">
<rule:technical_name>$PR_LAND1_KNA1</rule:technical_name>
<rule:description>Country Parameter</rule:description>
<rule:data_type>varchar</rule:data_type>
<rule:content_type/>
</rule:Parameter>
</rule:Parameters>
<rule:ValidationDefinition usage="structured">
<rule:expression>BEGIN RETURN
$PR_LAND1_KNA1 = 'CA'
AND match_pattern($PR_LAND1_KNA1, 'X9X 9X9');
END</rule:expression>
<rule:Structured>
<rule:parameter_name>$PR_LAND1_KNA1</rule:parameter_name>
<rule:operator>EQ</rule:operator>
<rule:value>CA</rule:value>
</rule:Structured>
<rule:Structured>
<rule:parameter_name>$PR_LAND1_KNA1</rule:parameter_name>
<rule:operator>matchPattern</rule:operator>
<rule:value>X9X 9X9</rule:value>
</rule:Structured>
</rule:ValidationDefinition>
<rule:FilterDefinition usage="expression">
<rule:expression>$PR_LAND1_KNA1 = 'CA'
AND length($PR_LAND1_KNA1) >= 2
AND $PR_LAND1_KNA1 IS NOT NULL
AND $PR_LAND1_KNA1 != ''</rule:expression>
</rule:FilterDefinition>
</rule:Rule></RuleInfo> </RuleExport> 