<MetadataReply xmlns="http://www.sap.com/DataServices/DataServicesXSD">
  <ID>7661</ID>
  <MetadataObjects>
    <Table Name="KNVV" Owner="" Description="Customer Master Sales Data">
      <Attributes>
        <Attribute Name="SAP_Table_Class" Value="1"/>
        <Attribute Name="SAP_Table_Class_Name" Value="transparent"/>
        <Attribute Name="sap_row_size" Value="427"/>
        <Attribute Name="sap_table_size_category" Value="3"/>
        <Attribute Name="sap_table_type" Value="Transparent Table"/>
      </Attributes>
      <Column Name="MANDT" Nullable="false" DataType="varchar" Size="3" NativeType="varchar" Description="Client"/>
      <Column Name="KUNNR" Nullable="false" DataType="varchar" Size="10" NativeType="varchar" Description="Customer Number"/>
      <Column Name="VKORG" Nullable="false" DataType="varchar" Size="4" NativeType="varchar" Description="Sales Organization"/>
      <Column Name="VTWEG" Nullable="false" DataType="varchar" Size="2" NativeType="varchar" Description="Distribution Channel"/>
      <Column Name="SPART" Nullable="false" DataType="varchar" Size="2" NativeType="varchar" Description="Division"/>
      <Column Name="ERNAM" Nullable="true" DataType="varchar" Size="12" NativeType="varchar" Description="Name of Person who Created the Object"/>
      <Column Name="ERDAT" Nullable="true" DataType="date" NativeType="date" Description="Date on Which Record Was Created"/>
      <Column Name="BEGRU" Nullable="true" DataType="varchar" Size="4" NativeType="varchar" Description="Authorization Group"/>
      <Column Name="LOEVM" Nullable="true" DataType="varchar" Size="1" NativeType="varchar" Description="Deletion flag for customer (sales level)"/>
      <Column Name="VERSG" Nullable="true" DataType="varchar" Size="1" NativeType="varchar" Description="Customer Statistics Group"/>
      <Column Name="AUFSD" Nullable="true" DataType="varchar" Size="2" NativeType="varchar" Description="Customer order block (sales area)"/>
      <Column Name="KALKS" Nullable="true" DataType="varchar" Size="1" NativeType="varchar" Description="Pricing procedure assigned to this customer"/>
      <Column Name="KDGRP" Nullable="true" DataType="varchar" Size="2" NativeType="varchar" Description="Customer group"/>
      <Column Name="BZIRK" Nullable="true" DataType="varchar" Size="6" NativeType="varchar" Description="Sales district"/>
      <Column Name="KONDA" Nullable="true" DataType="varchar" Size="2" NativeType="varchar" Description="Price group (customer)"/>
      <Column Name="PLTYP" Nullable="true" DataType="varchar" Size="2" NativeType="varchar" Description="Price list type"/>
      <Column Name="AWAHR" Nullable="true" DataType="numeric" Precision="3" Scale="0" NativeType="numeric" Description="Order probability of the item"/>
      <Column Name="INCO1" Nullable="true" DataType="varchar" Size="3" NativeType="varchar" Description="Incoterms (Part 1)"/>
      <Column Name="INCO2" Nullable="true" DataType="varchar" Size="28" NativeType="varchar" Description="Incoterms (Part 2)"/>
      <Column Name="LIFSD" Nullable="true" DataType="varchar" Size="2" NativeType="varchar" Description="Customer delivery block (sales area)"/>
      <Column Name="AUTLF" Nullable="true" DataType="varchar" Size="1" NativeType="varchar" Description="Complete delivery defined for each sales order?"/>
      <Column Name="ANTLF" Nullable="true" DataType="decimal" Precision="1" Scale="0" NativeType="decimal" Description="Maximum Number of Partial Deliveries Allowed Per Item"/>
      <Column Name="KZTLF" Nullable="true" DataType="varchar" Size="1" NativeType="varchar" Description="Partial delivery at item level"/>
      <Column Name="KZAZU" Nullable="true" DataType="varchar" Size="1" NativeType="varchar" Description="Order Combination Indicator"/>
      <Column Name="CHSPL" Nullable="true" DataType="varchar" Size="1" NativeType="varchar" Description="Batch split allowed"/>
      <Column Name="LPRIO" Nullable="true" DataType="numeric" Precision="2" Scale="0" NativeType="numeric" Description="Delivery Priority"/>
      <Column Name="EIKTO" Nullable="true" DataType="varchar" Size="12" NativeType="varchar" Description="Shipper's (Our) Account Number at the Customer or Vendor"/>
      <Column Name="VSBED" Nullable="true" DataType="varchar" Size="2" NativeType="varchar" Description="Shipping Conditions"/>
      <Column Name="FAKSD" Nullable="true" DataType="varchar" Size="2" NativeType="varchar" Description="Billing block for customer (sales and distribution)"/>
      <Column Name="MRNKZ" Nullable="true" DataType="varchar" Size="1" NativeType="varchar" Description="Manual invoice maintenance"/>
      <Column Name="PERFK" Nullable="true" DataType="varchar" Size="2" NativeType="varchar" Description="Invoice dates (calendar identification)"/>
      <Column Name="PERRL" Nullable="true" DataType="varchar" Size="2" NativeType="varchar" Description="Invoice list schedule (calendar identification)"/>
      <Column Name="KVAKZ" Nullable="true" DataType="varchar" Size="1" NativeType="varchar" Description="Cost estimate indicator (inactive)"/>
      <Column Name="KVAWT" Nullable="true" DataType="decimal" Precision="13" Scale="2" NativeType="decimal" Description="Value limit for cost estimate (inactive)"/>
      <Column Name="WAERS" Nullable="true" DataType="varchar" Size="5" NativeType="varchar" Description="Currency"/>
      <Column Name="KLABC" Nullable="true" DataType="varchar" Size="2" NativeType="varchar" Description="Customer classification (ABC analysis)"/>
      <Column Name="KTGRD" Nullable="true" DataType="varchar" Size="2" NativeType="varchar" Description="Account assignment group for this customer"/>
      <Column Name="ZTERM" Nullable="true" DataType="varchar" Size="4" NativeType="varchar" Description="Terms of Payment Key"/>
      <Column Name="VWERK" Nullable="true" DataType="varchar" Size="4" NativeType="varchar" Description="Delivering Plant (Own or External)"/>
      <Column Name="VKGRP" Nullable="true" DataType="varchar" Size="3" NativeType="varchar" Description="Sales Group"/>
      <Column Name="VKBUR" Nullable="true" DataType="varchar" Size="4" NativeType="varchar" Description="Sales Office"/>
      <Column Name="VSORT" Nullable="true" DataType="varchar" Size="10" NativeType="varchar" Description="Item proposal"/>
      <Column Name="KVGR1" Nullable="true" DataType="varchar" Size="3" NativeType="varchar" Description="Customer group 1"/>
      <Column Name="KVGR2" Nullable="true" DataType="varchar" Size="3" NativeType="varchar" Description="Customer group 2"/>
      <Column Name="KVGR3" Nullable="true" DataType="varchar" Size="3" NativeType="varchar" Description="Customer group 3"/>
      <Column Name="KVGR4" Nullable="true" DataType="varchar" Size="3" NativeType="varchar" Description="Customer group 4"/>
      <Column Name="KVGR5" Nullable="true" DataType="varchar" Size="3" NativeType="varchar" Description="Customer group 5"/>
      <Column Name="BOKRE" Nullable="true" DataType="varchar" Size="1" NativeType="varchar" Description="Indicator: Customer Is Rebate-Relevant"/>
      <Column Name="BOIDT" Nullable="true" DataType="date" NativeType="date" Description="Start of validity per.for the rebate index for the customer"/>
      <Column Name="KURST" Nullable="true" DataType="varchar" Size="4" NativeType="varchar" Description="Exchange Rate Type"/>
      <Column Name="PRFRE" Nullable="true" DataType="varchar" Size="1" NativeType="varchar" Description="Relevant for price determination ID"/>
      <Column Name="PRAT1" Nullable="true" DataType="varchar" Size="1" NativeType="varchar" Description="ID for product attribute 1"/>
      <Column Name="PRAT2" Nullable="true" DataType="varchar" Size="1" NativeType="varchar" Description="ID for product attribute 2"/>
      <Column Name="PRAT3" Nullable="true" DataType="varchar" Size="1" NativeType="varchar" Description="ID for product attribute 3"/>
      <Column Name="PRAT4" Nullable="true" DataType="varchar" Size="1" NativeType="varchar" Description="ID for product attribute 4"/>
      <Column Name="PRAT5" Nullable="true" DataType="varchar" Size="1" NativeType="varchar" Description="ID for product attribute 5"/>
      <Column Name="PRAT6" Nullable="true" DataType="varchar" Size="1" NativeType="varchar" Description="ID for product attribute 6"/>
      <Column Name="PRAT7" Nullable="true" DataType="varchar" Size="1" NativeType="varchar" Description="ID for product attribute 7"/>
      <Column Name="PRAT8" Nullable="true" DataType="varchar" Size="1" NativeType="varchar" Description="ID for product attribute 8"/>
      <Column Name="PRAT9" Nullable="true" DataType="varchar" Size="1" NativeType="varchar" Description="ID for product attribute 9"/>
      <Column Name="PRATA" Nullable="true" DataType="varchar" Size="1" NativeType="varchar" Description="ID for product attribute 10"/>
      <Column Name="KABSS" Nullable="true" DataType="varchar" Size="4" NativeType="varchar" Description="Customer payment guarantee procedure"/>
      <Column Name="KKBER" Nullable="true" DataType="varchar" Size="4" NativeType="varchar" Description="Credit control area"/>
      <Column Name="CASSD" Nullable="true" DataType="varchar" Size="2" NativeType="varchar" Description="Sales block for customer (sales area)"/>
      <Column Name="RDOFF" Nullable="true" DataType="varchar" Size="1" NativeType="varchar" Description="Switch off rounding?"/>
      <Column Name="AGREL" Nullable="true" DataType="varchar" Size="1" NativeType="varchar" Description="Indicator: Relevant for agency business"/>
      <Column Name="MEGRU" Nullable="true" DataType="varchar" Size="4" NativeType="varchar" Description="Unit of Measure Group"/>
      <Column Name="UEBTO" Nullable="true" DataType="decimal" Precision="3" Scale="1" NativeType="decimal" Description="Overdelivery Tolerance Limit"/>
      <Column Name="UNTTO" Nullable="true" DataType="decimal" Precision="3" Scale="1" NativeType="decimal" Description="Underdelivery Tolerance Limit"/>
      <Column Name="UEBTK" Nullable="true" DataType="varchar" Size="1" NativeType="varchar" Description="Unlimited overdelivery allowed"/>
      <Column Name="PVKSM" Nullable="true" DataType="varchar" Size="2" NativeType="varchar" Description="Customer procedure for product proposal"/>
      <Column Name="PODKZ" Nullable="true" DataType="varchar" Size="1" NativeType="varchar" Description="Relevant for POD processing"/>
      <Column Name="PODTG" Nullable="true" DataType="decimal" Precision="11" Scale="0" NativeType="decimal" Description="Timeframe for Confirmation of POD"/>
      <Column Name="BLIND" Nullable="true" DataType="varchar" Size="1" NativeType="varchar" Description="Index Structure Active for Subsequent Settlement (in AB)"/>
      <Column Name="CARRIER_NOTIF" Nullable="true" DataType="varchar" Size="1" NativeType="varchar" Description="Carrier is to be notified"/>
      <Column Name="CVP_XBLCK_V" Nullable="false" DataType="varchar" Size="1" NativeType="varchar" Description="Business Purpose Completed Flag"/>
      <Column Name="/BEV1/EMLGPFAND" Nullable="true" DataType="varchar" Size="1" NativeType="varchar" Description="Deposit on Empties"/>
      <Column Name="/BEV1/EMLGFORTS" Nullable="true" DataType="varchar" Size="1" NativeType="varchar" Description="Indicator for Empties Update"/>
      <Column Name="/XLSO/CUST_DIS" Nullable="true" DataType="decimal" Precision="11" Scale="2" NativeType="decimal" Description="Rate (condition amount or percentage) where no scale exists"/>
      <Column Name="/XLSO/COMP_NAME" Nullable="true" DataType="varchar" Size="35" NativeType="varchar" Description="Name 1"/>
      <Column Name="/XLSO/INDUSTRY" Nullable="true" DataType="varchar" Size="4" NativeType="varchar" Description="Industry key"/>
      <Column Name="/XLSO/H_NUMBER" Nullable="true" DataType="varchar" Size="10" NativeType="varchar" Description="House Number"/>
      <Column Name="/XLSO/STREET" Nullable="true" DataType="varchar" Size="60" NativeType="varchar" Description="Street"/>
      <Column Name="/XLSO/POST_CODE" Nullable="true" DataType="varchar" Size="10" NativeType="varchar" Description="Postal Code"/>
      <Column Name="/XLSO/CITY" Nullable="true" DataType="varchar" Size="35" NativeType="varchar" Description="City"/>
      <Column Name="/XLSO/REGION" Nullable="true" DataType="varchar" Size="3" NativeType="varchar" Description="Region (State, Province, County)"/>
      <Column Name="/XLSO/COUNTRY" Nullable="true" DataType="varchar" Size="3" NativeType="varchar" Description="Country Key"/>
      <Column Name="/XLSO/INACTIVE" Nullable="true" DataType="varchar" Size="1" NativeType="varchar" Description="Single-Character Indicator"/>
      <PrimaryKey>
        <PrimaryKeyColumn>MANDT</PrimaryKeyColumn>
        <PrimaryKeyColumn>KUNNR</PrimaryKeyColumn>
        <PrimaryKeyColumn>VKORG</PrimaryKeyColumn>
        <PrimaryKeyColumn>VTWEG</PrimaryKeyColumn>
        <PrimaryKeyColumn>SPART</PrimaryKeyColumn>
      </PrimaryKey>
      <TableIndex Name="PRIMARY" isPrimary="true" Unique="true">
        <IndexColumn Name="MANDT"/>
        <IndexColumn Name="KUNNR"/>
        <IndexColumn Name="VKORG"/>
        <IndexColumn Name="VTWEG"/>
        <IndexColumn Name="SPART"/>
      </TableIndex>
      <TableIndex Name="S" isPrimary="false" Unique="false">
        <IndexColumn Name="VKGRP"/>
      </TableIndex>
      <ForeignKey Name="ACTA_FK_0" ReferredTableKey="" ReferredTable="KNA1" ReferredTableOwner="">
        <PKFKColumn Column="KUNNR" ReferredColumn="KUNNR"/>
      </ForeignKey>
      <ForeignKey Name="ACTA_FK_3" ReferredTableKey="" ReferredTable="T171" ReferredTableOwner="">
        <PKFKColumn Column="BZIRK" ReferredColumn="BZIRK"/>
      </ForeignKey>
      <ForeignKey Name="ACTA_FK_20" ReferredTableKey="" ReferredTable="TVKO" ReferredTableOwner="">
        <PKFKColumn Column="VKORG" ReferredColumn="VKORG"/>
      </ForeignKey>
      <ForeignKey Name="ACTA_FK_2" ReferredTableKey="" ReferredTable="T151" ReferredTableOwner="">
        <PKFKColumn Column="KDGRP" ReferredColumn="KDGRP"/>
      </ForeignKey>
      <ForeignKey Name="ACTA_FK_11" ReferredTableKey="" ReferredTable="TINC" ReferredTableOwner="">
        <PKFKColumn Column="INCO1" ReferredColumn="INCO1"/>
      </ForeignKey>
      <ForeignKey Name="ACTA_FK_5" ReferredTableKey="" ReferredTable="T189" ReferredTableOwner="">
        <PKFKColumn Column="PLTYP" ReferredColumn="PLTYP"/>
      </ForeignKey>
      <ForeignKey Name="ACTA_FK_4" ReferredTableKey="" ReferredTable="T188" ReferredTableOwner="">
        <PKFKColumn Column="KONDA" ReferredColumn="KONDA"/>
      </ForeignKey>
      <ForeignKey Name="ACTA_FK_23" ReferredTableKey="" ReferredTable="TVLS" ReferredTableOwner="">
        <PKFKColumn Column="LIFSD" ReferredColumn="LIFSP"/>
      </ForeignKey>
      <ForeignKey Name="ACTA_FK_25" ReferredTableKey="" ReferredTable="TVSD" ReferredTableOwner="">
        <PKFKColumn Column="VERSG" ReferredColumn="STGKU"/>
      </ForeignKey>
      <ForeignKey Name="ACTA_FK_14" ReferredTableKey="" ReferredTable="TSPA" ReferredTableOwner="">
        <PKFKColumn Column="SPART" ReferredColumn="SPART"/>
      </ForeignKey>
      <ForeignKey Name="ACTA_FK_26" ReferredTableKey="" ReferredTable="TVTW" ReferredTableOwner="">
        <PKFKColumn Column="VTWEG" ReferredColumn="VTWEG"/>
      </ForeignKey>
    </Table>
  </MetadataObjects>
  <Status>
    <StatusCode>SUCCESS</StatusCode>
  </Status>
</MetadataReply>