<MetadataReply xmlns="http://www.sap.com/DataServices/DataServicesXSD">
  <ID>7487</ID>
  <MetadataObjects>
    <Table Name="T005" Owner="" Description="Countries">
      <Attributes>
        <Attribute Name="SAP_Table_Class" Value="1"/>
        <Attribute Name="SAP_Table_Class_Name" Value="transparent"/>
        <Attribute Name="sap_row_size" Value="162"/>
        <Attribute Name="sap_table_size_category" Value="0"/>
        <Attribute Name="sap_table_type" Value="Transparent Table"/>
      </Attributes>
      <Column Name="MANDT" Nullable="false" DataType="varchar" Size="3" NativeType="varchar" Description="Client"/>
      <Column Name="LAND1" Nullable="false" DataType="varchar" Size="3" NativeType="varchar" Description="Country Key"/>
      <Column Name="LANDK" Nullable="false" DataType="varchar" Size="3" NativeType="varchar" Description="Vehicle country key"/>
      <Column Name="LNPLZ" Nullable="false" DataType="numeric" Precision="2" Scale="0" NativeType="numeric" Description="Postal code length"/>
      <Column Name="PRPLZ" Nullable="false" DataType="varchar" Size="1" NativeType="varchar" Description="Rule for the postal code field check"/>
      <Column Name="ADDRS" Nullable="false" DataType="varchar" Size="3" NativeType="varchar" Description="Formatting routine key for printing addresses"/>
      <Column Name="XPLZS" Nullable="false" DataType="varchar" Size="1" NativeType="varchar" Description="Flag: Street address postal code required entry?"/>
      <Column Name="XPLPF" Nullable="false" DataType="varchar" Size="1" NativeType="varchar" Description="Flag: PO Box postal code required?"/>
      <Column Name="SPRAS" Nullable="false" DataType="varchar" Size="1" NativeType="varchar" Description="Language Key"/>
      <Column Name="XLAND" Nullable="false" DataType="varchar" Size="1" NativeType="varchar" Description="Country version flag"/>
      <Column Name="XADDR" Nullable="true" DataType="varchar" Size="1" NativeType="varchar" Description="Flag: Print country name in foreign addresses?"/>
      <Column Name="NMFMT" Nullable="true" DataType="varchar" Size="2" NativeType="varchar" Description="Standard name format"/>
      <Column Name="XREGS" Nullable="true" DataType="varchar" Size="1" NativeType="varchar" Description="Flag: City file address check"/>
      <Column Name="XPLST" Nullable="true" DataType="varchar" Size="1" NativeType="varchar" Description="Flag: Street-specific postal code? (City file)"/>
      <Column Name="INTCA" Nullable="true" DataType="varchar" Size="2" NativeType="varchar" Description="Country ISO code"/>
      <Column Name="INTCA3" Nullable="true" DataType="varchar" Size="3" NativeType="varchar" Description="ISO country code 3 char"/>
      <Column Name="INTCN3" Nullable="true" DataType="numeric" Precision="3" Scale="0" NativeType="numeric" Description="ISO Country Code Numeric 3-Characters"/>
      <Column Name="XEGLD" Nullable="true" DataType="varchar" Size="1" NativeType="varchar" Description="Indicator: European Union Member?"/>
      <Column Name="XSKFN" Nullable="true" DataType="varchar" Size="1" NativeType="varchar" Description="Indicator: Discount base amount is the net value"/>
      <Column Name="XMWSN" Nullable="true" DataType="varchar" Size="1" NativeType="varchar" Description="Indicator: Base amount for tax is net of discount ?"/>
      <Column Name="LNBKN" Nullable="true" DataType="numeric" Precision="2" Scale="0" NativeType="numeric" Description="Bank account number length"/>
      <Column Name="PRBKN" Nullable="true" DataType="varchar" Size="1" NativeType="varchar" Description="Rule for checking bank account number field"/>
      <Column Name="LNBLZ" Nullable="true" DataType="numeric" Precision="2" Scale="0" NativeType="numeric" Description="Bank number length"/>
      <Column Name="PRBLZ" Nullable="true" DataType="varchar" Size="1" NativeType="varchar" Description="Rule for checking bank number field"/>
      <Column Name="LNPSK" Nullable="true" DataType="numeric" Precision="2" Scale="0" NativeType="numeric" Description="Post office bank current account number length"/>
      <Column Name="PRPSK" Nullable="true" DataType="varchar" Size="1" NativeType="varchar" Description="Rule for checking postal check account number field"/>
      <Column Name="XPRBK" Nullable="true" DataType="varchar" Size="1" NativeType="varchar" Description="Indicator: Use check module for bank fields ?"/>
      <Column Name="BNKEY" Nullable="true" DataType="varchar" Size="1" NativeType="varchar" Description="Name of the bank key"/>
      <Column Name="LNBKS" Nullable="true" DataType="numeric" Precision="2" Scale="0" NativeType="numeric" Description="Length of Bank Key"/>
      <Column Name="PRBKS" Nullable="true" DataType="varchar" Size="1" NativeType="varchar" Description="Rule for checking bank key field"/>
      <Column Name="XPRSO" Nullable="true" DataType="varchar" Size="1" NativeType="varchar" Description="Indicator: Use check module for tax fields etc. ?"/>
      <Column Name="PRUIN" Nullable="true" DataType="varchar" Size="1" NativeType="varchar" Description="Rule for checking VAT registration number field"/>
      <Column Name="UINLN" Nullable="true" DataType="numeric" Precision="2" Scale="0" NativeType="numeric" Description="VAT registration number length"/>
      <Column Name="LNST1" Nullable="true" DataType="numeric" Precision="2" Scale="0" NativeType="numeric" Description="Permitted Input Length for Tax Numbre 1"/>
      <Column Name="PRST1" Nullable="true" DataType="varchar" Size="1" NativeType="varchar" Description="Rule for checking tax code 1 field"/>
      <Column Name="LNST2" Nullable="true" DataType="numeric" Precision="2" Scale="0" NativeType="numeric" Description="Permitted Input Length for Tax Number 2"/>
      <Column Name="PRST2" Nullable="true" DataType="varchar" Size="1" NativeType="varchar" Description="Rule for checking tax code 2 field"/>
      <Column Name="LNST3" Nullable="true" DataType="numeric" Precision="2" Scale="0" NativeType="numeric" Description="Permitted Input Length for Tax Number 3"/>
      <Column Name="PRST3" Nullable="true" DataType="varchar" Size="1" NativeType="varchar" Description="Rule for checking tax code 3 field"/>
      <Column Name="LNST4" Nullable="true" DataType="numeric" Precision="2" Scale="0" NativeType="numeric" Description="Permitted Input Length for Tax Number 4"/>
      <Column Name="PRST4" Nullable="true" DataType="varchar" Size="1" NativeType="varchar" Description="Rule for checking tax code 4 field"/>
      <Column Name="LNST5" Nullable="true" DataType="numeric" Precision="2" Scale="0" NativeType="numeric" Description="Permitted Input Length for Tax Number 5"/>
      <Column Name="PRST5" Nullable="true" DataType="varchar" Size="1" NativeType="varchar" Description="Rule for checking tax code 5 field"/>
      <Column Name="LANDD" Nullable="true" DataType="varchar" Size="3" NativeType="varchar" Description="DUEVO: Nationality"/>
      <Column Name="KALSM" Nullable="true" DataType="varchar" Size="6" NativeType="varchar" Description="Procedure (Pricing, Output Control, Acct. Det., Costing,...)"/>
      <Column Name="LANDA" Nullable="false" DataType="varchar" Size="3" NativeType="varchar" Description="Alternative Country Key"/>
      <Column Name="WECHF" Nullable="false" DataType="numeric" Precision="3" Scale="0" NativeType="numeric" Description="Payment period for bill of exchange"/>
      <Column Name="LKVRZ" Nullable="false" DataType="varchar" Size="7" NativeType="varchar" Description="Short Name for Foreign Trade Statistics"/>
      <Column Name="INTCN" Nullable="false" DataType="numeric" Precision="3" Scale="0" NativeType="numeric" Description="Intrastat Code"/>
      <Column Name="XDEZP" Nullable="false" DataType="varchar" Size="1" NativeType="varchar" Description="Decimal point format"/>
      <Column Name="DATFM" Nullable="false" DataType="varchar" Size="1" NativeType="varchar" Description="Date Format"/>
      <Column Name="CURIN" Nullable="false" DataType="varchar" Size="5" NativeType="varchar" Description="Currency Key of the Index-Based Currency"/>
      <Column Name="CURHA" Nullable="false" DataType="varchar" Size="5" NativeType="varchar" Description="Currency Key of the Hard Currency"/>
      <Column Name="WAERS" Nullable="true" DataType="varchar" Size="5" NativeType="varchar" Description="Country currency"/>
      <Column Name="KURST" Nullable="true" DataType="varchar" Size="4" NativeType="varchar" Description="Exchange Rate Type for Translation into Country Currency"/>
      <Column Name="AFAPL" Nullable="true" DataType="varchar" Size="4" NativeType="varchar" Description="Chart of depreciaton for asset valuation"/>
      <Column Name="GWGWRT" Nullable="true" DataType="decimal" Precision="13" Scale="2" NativeType="decimal" Description="Maximum low-value asset amount"/>
      <Column Name="UMRWRT" Nullable="true" DataType="decimal" Precision="13" Scale="2" NativeType="decimal" Description="Net book value for changeover of depreciation method"/>
      <Column Name="KZRBWB" Nullable="true" DataType="varchar" Size="1" NativeType="varchar" Description="Indicator post net book value for retirement"/>
      <Column Name="XANZUM" Nullable="true" DataType="varchar" Size="1" NativeType="varchar" Description="Indicator transfer down payments from previous years"/>
      <Column Name="CTNCONCEPT" Nullable="true" DataType="varchar" Size="4" NativeType="varchar" Description="Withholding tax certificate numbering: Concepts"/>
      <Column Name="KZSRV" Nullable="true" DataType="varchar" Size="1" NativeType="varchar" Description="Taxes at individual service level"/>
      <Column Name="XXINVE" Nullable="true" DataType="varchar" Size="1" NativeType="varchar" Description="Indicator: Display Capital Goods Indicator?"/>
      <Column Name="SUREG" Nullable="true" DataType="varchar" Size="8" NativeType="varchar" Description="Super region per country"/>
      <Column Name="LANDGRP_VP" Nullable="true" DataType="varchar" Size="2" NativeType="varchar" Description="Country grouping for shipping schedule"/>
      <PrimaryKey>
        <PrimaryKeyColumn>MANDT</PrimaryKeyColumn>
        <PrimaryKeyColumn>LAND1</PrimaryKeyColumn>
      </PrimaryKey>
      <TableIndex Name="PRIMARY" isPrimary="true" Unique="true">
        <IndexColumn Name="MANDT"/>
        <IndexColumn Name="LAND1"/>
      </TableIndex>
      <ForeignKey Name="ACTA_FK_0" ReferredTableKey="" ReferredTable="T002" ReferredTableOwner="">
        <PKFKColumn Column="SPRAS" ReferredColumn="SPRAS"/>
      </ForeignKey>
      <ForeignKey Name="ACTA_FK_10" ReferredTableKey="" ReferredTable="TCURV" ReferredTableOwner="">
        <PKFKColumn Column="KURST" ReferredColumn="KURST"/>
      </ForeignKey>
      <ForeignKey Name="ACTA_FK_7" ReferredTableKey="" ReferredTable="TCURC" ReferredTableOwner="">
        <PKFKColumn Column="CURHA" ReferredColumn="WAERS"/>
      </ForeignKey>
      <ForeignKey Name="ACTA_FK_9" ReferredTableKey="" ReferredTable="TCURC" ReferredTableOwner="">
        <PKFKColumn Column="WAERS" ReferredColumn="WAERS"/>
      </ForeignKey>
      <ForeignKey Name="ACTA_FK_8" ReferredTableKey="" ReferredTable="TCURC" ReferredTableOwner="">
        <PKFKColumn Column="CURIN" ReferredColumn="WAERS"/>
      </ForeignKey>
      <ForeignKey Name="ACTA_FK_1" ReferredTableKey="" ReferredTable="T005A" ReferredTableOwner="-1">
        <PKFKColumn Column="ADDRS" ReferredColumn="ADDRS"/>
      </ForeignKey>
      <ForeignKey Name="ACTA_FK_2" ReferredTableKey="" ReferredTable="T005N" ReferredTableOwner="-1">
        <PKFKColumn Column="LAND1" ReferredColumn="LAND1"/>
        <PKFKColumn Column="NMFMT" ReferredColumn="NAMEFORMAT"/>
      </ForeignKey>
      <ForeignKey Name="ACTA_FK_3" ReferredTableKey="" ReferredTable="T096" ReferredTableOwner="-1">
        <PKFKColumn Column="AFAPL" ReferredColumn="AFAPL"/>
      </ForeignKey>
      <ForeignKey Name="ACTA_FK_4" ReferredTableKey="" ReferredTable="T5D4E" ReferredTableOwner="-1">
        <PKFKColumn Column="LANDD" ReferredColumn="DUNAT"/>
      </ForeignKey>
      <ForeignKey Name="ACTA_FK_5" ReferredTableKey="" ReferredTable="T683" ReferredTableOwner="-1">
        <PKFKColumn Column="KALSM" ReferredColumn="KALSM"/>
      </ForeignKey>
      <ForeignKey Name="ACTA_FK_6" ReferredTableKey="" ReferredTable="TBKS" ReferredTableOwner="-1">
        <PKFKColumn Column="SUREG" ReferredColumn="SUREG"/>
      </ForeignKey>
      <ForeignKey Name="ACTA_FK_11" ReferredTableKey="" ReferredTable="TJG94" ReferredTableOwner="-1">
        <PKFKColumn Column="LANDGRP_VP" ReferredColumn="LANDGRP_VP"/>
      </ForeignKey>
      <ForeignKey Name="ACTA_FK_12" ReferredTableKey="" ReferredTable="WITH_CTNCOKEY" ReferredTableOwner="-1">
        <PKFKColumn Column="CTNCONCEPT" ReferredColumn="CTNCONCEPT"/>
      </ForeignKey>
    </Table>
  </MetadataObjects>
  <Status>
    <StatusCode>SUCCESS</StatusCode>
  </Status>
</MetadataReply>