<MetadataReply xmlns="http://www.sap.com/DataServices/DataServicesXSD">
  <ID>7763</ID>
  <MetadataObjects>
    <Table Name="SKB1" Owner="" Description="G/L account master (company code)">
      <Attributes>
        <Attribute Name="SAP_Table_Class" Value="1"/>
        <Attribute Name="SAP_Table_Class_Name" Value="transparent"/>
        <Attribute Name="sap_row_size" Value="223"/>
        <Attribute Name="sap_table_size_category" Value="2"/>
        <Attribute Name="sap_table_type" Value="Transparent Table"/>
      </Attributes>
      <Column Name="MANDT" Nullable="false" DataType="varchar" Size="3" NativeType="varchar" Description="Client"/>
      <Column Name="BUKRS" Nullable="false" DataType="varchar" Size="4" NativeType="varchar" Description="Company Code"/>
      <Column Name="SAKNR" Nullable="false" DataType="varchar" Size="10" NativeType="varchar" Description="G/L Account Number"/>
      <Column Name="BEGRU" Nullable="true" DataType="varchar" Size="4" NativeType="varchar" Description="Authorization Group"/>
      <Column Name="BUSAB" Nullable="true" DataType="varchar" Size="2" NativeType="varchar" Description="Accounting clerk"/>
      <Column Name="DATLZ" Nullable="true" DataType="date" NativeType="date" Description="Date of the last interest calculation run"/>
      <Column Name="ERDAT" Nullable="true" DataType="date" NativeType="date" Description="Date on which the Record Was Created"/>
      <Column Name="ERNAM" Nullable="true" DataType="varchar" Size="12" NativeType="varchar" Description="Name of Person who Created the Object"/>
      <Column Name="FDGRV" Nullable="true" DataType="varchar" Size="10" NativeType="varchar" Description="Planning group"/>
      <Column Name="FDLEV" Nullable="true" DataType="varchar" Size="2" NativeType="varchar" Description="Planning level"/>
      <Column Name="FIPLS" Nullable="true" DataType="numeric" Precision="3" Scale="0" NativeType="numeric" Description="Financial Budget Item"/>
      <Column Name="FSTAG" Nullable="true" DataType="varchar" Size="4" NativeType="varchar" Description="Field status group"/>
      <Column Name="HBKID" Nullable="true" DataType="varchar" Size="5" NativeType="varchar" Description="Short Key for a House Bank"/>
      <Column Name="HKTID" Nullable="true" DataType="varchar" Size="5" NativeType="varchar" Description="ID for account details"/>
      <Column Name="KDFSL" Nullable="true" DataType="varchar" Size="4" NativeType="varchar" Description="Key for Exchange Rate Differences in Foreign Currency Accts"/>
      <Column Name="MITKZ" Nullable="true" DataType="varchar" Size="1" NativeType="varchar" Description="Account is reconciliation account"/>
      <Column Name="MWSKZ" Nullable="true" DataType="varchar" Size="2" NativeType="varchar" Description="Tax Category in Account Master Record"/>
      <Column Name="STEXT" Nullable="true" DataType="varchar" Size="50" NativeType="varchar" Description="G/L account additional text"/>
      <Column Name="VZSKZ" Nullable="true" DataType="varchar" Size="2" NativeType="varchar" Description="Interest calculation indicator"/>
      <Column Name="WAERS" Nullable="true" DataType="varchar" Size="5" NativeType="varchar" Description="Account currency"/>
      <Column Name="WMETH" Nullable="true" DataType="varchar" Size="2" NativeType="varchar" Description="Indicator: account managed in external system"/>
      <Column Name="XGKON" Nullable="true" DataType="varchar" Size="1" NativeType="varchar" Description="Cash receipt account / cash disbursement account"/>
      <Column Name="XINTB" Nullable="true" DataType="varchar" Size="1" NativeType="varchar" Description="Indicator: Is account only posted to automatically?"/>
      <Column Name="XKRES" Nullable="true" DataType="varchar" Size="1" NativeType="varchar" Description="Indicator: Can Line Items Be Displayed by Account?"/>
      <Column Name="XLOEB" Nullable="true" DataType="varchar" Size="1" NativeType="varchar" Description="Indicator: Account marked for deletion?"/>
      <Column Name="XNKON" Nullable="true" DataType="varchar" Size="1" NativeType="varchar" Description="Indicator: Supplement for automatic postings ?"/>
      <Column Name="XOPVW" Nullable="true" DataType="varchar" Size="1" NativeType="varchar" Description="Indicator: Open Item Management?"/>
      <Column Name="XSPEB" Nullable="true" DataType="varchar" Size="1" NativeType="varchar" Description="Indicator: Is Account Blocked for Posting?"/>
      <Column Name="ZINDT" Nullable="true" DataType="date" NativeType="date" Description="Key date of the last interest calculation"/>
      <Column Name="ZINRT" Nullable="true" DataType="numeric" Precision="2" Scale="0" NativeType="numeric" Description="Interest calculation frequency in months"/>
      <Column Name="ZUAWA" Nullable="true" DataType="varchar" Size="3" NativeType="varchar" Description="Key for sorting according to assignment numbers"/>
      <Column Name="ALTKT" Nullable="true" DataType="varchar" Size="10" NativeType="varchar" Description="Alternative account number in company code"/>
      <Column Name="XMITK" Nullable="true" DataType="varchar" Size="1" NativeType="varchar" Description="Indicator: Reconcil.acct ready for input at time of posting?"/>
      <Column Name="RECID" Nullable="true" DataType="varchar" Size="2" NativeType="varchar" Description="Recovery Indicator"/>
      <Column Name="FIPOS" Nullable="true" DataType="varchar" Size="14" NativeType="varchar" Description="Commitment Item"/>
      <Column Name="XMWNO" Nullable="true" DataType="varchar" Size="1" NativeType="varchar" Description="Indicator: Tax code is not a required field"/>
      <Column Name="XSALH" Nullable="true" DataType="varchar" Size="1" NativeType="varchar" Description="Indicator: Only Manage Balances in Local Currency"/>
      <Column Name="BEWGP" Nullable="true" DataType="varchar" Size="10" NativeType="varchar" Description="Valuation Group"/>
      <Column Name="INFKY" Nullable="true" DataType="varchar" Size="8" NativeType="varchar" Description="Inflation Key"/>
      <Column Name="TOGRU" Nullable="true" DataType="varchar" Size="4" NativeType="varchar" Description="Tolerance Group for G/L Accounts"/>
      <Column Name="XLGCLR" Nullable="true" DataType="varchar" Size="1" NativeType="varchar" Description="Clearing Specific to Ledger Groups"/>
      <Column Name="MCAKEY" Nullable="true" DataType="varchar" Size="5" NativeType="varchar" Description="MCA Key"/>
      <PrimaryKey>
        <PrimaryKeyColumn>MANDT</PrimaryKeyColumn>
        <PrimaryKeyColumn>BUKRS</PrimaryKeyColumn>
        <PrimaryKeyColumn>SAKNR</PrimaryKeyColumn>
      </PrimaryKey>
      <TableIndex Name="PRIMARY" isPrimary="true" Unique="true">
        <IndexColumn Name="MANDT"/>
        <IndexColumn Name="BUKRS"/>
        <IndexColumn Name="SAKNR"/>
      </TableIndex>
      <TableIndex Name="2" isPrimary="false" Unique="true">
        <IndexColumn Name="SAKNR"/>
        <IndexColumn Name="BUKRS"/>
      </TableIndex>
      <ForeignKey Name="ACTA_FK_3" ReferredTableKey="" ReferredTable="T001" ReferredTableOwner="">
        <PKFKColumn Column="BUKRS" ReferredColumn="BUKRS"/>
      </ForeignKey>
      <ForeignKey Name="ACTA_FK_2" ReferredTableKey="" ReferredTable="SKA1" ReferredTableOwner="">
        <PKFKColumn Column="SAKNR" ReferredColumn="SAKNR"/>
      </ForeignKey>
      <ForeignKey Name="ACTA_FK_4" ReferredTableKey="" ReferredTable="T001S" ReferredTableOwner="">
        <PKFKColumn Column="BUKRS" ReferredColumn="BUKRS"/>
        <PKFKColumn Column="BUSAB" ReferredColumn="BUSAB"/>
      </ForeignKey>
      <ForeignKey Name="ACTA_FK_12" ReferredTableKey="" ReferredTable="T056" ReferredTableOwner="">
        <PKFKColumn Column="VZSKZ" ReferredColumn="VZSKZ"/>
      </ForeignKey>
      <ForeignKey Name="ACTA_FK_6" ReferredTableKey="" ReferredTable="T012" ReferredTableOwner="">
        <PKFKColumn Column="BUKRS" ReferredColumn="BUKRS"/>
        <PKFKColumn Column="HBKID" ReferredColumn="HBKID"/>
      </ForeignKey>
      <ForeignKey Name="ACTA_FK_14" ReferredTableKey="" ReferredTable="TCURC" ReferredTableOwner="">
        <PKFKColumn Column="WAERS" ReferredColumn="WAERS"/>
      </ForeignKey>
      <ForeignKey Name="ACTA_FK_9" ReferredTableKey="" ReferredTable="T035" ReferredTableOwner="">
        <PKFKColumn Column="FDGRV" ReferredColumn="GRUPP"/>
      </ForeignKey>
      <ForeignKey Name="ACTA_FK_15" ReferredTableKey="" ReferredTable="TZUN" ReferredTableOwner="">
        <PKFKColumn Column="ZUAWA" ReferredColumn="ZUAWA"/>
      </ForeignKey>
      <ForeignKey Name="ACTA_FK_0" ReferredTableKey="" ReferredTable="GLE_MCA_TMCAKEY" ReferredTableOwner="-1">
        <PKFKColumn Column="MCAKEY" ReferredColumn="MANDT"/>
      </ForeignKey>
      <ForeignKey Name="ACTA_FK_1" ReferredTableKey="" ReferredTable="J_1AINFSKS" ReferredTableOwner="-1">
        <PKFKColumn Column="INFKY" ReferredColumn="J_1AIFSKS"/>
      </ForeignKey>
      <ForeignKey Name="ACTA_FK_5" ReferredTableKey="" ReferredTable="T004F" ReferredTableOwner="-1">
        <PKFKColumn Column="FSTAG" ReferredColumn="FSTAG"/>
      </ForeignKey>
      <ForeignKey Name="ACTA_FK_7" ReferredTableKey="" ReferredTable="T012K" ReferredTableOwner="-1">
        <PKFKColumn Column="BUKRS" ReferredColumn="BUKRS"/>
        <PKFKColumn Column="HBKID" ReferredColumn="HBKID"/>
        <PKFKColumn Column="HKTID" ReferredColumn="HKTID"/>
      </ForeignKey>
      <ForeignKey Name="ACTA_FK_8" ReferredTableKey="" ReferredTable="T030S" ReferredTableOwner="-1">
        <PKFKColumn Column="KDFSL" ReferredColumn="KDFSL"/>
      </ForeignKey>
      <ForeignKey Name="ACTA_FK_10" ReferredTableKey="" ReferredTable="T036" ReferredTableOwner="-1">
        <PKFKColumn Column="FDLEV" ReferredColumn="EBENE"/>
      </ForeignKey>
      <ForeignKey Name="ACTA_FK_11" ReferredTableKey="" ReferredTable="T043S" ReferredTableOwner="-1">
        <PKFKColumn Column="BUKRS" ReferredColumn="BUKRS"/>
        <PKFKColumn Column="TOGRU" ReferredColumn="TOGRU"/>
      </ForeignKey>
      <ForeignKey Name="ACTA_FK_13" ReferredTableKey="" ReferredTable="T8JJ" ReferredTableOwner="-1">
        <PKFKColumn Column="BUKRS" ReferredColumn="BUKRS"/>
        <PKFKColumn Column="RECID" ReferredColumn="RECID"/>
      </ForeignKey>
    </Table>
  </MetadataObjects>
  <Status>
    <StatusCode>SUCCESS</StatusCode>
  </Status>
</MetadataReply>