<MetadataReply xmlns="http://www.sap.com/DataServices/DataServicesXSD">
  <ID>7626</ID>
  <MetadataObjects>
    <Table Name="KNB1" Owner="" Description="Customer Master (Company Code)">
      <Attributes>
        <Attribute Name="SAP_Table_Class" Value="1"/>
        <Attribute Name="SAP_Table_Class_Name" Value="transparent"/>
        <Attribute Name="sap_row_size" Value="567"/>
        <Attribute Name="sap_table_size_category" Value="3"/>
        <Attribute Name="sap_table_type" Value="Transparent Table"/>
      </Attributes>
      <Column Name="MANDT" Nullable="false" DataType="varchar" Size="3" NativeType="varchar" Description="Client"/>
      <Column Name="KUNNR" Nullable="false" DataType="varchar" Size="10" NativeType="varchar" Description="Customer Number"/>
      <Column Name="BUKRS" Nullable="false" DataType="varchar" Size="4" NativeType="varchar" Description="Company Code"/>
      <Column Name="PERNR" Nullable="true" DataType="numeric" Precision="8" Scale="0" NativeType="numeric" Description="Personnel Number"/>
      <Column Name="ERDAT" Nullable="true" DataType="date" NativeType="date" Description="Date on which the Record Was Created"/>
      <Column Name="ERNAM" Nullable="true" DataType="varchar" Size="12" NativeType="varchar" Description="Name of Person who Created the Object"/>
      <Column Name="SPERR" Nullable="true" DataType="varchar" Size="1" NativeType="varchar" Description="Posting block for company code"/>
      <Column Name="LOEVM" Nullable="true" DataType="varchar" Size="1" NativeType="varchar" Description="Deletion Flag for Master Record (Company Code Level)"/>
      <Column Name="ZUAWA" Nullable="true" DataType="varchar" Size="3" NativeType="varchar" Description="Key for sorting according to assignment numbers"/>
      <Column Name="BUSAB" Nullable="true" DataType="varchar" Size="2" NativeType="varchar" Description="Accounting clerk"/>
      <Column Name="AKONT" Nullable="true" DataType="varchar" Size="10" NativeType="varchar" Description="Reconciliation Account in General Ledger"/>
      <Column Name="BEGRU" Nullable="true" DataType="varchar" Size="4" NativeType="varchar" Description="Authorization Group"/>
      <Column Name="KNRZE" Nullable="true" DataType="varchar" Size="10" NativeType="varchar" Description="Head office account number (in branch accounts)"/>
      <Column Name="KNRZB" Nullable="true" DataType="varchar" Size="10" NativeType="varchar" Description="Account number of an alternative payer"/>
      <Column Name="ZAMIM" Nullable="true" DataType="varchar" Size="1" NativeType="varchar" Description="Indicator: Payment notice to customer (with cleared items)?"/>
      <Column Name="ZAMIV" Nullable="true" DataType="varchar" Size="1" NativeType="varchar" Description="Indicator: payment notice to sales department?"/>
      <Column Name="ZAMIR" Nullable="true" DataType="varchar" Size="1" NativeType="varchar" Description="Indicator: payment notice to legal department?"/>
      <Column Name="ZAMIB" Nullable="true" DataType="varchar" Size="1" NativeType="varchar" Description="Indicator: Payment notice to the accounting department ?"/>
      <Column Name="ZAMIO" Nullable="true" DataType="varchar" Size="1" NativeType="varchar" Description="Indicator: payment notice to customer (w/o cleared items)?"/>
      <Column Name="ZWELS" Nullable="true" DataType="varchar" Size="10" NativeType="varchar" Description="List of the Payment Methods to be Considered"/>
      <Column Name="XVERR" Nullable="true" DataType="varchar" Size="1" NativeType="varchar" Description="Indicator: Clearing between customer and vendor ?"/>
      <Column Name="ZAHLS" Nullable="true" DataType="varchar" Size="1" NativeType="varchar" Description="Block Key for Payment"/>
      <Column Name="ZTERM" Nullable="true" DataType="varchar" Size="4" NativeType="varchar" Description="Terms of Payment Key"/>
      <Column Name="WAKON" Nullable="true" DataType="varchar" Size="4" NativeType="varchar" Description="Terms of payment key for bill of exchange charges"/>
      <Column Name="VZSKZ" Nullable="true" DataType="varchar" Size="2" NativeType="varchar" Description="Interest calculation indicator"/>
      <Column Name="ZINDT" Nullable="true" DataType="date" NativeType="date" Description="Key date of the last interest calculation"/>
      <Column Name="ZINRT" Nullable="true" DataType="numeric" Precision="2" Scale="0" NativeType="numeric" Description="Interest calculation frequency in months"/>
      <Column Name="EIKTO" Nullable="true" DataType="varchar" Size="12" NativeType="varchar" Description="Our account number at customer"/>
      <Column Name="ZSABE" Nullable="true" DataType="varchar" Size="15" NativeType="varchar" Description="User at customer"/>
      <Column Name="KVERM" Nullable="true" DataType="varchar" Size="30" NativeType="varchar" Description="Memo"/>
      <Column Name="FDGRV" Nullable="true" DataType="varchar" Size="10" NativeType="varchar" Description="Planning group"/>
      <Column Name="VRBKZ" Nullable="true" DataType="varchar" Size="2" NativeType="varchar" Description="Export credit insurance institution number"/>
      <Column Name="VLIBB" Nullable="true" DataType="decimal" Precision="13" Scale="2" NativeType="decimal" Description="Amount Insured"/>
      <Column Name="VRSZL" Nullable="true" DataType="decimal" Precision="3" Scale="0" NativeType="decimal" Description="Insurance lead months"/>
      <Column Name="VRSPR" Nullable="true" DataType="decimal" Precision="3" Scale="0" NativeType="decimal" Description="Deductible percentage rate"/>
      <Column Name="VRSNR" Nullable="true" DataType="varchar" Size="10" NativeType="varchar" Description="Insurance number"/>
      <Column Name="VERDT" Nullable="true" DataType="date" NativeType="date" Description="Insurance validity date"/>
      <Column Name="PERKZ" Nullable="true" DataType="varchar" Size="1" NativeType="varchar" Description="Collective invoice variant"/>
      <Column Name="XDEZV" Nullable="true" DataType="varchar" Size="1" NativeType="varchar" Description="Indicator: Local processing?"/>
      <Column Name="XAUSZ" Nullable="true" DataType="varchar" Size="1" NativeType="varchar" Description="Indicator for periodic account statements"/>
      <Column Name="WEBTR" Nullable="true" DataType="decimal" Precision="13" Scale="2" NativeType="decimal" Description="Bill of exchange limit (in local currency)"/>
      <Column Name="REMIT" Nullable="true" DataType="varchar" Size="10" NativeType="varchar" Description="Next payee"/>
      <Column Name="DATLZ" Nullable="true" DataType="date" NativeType="date" Description="Date of the last interest calculation run"/>
      <Column Name="XZVER" Nullable="true" DataType="varchar" Size="1" NativeType="varchar" Description="Indicator: Record Payment History ?"/>
      <Column Name="TOGRU" Nullable="true" DataType="varchar" Size="4" NativeType="varchar" Description="Tolerance group for the business partner/G/L account"/>
      <Column Name="KULTG" Nullable="true" DataType="decimal" Precision="3" Scale="0" NativeType="decimal" Description="Probable time until check is paid"/>
      <Column Name="HBKID" Nullable="true" DataType="varchar" Size="5" NativeType="varchar" Description="Short Key for a House Bank"/>
      <Column Name="XPORE" Nullable="true" DataType="varchar" Size="1" NativeType="varchar" Description="Indicator: Pay all items separately ?"/>
      <Column Name="BLNKZ" Nullable="true" DataType="varchar" Size="2" NativeType="varchar" Description="Subsidy indicator for determining the reduction rates"/>
      <Column Name="ALTKN" Nullable="true" DataType="varchar" Size="10" NativeType="varchar" Description="Previous Master Record Number"/>
      <Column Name="ZGRUP" Nullable="true" DataType="varchar" Size="2" NativeType="varchar" Description="Key for Payment Grouping"/>
      <Column Name="URLID" Nullable="true" DataType="varchar" Size="4" NativeType="varchar" Description="Short Key for Known/Negotiated Leave"/>
      <Column Name="MGRUP" Nullable="true" DataType="varchar" Size="2" NativeType="varchar" Description="Key for dunning notice grouping"/>
      <Column Name="LOCKB" Nullable="true" DataType="varchar" Size="7" NativeType="varchar" Description="Key of the Lockbox to Which the Customer Is To Pay"/>
      <Column Name="UZAWE" Nullable="true" DataType="varchar" Size="2" NativeType="varchar" Description="Payment Method Supplement"/>
      <Column Name="EKVBD" Nullable="true" DataType="varchar" Size="10" NativeType="varchar" Description="Account Number of Buying Group"/>
      <Column Name="SREGL" Nullable="true" DataType="varchar" Size="3" NativeType="varchar" Description="Selection Rule for Payment Advices"/>
      <Column Name="XEDIP" Nullable="true" DataType="varchar" Size="1" NativeType="varchar" Description="Indicator: Send Payment Advices by EDI"/>
      <Column Name="FRGRP" Nullable="true" DataType="varchar" Size="4" NativeType="varchar" Description="Release Approval Group"/>
      <Column Name="VRSDG" Nullable="true" DataType="varchar" Size="3" NativeType="varchar" Description="Reason Code Conversion Version"/>
      <Column Name="TLFXS" Nullable="true" DataType="varchar" Size="31" NativeType="varchar" Description="Accounting clerk's fax number at the customer/vendor"/>
      <Column Name="INTAD" Nullable="true" DataType="varchar" Size="130" NativeType="varchar" Description="Internet address of partner company clerk"/>
      <Column Name="XKNZB" Nullable="true" DataType="varchar" Size="1" NativeType="varchar" Description="Indicator: Alternative payer using account number"/>
      <Column Name="GUZTE" Nullable="true" DataType="varchar" Size="4" NativeType="varchar" Description="Payment Terms Key for Credit Memos"/>
      <Column Name="GRICD" Nullable="true" DataType="varchar" Size="2" NativeType="varchar" Description="Activity Code for Gross Income Tax"/>
      <Column Name="GRIDT" Nullable="true" DataType="varchar" Size="2" NativeType="varchar" Description="Distribution Type for Employment Tax"/>
      <Column Name="WBRSL" Nullable="true" DataType="varchar" Size="2" NativeType="varchar" Description="Value Adjustment Key"/>
      <Column Name="CONFS" Nullable="false" DataType="varchar" Size="1" NativeType="varchar" Description="Status of Change Authorization (Company Code Level)"/>
      <Column Name="UPDAT" Nullable="true" DataType="date" NativeType="date" Description="Date on Which the Changes Were Confirmed"/>
      <Column Name="UPTIM" Nullable="true" DataType="time" NativeType="time" Description="Time of Last Change Confirmation"/>
      <Column Name="NODEL" Nullable="false" DataType="varchar" Size="1" NativeType="varchar" Description="Deletion bock for master record (company code level)"/>
      <Column Name="TLFNS" Nullable="true" DataType="varchar" Size="30" NativeType="varchar" Description="Accounting clerk's telephone number at business partner"/>
      <Column Name="CESSION_KZ" Nullable="true" DataType="varchar" Size="2" NativeType="varchar" Description="Accounts Receivable Pledging Indicator"/>
      <Column Name="AVSND" Nullable="true" DataType="varchar" Size="1" NativeType="varchar" Description="Indicator: Send Payment Advice by XML"/>
      <Column Name="AD_HASH" Nullable="true" DataType="varchar" Size="10" NativeType="varchar" Description="E-Mail Address for Avis: Hash Value"/>
      <Column Name="QLAND" Nullable="true" DataType="varchar" Size="3" NativeType="varchar" Description="Withholding Tax Country Key"/>
      <Column Name="CVP_XBLCK_B" Nullable="false" DataType="varchar" Size="1" NativeType="varchar" Description="Business Purpose Completed Flag"/>
      <Column Name="CIIUCODE" Nullable="true" DataType="numeric" Precision="4" Scale="0" NativeType="numeric" Description="Main economic activity"/>
      <Column Name="GMVKZD" Nullable="true" DataType="varchar" Size="1" NativeType="varchar" Description="Customer is in execution"/>
      <PrimaryKey>
        <PrimaryKeyColumn>MANDT</PrimaryKeyColumn>
        <PrimaryKeyColumn>KUNNR</PrimaryKeyColumn>
        <PrimaryKeyColumn>BUKRS</PrimaryKeyColumn>
      </PrimaryKey>
      <TableIndex Name="PRIMARY" isPrimary="true" Unique="true">
        <IndexColumn Name="MANDT"/>
        <IndexColumn Name="KUNNR"/>
        <IndexColumn Name="BUKRS"/>
      </TableIndex>
      <TableIndex Name="001" isPrimary="false" Unique="false">
        <IndexColumn Name="CONFS"/>
        <IndexColumn Name="BUKRS"/>
      </TableIndex>
      <TableIndex Name="HO1" isPrimary="false" Unique="false">
        <IndexColumn Name="KNRZE"/>
      </TableIndex>
      <TableIndex Name="N" isPrimary="false" Unique="false">
        <IndexColumn Name="ALTKN"/>
        <IndexColumn Name="BUKRS"/>
      </TableIndex>
      <TableIndex Name="Z" isPrimary="false" Unique="false">
        <IndexColumn Name="KNRZE"/>
      </TableIndex>
      <ForeignKey Name="ACTA_FK_3" ReferredTableKey="" ReferredTable="KNA1" ReferredTableOwner="">
        <PKFKColumn Column="KNRZB" ReferredColumn="KUNNR"/>
      </ForeignKey>
      <ForeignKey Name="ACTA_FK_2" ReferredTableKey="" ReferredTable="KNA1" ReferredTableOwner="">
        <PKFKColumn Column="EKVBD" ReferredColumn="KUNNR"/>
      </ForeignKey>
      <ForeignKey Name="ACTA_FK_21" ReferredTableKey="" ReferredTable="T053A" ReferredTableOwner="">
        <PKFKColumn Column="SREGL" ReferredColumn="SREGL"/>
      </ForeignKey>
      <ForeignKey Name="ACTA_FK_5" ReferredTableKey="" ReferredTable="KNA1" ReferredTableOwner="">
        <PKFKColumn Column="KUNNR" ReferredColumn="KUNNR"/>
      </ForeignKey>
      <ForeignKey Name="ACTA_FK_11" ReferredTableKey="" ReferredTable="T008" ReferredTableOwner="">
        <PKFKColumn Column="ZAHLS" ReferredColumn="ZAHLS"/>
      </ForeignKey>
      <ForeignKey Name="ACTA_FK_22" ReferredTableKey="" ReferredTable="T053V" ReferredTableOwner="">
        <PKFKColumn Column="VRSDG" ReferredColumn="VRSDG"/>
      </ForeignKey>
      <ForeignKey Name="ACTA_FK_4" ReferredTableKey="" ReferredTable="KNA1" ReferredTableOwner="">
        <PKFKColumn Column="KNRZE" ReferredColumn="KUNNR"/>
      </ForeignKey>
      <ForeignKey Name="ACTA_FK_23" ReferredTableKey="" ReferredTable="T056" ReferredTableOwner="">
        <PKFKColumn Column="VZSKZ" ReferredColumn="VZSKZ"/>
      </ForeignKey>
      <ForeignKey Name="ACTA_FK_12" ReferredTableKey="" ReferredTable="T012" ReferredTableOwner="">
        <PKFKColumn Column="BUKRS" ReferredColumn="BUKRS"/>
        <PKFKColumn Column="HBKID" ReferredColumn="HBKID"/>
      </ForeignKey>
      <ForeignKey Name="ACTA_FK_13" ReferredTableKey="" ReferredTable="T035" ReferredTableOwner="">
        <PKFKColumn Column="FDGRV" ReferredColumn="GRUPP"/>
      </ForeignKey>
      <ForeignKey Name="ACTA_FK_7" ReferredTableKey="" ReferredTable="SKB1" ReferredTableOwner="">
        <PKFKColumn Column="BUKRS" ReferredColumn="BUKRS"/>
        <PKFKColumn Column="AKONT" ReferredColumn="SAKNR"/>
      </ForeignKey>
      <ForeignKey Name="ACTA_FK_6" ReferredTableKey="" ReferredTable="KNA1" ReferredTableOwner="">
        <PKFKColumn Column="REMIT" ReferredColumn="KUNNR"/>
      </ForeignKey>
      <ForeignKey Name="ACTA_FK_25" ReferredTableKey="" ReferredTable="TZGR" ReferredTableOwner="">
        <PKFKColumn Column="ZGRUP" ReferredColumn="ZGRUP"/>
      </ForeignKey>
      <ForeignKey Name="ACTA_FK_15" ReferredTableKey="" ReferredTable="T043G" ReferredTableOwner="">
        <PKFKColumn Column="BUKRS" ReferredColumn="BUKRS"/>
        <PKFKColumn Column="TOGRU" ReferredColumn="TOGRU"/>
      </ForeignKey>
      <ForeignKey Name="ACTA_FK_26" ReferredTableKey="" ReferredTable="TZUN" ReferredTableOwner="">
        <PKFKColumn Column="ZUAWA" ReferredColumn="ZUAWA"/>
      </ForeignKey>
      <ForeignKey Name="ACTA_FK_9" ReferredTableKey="" ReferredTable="T001S" ReferredTableOwner="">
        <PKFKColumn Column="BUKRS" ReferredColumn="BUKRS"/>
        <PKFKColumn Column="BUSAB" ReferredColumn="BUSAB"/>
      </ForeignKey>
      <ForeignKey Name="ACTA_FK_8" ReferredTableKey="" ReferredTable="T001" ReferredTableOwner="">
        <PKFKColumn Column="BUKRS" ReferredColumn="BUKRS"/>
      </ForeignKey>
      <ForeignKey Name="ACTA_FK_27" ReferredTableKey="" ReferredTable="VBWF08" ReferredTableOwner="">
        <PKFKColumn Column="FRGRP" ReferredColumn="FRGRP"/>
      </ForeignKey>
      <ForeignKey Name="ACTA_FK_16" ReferredTableKey="" ReferredTable="T044G" ReferredTableOwner="">
        <PKFKColumn Column="WBRSL" ReferredColumn="WBRSL"/>
      </ForeignKey>
      <ForeignKey Name="ACTA_FK_17" ReferredTableKey="" ReferredTable="T047R" ReferredTableOwner="">
        <PKFKColumn Column="MGRUP" ReferredColumn="MGRUP"/>
      </ForeignKey>
      <ForeignKey Name="ACTA_FK_18" ReferredTableKey="" ReferredTable="T048K" ReferredTableOwner="">
        <PKFKColumn Column="XAUSZ" ReferredColumn="XAUSZ"/>
      </ForeignKey>
      <ForeignKey Name="ACTA_FK_19" ReferredTableKey="" ReferredTable="T049L" ReferredTableOwner="">
        <PKFKColumn Column="BUKRS" ReferredColumn="BUKRS"/>
        <PKFKColumn Column="LOCKB" ReferredColumn="LOCKB"/>
      </ForeignKey>
      <ForeignKey Name="ACTA_FK_0" ReferredTableKey="" ReferredTable="J_1ADTYP" ReferredTableOwner="-1">
        <PKFKColumn Column="BUKRS" ReferredColumn="BUKRS"/>
        <PKFKColumn Column="GRIDT" ReferredColumn="J_1ADTYP"/>
      </ForeignKey>
      <ForeignKey Name="ACTA_FK_1" ReferredTableKey="" ReferredTable="J_1AGICD" ReferredTableOwner="-1">
        <PKFKColumn Column="GRICD" ReferredColumn="J_1AGICD"/>
      </ForeignKey>
      <ForeignKey Name="ACTA_FK_10" ReferredTableKey="" ReferredTable="T005Q" ReferredTableOwner="-1">
        <PKFKColumn Column="QLAND" ReferredColumn="QLAND"/>
      </ForeignKey>
      <ForeignKey Name="ACTA_FK_14" ReferredTableKey="" ReferredTable="T042F" ReferredTableOwner="-1">
        <PKFKColumn Column="UZAWE" ReferredColumn="UZAWE"/>
      </ForeignKey>
      <ForeignKey Name="ACTA_FK_20" ReferredTableKey="" ReferredTable="T052A" ReferredTableOwner="-1">
        <PKFKColumn Column="URLID" ReferredColumn="URLID"/>
      </ForeignKey>
      <ForeignKey Name="ACTA_FK_24" ReferredTableKey="" ReferredTable="TCESSION" ReferredTableOwner="-1">
        <PKFKColumn Column="BUKRS" ReferredColumn="COMPANY"/>
        <PKFKColumn Column="CESSION_KZ" ReferredColumn="CESSION_KZ"/>
      </ForeignKey>
    </Table>
  </MetadataObjects>
  <Status>
    <StatusCode>SUCCESS</StatusCode>
  </Status>
</MetadataReply>