<MetadataReply xmlns="http://www.sap.com/DataServices/DataServicesXSD">
  <ID>7792</ID>
  <MetadataObjects>
    <Table Name="T002" Owner="" Description="Language Keys (Component BC-I18)">
      <Attributes>
        <Attribute Name="SAP_Table_Class" Value="1"/>
        <Attribute Name="SAP_Table_Class_Name" Value="transparent"/>
        <Attribute Name="sap_row_size" Value="5"/>
        <Attribute Name="sap_table_size_category" Value="0"/>
        <Attribute Name="sap_table_type" Value="Transparent Table"/>
      </Attributes>
      <Column Name="SPRAS" Nullable="false" DataType="varchar" Size="1" NativeType="varchar" Description="Language Key"/>
      <Column Name="LASPEZ" Nullable="false" DataType="varchar" Size="1" NativeType="varchar" Description="Language specifications"/>
      <Column Name="LAHQ" Nullable="true" DataType="varchar" Size="1" NativeType="varchar" Description="Degree of Translation of Language"/>
      <Column Name="LAISO" Nullable="true" DataType="varchar" Size="2" NativeType="varchar" Description="2-Character SAP Language Code"/>
      <PrimaryKey>
        <PrimaryKeyColumn>SPRAS</PrimaryKeyColumn>
      </PrimaryKey>
      <TableIndex Name="PRIMARY" isPrimary="true" Unique="true">
        <IndexColumn Name="SPRAS"/>
      </TableIndex>
    </Table>
  </MetadataObjects>
  <Status>
    <StatusCode>SUCCESS</StatusCode>
  </Status>
</MetadataReply>