<MetadataReply xmlns="http://www.sap.com/DataServices/DataServicesXSD">
  <ID>7751</ID>
  <MetadataObjects>
    <Table Name="T056" Owner="" Description="Interest settlement">
      <Attributes>
        <Attribute Name="SAP_Table_Class" Value="1"/>
        <Attribute Name="SAP_Table_Class_Name" Value="transparent"/>
        <Attribute Name="sap_row_size" Value="7"/>
        <Attribute Name="sap_table_size_category" Value="0"/>
        <Attribute Name="sap_table_type" Value="Transparent Table"/>
      </Attributes>
      <Column Name="MANDT" Nullable="false" DataType="varchar" Size="3" NativeType="varchar" Description="Client"/>
      <Column Name="VZSKZ" Nullable="false" DataType="varchar" Size="2" NativeType="varchar" Description="Interest calculation indicator"/>
      <Column Name="KENNZ" Nullable="true" DataType="varchar" Size="1" NativeType="varchar" Description="Interest Calculation Type"/>
      <Column Name="VZSKZ_L" Nullable="true" DataType="varchar" Size="1" NativeType="varchar" Description="Account number as interest calculation indicator"/>
      <PrimaryKey>
        <PrimaryKeyColumn>MANDT</PrimaryKeyColumn>
        <PrimaryKeyColumn>VZSKZ</PrimaryKeyColumn>
      </PrimaryKey>
      <TableIndex Name="PRIMARY" isPrimary="true" Unique="true">
        <IndexColumn Name="MANDT"/>
        <IndexColumn Name="VZSKZ"/>
      </TableIndex>
    </Table>
  </MetadataObjects>
  <Status>
    <StatusCode>SUCCESS</StatusCode>
  </Status>
</MetadataReply>