<MetadataReply xmlns="http://www.sap.com/DataServices/DataServicesXSD">
  <ID>13556</ID>
  <MetadataObjects>
    <Table Name="T042Z" Owner="" Description="Payment Methods for Automatic Payment">
      <Attributes>
        <Attribute Name="SAP_Table_Class" Value="1"/>
        <Attribute Name="SAP_Table_Class_Name" Value="transparent"/>
        <Attribute Name="sap_row_size" Value="155"/>
        <Attribute Name="sap_table_size_category" Value="0"/>
        <Attribute Name="sap_table_type" Value="Transparent Table"/>
      </Attributes>
      <Column Name="MANDT" Nullable="false" DataType="varchar" Size="3" NativeType="varchar" Description="Client"/>
      <Column Name="LAND1" Nullable="false" DataType="varchar" Size="3" NativeType="varchar" Description="Country Key"/>
      <Column Name="ZLSCH" Nullable="false" DataType="varchar" Size="1" NativeType="varchar" Description="Payment Method"/>
      <Column Name="TEXT1" Nullable="true" DataType="varchar" Size="30" NativeType="varchar" Description="Name of Payment Method in Language of the Country"/>
      <Column Name="XBKKT" Nullable="true" DataType="varchar" Size="1" NativeType="varchar" Description="Bank Details of Business Partner Required"/>
      <Column Name="XSTRA" Nullable="true" DataType="varchar" Size="1" NativeType="varchar" Description="Indicator: Street, P.O.box or P.O.box postal code required"/>
      <Column Name="XEINZ" Nullable="true" DataType="varchar" Size="1" NativeType="varchar" Description="Indicator: Payment Method Used for Incoming Payments?"/>
      <Column Name="XESRD" Nullable="true" DataType="varchar" Size="1" NativeType="varchar" Description="Indicator: Must IOR Subscriber Number Be Set?"/>
      <Column Name="XPGIR" Nullable="true" DataType="varchar" Size="1" NativeType="varchar" Description="Indicator: Payment Method for Post Office Bank"/>
      <Column Name="XEZER" Nullable="true" DataType="varchar" Size="1" NativeType="varchar" Description="Indicator: Must Collection Authorization Be Provided?"/>
      <Column Name="XSCHK" Nullable="true" DataType="varchar" Size="1" NativeType="varchar" Description="Indicator: Is a Check Created Using This Payment Method?"/>
      <Column Name="PROGN" Nullable="true" DataType="varchar" Size="40" NativeType="varchar" Description="Name of the Program for the Form Printout"/>
      <Column Name="XZWHR" Nullable="true" DataType="varchar" Size="1" NativeType="varchar" Description="Indicator: Payment Method Allowed for Personnel Payments?"/>
      <Column Name="XEURO" Nullable="true" DataType="varchar" Size="1" NativeType="varchar" Description="Indicator: EU Internal Transfer w/o Reporting Section"/>
      <Column Name="FORMI" Nullable="true" DataType="varchar" Size="30" NativeType="varchar" Description="Payment Medium Format"/>
      <Column Name="FORMZ" Nullable="true" DataType="varchar" Size="6" NativeType="varchar" Description="Supplement for Payment Medium Format"/>
      <Column Name="XWECH" Nullable="true" DataType="varchar" Size="1" NativeType="varchar" Description="Indicator: Create a bill of Exchange Posting?"/>
      <Column Name="XWANF" Nullable="true" DataType="varchar" Size="1" NativeType="varchar" Description="Indicator: Create a Bill of Exchange Pmnt Request?"/>
      <Column Name="XPSKT" Nullable="true" DataType="varchar" Size="1" NativeType="varchar" Description="Indicator: Payment by Postal Check/Postal Giro?"/>
      <Column Name="XWECS" Nullable="true" DataType="varchar" Size="1" NativeType="varchar" Description="Indicator: Create a bill of Exchange Before Due Date?"/>
      <Column Name="BLART" Nullable="true" DataType="varchar" Size="2" NativeType="varchar" Description="Document Type for the Payment Document"/>
      <Column Name="BLARV" Nullable="true" DataType="varchar" Size="2" NativeType="varchar" Description="Clearing Document Type for Intercompany Payments"/>
      <Column Name="UMSKZ" Nullable="true" DataType="varchar" Size="1" NativeType="varchar" Description="Special G/L Indicicator for Bill/Exch. / Bill/Exch.Pmnt Req."/>
      <Column Name="XSWEC" Nullable="true" DataType="varchar" Size="1" NativeType="varchar" Description="Indicator: Payment Method for Check/Bill of Exchange?"/>
      <Column Name="TXTSL" Nullable="true" DataType="varchar" Size="2" NativeType="varchar" Description="Text key for the code line on the form"/>
      <Column Name="ZLSTN" Nullable="true" DataType="varchar" Size="6" NativeType="varchar" Description="Name of the Dataset for the Form Printout"/>
      <Column Name="WLSTN" Nullable="true" DataType="varchar" Size="6" NativeType="varchar" Description="Name of the Dataset for the Bill/Exch. with Check/Bill/Exch."/>
      <Column Name="XZANF" Nullable="true" DataType="varchar" Size="1" NativeType="varchar" Description="Indicator: Payment demand"/>
      <Column Name="XAKTZ" Nullable="true" DataType="varchar" Size="1" NativeType="varchar" Description="Indicator: Bill of exchange was accepted"/>
      <Column Name="WEART" Nullable="true" DataType="varchar" Size="2" NativeType="varchar" Description="Bill of exchange type"/>
      <Column Name="XNOPO" Nullable="true" DataType="varchar" Size="1" NativeType="varchar" Description="Indicator: Payment Order Instead of Payment Posting"/>
      <Column Name="XORB" Nullable="true" DataType="varchar" Size="1" NativeType="varchar" Description="Additional Permitted Payment Meth.Classifications per Client"/>
      <Column Name="XIBAN" Nullable="true" DataType="varchar" Size="1" NativeType="varchar" Description="IBAN or SWIFT Code Are Required"/>
      <Column Name="XNO_ACCNO" Nullable="true" DataType="varchar" Size="1" NativeType="varchar" Description="Indicator: No Account Number Required"/>
      <Column Name="XSEPA" Nullable="true" DataType="varchar" Size="1" NativeType="varchar" Description="Indicator: SEPA Mandate Required"/>
      <PrimaryKey>
        <PrimaryKeyColumn>MANDT</PrimaryKeyColumn>
        <PrimaryKeyColumn>LAND1</PrimaryKeyColumn>
        <PrimaryKeyColumn>ZLSCH</PrimaryKeyColumn>
      </PrimaryKey>
      <TableIndex Name="PRIMARY" isPrimary="true" Unique="true">
        <IndexColumn Name="MANDT"/>
        <IndexColumn Name="LAND1"/>
        <IndexColumn Name="ZLSCH"/>
      </TableIndex>
      <ForeignKey Name="ACTA_FK_2" ReferredTableKey="" ReferredTable="T005" ReferredTableOwner="">
        <PKFKColumn Column="LAND1" ReferredColumn="LAND1"/>
      </ForeignKey>
      <ForeignKey Name="ACTA_FK_0" ReferredTableKey="" ReferredTable="T003" ReferredTableOwner="-1">
        <PKFKColumn Column="BLART" ReferredColumn="BLART"/>
      </ForeignKey>
      <ForeignKey Name="ACTA_FK_1" ReferredTableKey="" ReferredTable="T003" ReferredTableOwner="-1">
        <PKFKColumn Column="BLARV" ReferredColumn="BLART"/>
      </ForeignKey>
      <ForeignKey Name="ACTA_FK_3" ReferredTableKey="" ReferredTable="T042ZD" ReferredTableOwner="-1">
        <PKFKColumn Column="XORB" ReferredColumn="FPMCL"/>
      </ForeignKey>
      <ForeignKey Name="ACTA_FK_4" ReferredTableKey="" ReferredTable="TFPM042F" ReferredTableOwner="-1">
        <PKFKColumn Column="FORMI" ReferredColumn="FORMI"/>
      </ForeignKey>
      <ForeignKey Name="ACTA_FK_5" ReferredTableKey="" ReferredTable="TFPM042FZ" ReferredTableOwner="-1">
        <PKFKColumn Column="FORMI" ReferredColumn="FORMI"/>
        <PKFKColumn Column="FORMZ" ReferredColumn="FORMZ"/>
      </ForeignKey>
    </Table>
  </MetadataObjects>
  <Status>
    <StatusCode>SUCCESS</StatusCode>
  </Status>
</MetadataReply>