<MetadataReply xmlns="http://www.sap.com/DataServices/DataServicesXSD">
  <ID>13623</ID>
  <MetadataObjects>
    <Table Name="TVBUR" Owner="" Description="Organizational Unit: Sales Offices">
      <Attributes>
        <Attribute Name="SAP_Table_Class" Value="1"/>
        <Attribute Name="SAP_Table_Class_Name" Value="transparent"/>
        <Attribute Name="sap_row_size" Value="113"/>
        <Attribute Name="sap_table_size_category" Value="0"/>
        <Attribute Name="sap_table_type" Value="Transparent Table"/>
      </Attributes>
      <Column Name="MANDT" Nullable="false" DataType="varchar" Size="3" NativeType="varchar" Description="Client"/>
      <Column Name="VKBUR" Nullable="false" DataType="varchar" Size="4" NativeType="varchar" Description="Sales Office"/>
      <Column Name="ADRNR" Nullable="true" DataType="varchar" Size="10" NativeType="varchar" Description="Address"/>
      <Column Name="ERNAM" Nullable="true" DataType="varchar" Size="12" NativeType="varchar" Description="User Who Created Data Record"/>
      <Column Name="TXNAM_ADR" Nullable="true" DataType="varchar" Size="16" NativeType="varchar" Description="Text name for form text module short address"/>
      <Column Name="TXNAM_KOP" Nullable="true" DataType="varchar" Size="16" NativeType="varchar" Description="Text name for form text module letter header"/>
      <Column Name="TXNAM_FUS" Nullable="true" DataType="varchar" Size="16" NativeType="varchar" Description="Text name for formula text module footer lines"/>
      <Column Name="TXNAM_GRU" Nullable="true" DataType="varchar" Size="16" NativeType="varchar" Description="Text name for form text module: Greeting"/>
      <Column Name="TXNAM_SDB" Nullable="true" DataType="varchar" Size="16" NativeType="varchar" Description="Text names for layout-set module SDS sender"/>
      <Column Name="ISPVKBURUE" Nullable="true" DataType="varchar" Size="4" NativeType="varchar" Description="IS-M: Higher level sales office"/>
      <PrimaryKey>
        <PrimaryKeyColumn>MANDT</PrimaryKeyColumn>
        <PrimaryKeyColumn>VKBUR</PrimaryKeyColumn>
      </PrimaryKey>
      <TableIndex Name="PRIMARY" isPrimary="true" Unique="true">
        <IndexColumn Name="MANDT"/>
        <IndexColumn Name="VKBUR"/>
      </TableIndex>
      <ForeignKey Name="ACTA_FK_0" ReferredTableKey="" ReferredTable="TVBUR" ReferredTableOwner="">
        <PKFKColumn Column="ISPVKBURUE" ReferredColumn="VKBUR"/>
      </ForeignKey>
    </Table>
  </MetadataObjects>
  <Status>
    <StatusCode>SUCCESS</StatusCode>
  </Status>
</MetadataReply>