<MetadataReply xmlns="http://www.sap.com/DataServices/DataServicesXSD">
  <ID>7749</ID>
  <MetadataObjects>
    <Table Name="T012" Owner="" Description="House Banks">
      <Attributes>
        <Attribute Name="SAP_Table_Class" Value="1"/>
        <Attribute Name="SAP_Table_Class_Name" Value="transparent"/>
        <Attribute Name="sap_row_size" Value="98"/>
        <Attribute Name="sap_table_size_category" Value="0"/>
        <Attribute Name="sap_table_type" Value="Transparent Table"/>
      </Attributes>
      <Column Name="MANDT" Nullable="false" DataType="varchar" Size="3" NativeType="varchar" Description="Client"/>
      <Column Name="BUKRS" Nullable="false" DataType="varchar" Size="4" NativeType="varchar" Description="Company Code"/>
      <Column Name="HBKID" Nullable="false" DataType="varchar" Size="5" NativeType="varchar" Description="Short Key for a House Bank"/>
      <Column Name="BANKS" Nullable="true" DataType="varchar" Size="3" NativeType="varchar" Description="Bank country key"/>
      <Column Name="BANKL" Nullable="true" DataType="varchar" Size="15" NativeType="varchar" Description="Bank Keys"/>
      <Column Name="TELF1" Nullable="true" DataType="varchar" Size="16" NativeType="varchar" Description="First telephone number"/>
      <Column Name="STCD1" Nullable="true" DataType="varchar" Size="16" NativeType="varchar" Description="Tax Number 1"/>
      <Column Name="NAME1" Nullable="true" DataType="varchar" Size="30" NativeType="varchar" Description="Name of contact person"/>
      <Column Name="SPRAS" Nullable="true" DataType="varchar" Size="1" NativeType="varchar" Description="Language Key"/>
      <Column Name="BUPLA" Nullable="true" DataType="varchar" Size="4" NativeType="varchar" Description="Business Place"/>
      <Column Name="VPAST" Nullable="true" DataType="varchar" Size="1" NativeType="varchar" Description="Value date in the past allowed"/>
      <PrimaryKey>
        <PrimaryKeyColumn>MANDT</PrimaryKeyColumn>
        <PrimaryKeyColumn>BUKRS</PrimaryKeyColumn>
        <PrimaryKeyColumn>HBKID</PrimaryKeyColumn>
      </PrimaryKey>
      <TableIndex Name="PRIMARY" isPrimary="true" Unique="true">
        <IndexColumn Name="MANDT"/>
        <IndexColumn Name="BUKRS"/>
        <IndexColumn Name="HBKID"/>
      </TableIndex>
      <ForeignKey Name="ACTA_FK_1" ReferredTableKey="" ReferredTable="T001" ReferredTableOwner="">
        <PKFKColumn Column="BUKRS" ReferredColumn="BUKRS"/>
      </ForeignKey>
      <ForeignKey Name="ACTA_FK_3" ReferredTableKey="" ReferredTable="T005" ReferredTableOwner="">
        <PKFKColumn Column="BANKS" ReferredColumn="LAND1"/>
      </ForeignKey>
      <ForeignKey Name="ACTA_FK_2" ReferredTableKey="" ReferredTable="T002" ReferredTableOwner="">
        <PKFKColumn Column="SPRAS" ReferredColumn="SPRAS"/>
      </ForeignKey>
      <ForeignKey Name="ACTA_FK_0" ReferredTableKey="" ReferredTable="J_1BBRANCH" ReferredTableOwner="-1">
        <PKFKColumn Column="BUKRS" ReferredColumn="BUKRS"/>
        <PKFKColumn Column="BUPLA" ReferredColumn="BRANCH"/>
      </ForeignKey>
    </Table>
  </MetadataObjects>
  <Status>
    <StatusCode>SUCCESS</StatusCode>
  </Status>
</MetadataReply>