<MetadataReply xmlns="http://www.sap.com/DataServices/DataServicesXSD">
  <ID>13542</ID>
  <MetadataObjects>
    <Table Name="M_DEBID" Owner="" Description="Generated View for Matchcode ID DEBI      -D">
      <Attributes>
        <Attribute Name="SAP_Table_Class" Value="5"/>
        <Attribute Name="SAP_Table_Class_Name" Value="view"/>
        <Attribute Name="sap_row_size" Value="94"/>
        <Attribute Name="sap_table_size_category" Value="0"/>
        <Attribute Name="sap_table_type" Value="View"/>
      </Attributes>
      <Column Name="MANDT" Nullable="true" DataType="varchar" Size="3" NativeType="varchar" Description="Client"/>
      <Column Name="SORTL" Nullable="true" DataType="varchar" Size="10" NativeType="varchar" Description="Sort field"/>
      <Column Name="LAND1" Nullable="true" DataType="varchar" Size="3" NativeType="varchar" Description="Country Key"/>
      <Column Name="PSTLZ" Nullable="true" DataType="varchar" Size="10" NativeType="varchar" Description="Postal Code"/>
      <Column Name="MCOD3" Nullable="true" DataType="varchar" Size="25" NativeType="varchar" Description="Search term for matchcode search"/>
      <Column Name="MCOD1" Nullable="true" DataType="varchar" Size="25" NativeType="varchar" Description="Search term for matchcode search"/>
      <Column Name="KUNNR" Nullable="true" DataType="varchar" Size="10" NativeType="varchar" Description="Customer Number"/>
      <Column Name="BUKRS" Nullable="true" DataType="varchar" Size="4" NativeType="varchar" Description="Company Code"/>
      <Column Name="BEGRU" Nullable="true" DataType="varchar" Size="4" NativeType="varchar" Description="Authorization Group"/>
      <PrimaryKey>
        <PrimaryKeyColumn>MANDT</PrimaryKeyColumn>
        <PrimaryKeyColumn>SORTL</PrimaryKeyColumn>
        <PrimaryKeyColumn>LAND1</PrimaryKeyColumn>
        <PrimaryKeyColumn>PSTLZ</PrimaryKeyColumn>
        <PrimaryKeyColumn>MCOD3</PrimaryKeyColumn>
        <PrimaryKeyColumn>MCOD1</PrimaryKeyColumn>
        <PrimaryKeyColumn>KUNNR</PrimaryKeyColumn>
        <PrimaryKeyColumn>BUKRS</PrimaryKeyColumn>
      </PrimaryKey>
      <TableIndex Name="PRIMARY" isPrimary="true" Unique="true">
        <IndexColumn Name="MANDT"/>
        <IndexColumn Name="SORTL"/>
        <IndexColumn Name="LAND1"/>
        <IndexColumn Name="PSTLZ"/>
        <IndexColumn Name="MCOD3"/>
        <IndexColumn Name="MCOD1"/>
        <IndexColumn Name="KUNNR"/>
        <IndexColumn Name="BUKRS"/>
      </TableIndex>
      <ForeignKey Name="ACTA_FK_1" ReferredTableKey="" ReferredTable="T005" ReferredTableOwner="">
        <PKFKColumn Column="LAND1" ReferredColumn="LAND1"/>
      </ForeignKey>
      <ForeignKey Name="ACTA_FK_0" ReferredTableKey="" ReferredTable="T001" ReferredTableOwner="">
        <PKFKColumn Column="BUKRS" ReferredColumn="BUKRS"/>
      </ForeignKey>
    </Table>
  </MetadataObjects>
  <Status>
    <StatusCode>SUCCESS</StatusCode>
  </Status>
</MetadataReply>