<MetadataReply xmlns="http://www.sap.com/DataServices/DataServicesXSD">
  <ID>7741</ID>
  <MetadataObjects>
    <Table Name="TSAB" Owner="" Description="Contact persons: standard departments">
      <Attributes>
        <Attribute Name="SAP_Table_Class" Value="1"/>
        <Attribute Name="SAP_Table_Class_Name" Value="transparent"/>
        <Attribute Name="sap_row_size" Value="11"/>
        <Attribute Name="sap_table_size_category" Value="0"/>
        <Attribute Name="sap_table_type" Value="Transparent Table"/>
      </Attributes>
      <Column Name="MANDT" Nullable="false" DataType="varchar" Size="3" NativeType="varchar" Description="Client"/>
      <Column Name="ABTNR" Nullable="false" DataType="varchar" Size="4" NativeType="varchar" Description="Department number"/>
      <Column Name="BU_ABTNR" Nullable="true" DataType="varchar" Size="4" NativeType="varchar" Description="Department"/>
      <PrimaryKey>
        <PrimaryKeyColumn>MANDT</PrimaryKeyColumn>
        <PrimaryKeyColumn>ABTNR</PrimaryKeyColumn>
      </PrimaryKey>
      <TableIndex Name="PRIMARY" isPrimary="true" Unique="true">
        <IndexColumn Name="MANDT"/>
        <IndexColumn Name="ABTNR"/>
      </TableIndex>
      <ForeignKey Name="ACTA_FK_0" ReferredTableKey="" ReferredTable="TB910" ReferredTableOwner="-1">
        <PKFKColumn Column="BU_ABTNR" ReferredColumn="ABTNR"/>
      </ForeignKey>
    </Table>
  </MetadataObjects>
  <Status>
    <StatusCode>SUCCESS</StatusCode>
  </Status>
</MetadataReply>