<MetadataReply xmlns="http://www.sap.com/DataServices/DataServicesXSD">
  <ID>13552</ID>
  <MetadataObjects>
    <Table Name="T049L" Owner="" Description="Lockboxes at our House Banks">
      <Attributes>
        <Attribute Name="SAP_Table_Class" Value="1"/>
        <Attribute Name="SAP_Table_Class_Name" Value="transparent"/>
        <Attribute Name="sap_row_size" Value="36"/>
        <Attribute Name="sap_table_size_category" Value="0"/>
        <Attribute Name="sap_table_type" Value="Transparent Table"/>
      </Attributes>
      <Column Name="MANDT" Nullable="false" DataType="varchar" Size="3" NativeType="varchar" Description="Client"/>
      <Column Name="BUKRS" Nullable="false" DataType="varchar" Size="4" NativeType="varchar" Description="Company Code"/>
      <Column Name="LOCKB" Nullable="false" DataType="varchar" Size="7" NativeType="varchar" Description="Key of the Lockbox to Which the Customer Is To Pay"/>
      <Column Name="HBKID" Nullable="true" DataType="varchar" Size="5" NativeType="varchar" Description="Short Key for a House Bank"/>
      <Column Name="LCKNR" Nullable="true" DataType="numeric" Precision="7" Scale="0" NativeType="numeric" Description="Lockbox Number"/>
      <Column Name="ADRNR" Nullable="true" DataType="varchar" Size="10" NativeType="varchar" Description="Address"/>
      <PrimaryKey>
        <PrimaryKeyColumn>MANDT</PrimaryKeyColumn>
        <PrimaryKeyColumn>BUKRS</PrimaryKeyColumn>
        <PrimaryKeyColumn>LOCKB</PrimaryKeyColumn>
      </PrimaryKey>
      <TableIndex Name="PRIMARY" isPrimary="true" Unique="true">
        <IndexColumn Name="MANDT"/>
        <IndexColumn Name="BUKRS"/>
        <IndexColumn Name="LOCKB"/>
      </TableIndex>
      <ForeignKey Name="ACTA_FK_1" ReferredTableKey="" ReferredTable="T001" ReferredTableOwner="">
        <PKFKColumn Column="BUKRS" ReferredColumn="BUKRS"/>
      </ForeignKey>
      <ForeignKey Name="ACTA_FK_2" ReferredTableKey="" ReferredTable="T012" ReferredTableOwner="">
        <PKFKColumn Column="BUKRS" ReferredColumn="BUKRS"/>
        <PKFKColumn Column="HBKID" ReferredColumn="HBKID"/>
      </ForeignKey>
      <ForeignKey Name="ACTA_FK_0" ReferredTableKey="" ReferredTable="SADRP" ReferredTableOwner="-1">
        <PKFKColumn Column="ADRNR" ReferredColumn="ADRNR"/>
      </ForeignKey>
    </Table>
  </MetadataObjects>
  <Status>
    <StatusCode>SUCCESS</StatusCode>
  </Status>
</MetadataReply>