<MetadataReply xmlns="http://www.sap.com/DataServices/DataServicesXSD">
  <ID>7743</ID>
  <MetadataObjects>
    <Table Name="TPFK" Owner="" Description="Contact Persons: Functions">
      <Attributes>
        <Attribute Name="SAP_Table_Class" Value="1"/>
        <Attribute Name="SAP_Table_Class_Name" Value="transparent"/>
        <Attribute Name="sap_row_size" Value="9"/>
        <Attribute Name="sap_table_size_category" Value="0"/>
        <Attribute Name="sap_table_type" Value="Transparent Table"/>
      </Attributes>
      <Column Name="MANDT" Nullable="false" DataType="varchar" Size="3" NativeType="varchar" Description="Client"/>
      <Column Name="PAFKT" Nullable="false" DataType="varchar" Size="2" NativeType="varchar" Description="Contact person function"/>
      <Column Name="BU_PAFKT" Nullable="true" DataType="varchar" Size="4" NativeType="varchar" Description="Function of partner"/>
      <PrimaryKey>
        <PrimaryKeyColumn>MANDT</PrimaryKeyColumn>
        <PrimaryKeyColumn>PAFKT</PrimaryKeyColumn>
      </PrimaryKey>
      <TableIndex Name="PRIMARY" isPrimary="true" Unique="true">
        <IndexColumn Name="MANDT"/>
        <IndexColumn Name="PAFKT"/>
      </TableIndex>
      <ForeignKey Name="ACTA_FK_0" ReferredTableKey="" ReferredTable="TB912" ReferredTableOwner="-1">
        <PKFKColumn Column="BU_PAFKT" ReferredColumn="PAFKT"/>
      </ForeignKey>
    </Table>
  </MetadataObjects>
  <Status>
    <StatusCode>SUCCESS</StatusCode>
  </Status>
</MetadataReply>