<MetadataReply xmlns="http://www.sap.com/DataServices/DataServicesXSD">
  <ID>13546</ID>
  <MetadataObjects>
    <Table Name="TCURV" Owner="" Description="Exchange rate types for currency translation">
      <Attributes>
        <Attribute Name="SAP_Table_Class" Value="1"/>
        <Attribute Name="SAP_Table_Class_Name" Value="transparent"/>
        <Attribute Name="sap_row_size" Value="24"/>
        <Attribute Name="sap_table_size_category" Value="0"/>
        <Attribute Name="sap_table_type" Value="Transparent Table"/>
      </Attributes>
      <Column Name="MANDT" Nullable="false" DataType="varchar" Size="3" NativeType="varchar" Description="Client"/>
      <Column Name="KURST" Nullable="false" DataType="varchar" Size="4" NativeType="varchar" Description="Exchange Rate Type"/>
      <Column Name="XINVR" Nullable="false" DataType="varchar" Size="1" NativeType="varchar" Description="Indicator: Calculation allowed with inverted exchange rate ?"/>
      <Column Name="BWAER" Nullable="false" DataType="varchar" Size="5" NativeType="varchar" Description="Reference currency for currency translation"/>
      <Column Name="XBWRL" Nullable="true" DataType="varchar" Size="1" NativeType="varchar" Description="Ind.: Base curr. is &quot;from&quot; curr. in the exchange rate table"/>
      <Column Name="GKUZU" Nullable="true" DataType="varchar" Size="4" NativeType="varchar" Description="Exch. rate type of av. rate used to determine buying rate"/>
      <Column Name="BKUZU" Nullable="true" DataType="varchar" Size="4" NativeType="varchar" Description="Exch.rate type of av. rate used to determine selling rate"/>
      <Column Name="XFIXD" Nullable="true" DataType="varchar" Size="1" NativeType="varchar" Description="Indicator: Exchange rate type uses fixed exchange rates"/>
      <Column Name="XEURO" Nullable="true" DataType="varchar" Size="1" NativeType="varchar" Description="Indicator: Exchange rate type uses special translation model"/>
      <PrimaryKey>
        <PrimaryKeyColumn>MANDT</PrimaryKeyColumn>
        <PrimaryKeyColumn>KURST</PrimaryKeyColumn>
      </PrimaryKey>
      <TableIndex Name="PRIMARY" isPrimary="true" Unique="true">
        <IndexColumn Name="MANDT"/>
        <IndexColumn Name="KURST"/>
      </TableIndex>
      <ForeignKey Name="ACTA_FK_1" ReferredTableKey="" ReferredTable="TCURV" ReferredTableOwner="">
        <PKFKColumn Column="BKUZU" ReferredColumn="KURST"/>
      </ForeignKey>
      <ForeignKey Name="ACTA_FK_0" ReferredTableKey="" ReferredTable="TCURC" ReferredTableOwner="">
        <PKFKColumn Column="BWAER" ReferredColumn="WAERS"/>
      </ForeignKey>
      <ForeignKey Name="ACTA_FK_2" ReferredTableKey="" ReferredTable="TCURV" ReferredTableOwner="">
        <PKFKColumn Column="GKUZU" ReferredColumn="KURST"/>
      </ForeignKey>
    </Table>
  </MetadataObjects>
  <Status>
    <StatusCode>SUCCESS</StatusCode>
  </Status>
</MetadataReply>