<MetadataReply xmlns="http://www.sap.com/DataServices/DataServicesXSD">
  <ID>13548</ID>
  <MetadataObjects>
    <Table Name="TZGR" Owner="" Description="Grouping rules for automatic payments">
      <Attributes>
        <Attribute Name="SAP_Table_Class" Value="1"/>
        <Attribute Name="SAP_Table_Class_Name" Value="transparent"/>
        <Attribute Name="sap_row_size" Value="106"/>
        <Attribute Name="sap_table_size_category" Value="0"/>
        <Attribute Name="sap_table_type" Value="Transparent Table"/>
      </Attributes>
      <Column Name="ZGRUP" Nullable="false" DataType="varchar" Size="2" NativeType="varchar" Description="Key for Payment Grouping"/>
      <Column Name="NAME1" Nullable="true" DataType="varchar" Size="30" NativeType="varchar" Description="Field Name from Tables BSID or BSIK"/>
      <Column Name="OFFS1" Nullable="true" DataType="numeric" Precision="2" Scale="0" NativeType="numeric" Description="Offset Within the Field"/>
      <Column Name="LENG1" Nullable="true" DataType="numeric" Precision="2" Scale="0" NativeType="numeric" Description="Number of Characters to be Considered"/>
      <Column Name="NAME2" Nullable="true" DataType="varchar" Size="30" NativeType="varchar" Description="Field Name from Tables BSID or BSIK"/>
      <Column Name="OFFS2" Nullable="true" DataType="numeric" Precision="2" Scale="0" NativeType="numeric" Description="Offset Within the Field"/>
      <Column Name="LENG2" Nullable="true" DataType="numeric" Precision="2" Scale="0" NativeType="numeric" Description="Number of Characters to be Considered"/>
      <Column Name="NAME3" Nullable="true" DataType="varchar" Size="30" NativeType="varchar" Description="Field Name from Tables BSID or BSIK"/>
      <Column Name="OFFS3" Nullable="true" DataType="numeric" Precision="2" Scale="0" NativeType="numeric" Description="Offset Within the Field"/>
      <Column Name="LENG3" Nullable="true" DataType="numeric" Precision="2" Scale="0" NativeType="numeric" Description="Number of Characters to be Considered"/>
      <Column Name="XDEBI" Nullable="true" DataType="varchar" Size="1" NativeType="varchar" Description="Indicator: Useable for Customers?"/>
      <Column Name="XKRED" Nullable="true" DataType="varchar" Size="1" NativeType="varchar" Description="Indicator: Useable for Vendors?"/>
      <PrimaryKey>
        <PrimaryKeyColumn>ZGRUP</PrimaryKeyColumn>
      </PrimaryKey>
      <TableIndex Name="PRIMARY" isPrimary="true" Unique="true">
        <IndexColumn Name="ZGRUP"/>
      </TableIndex>
    </Table>
  </MetadataObjects>
  <Status>
    <StatusCode>SUCCESS</StatusCode>
  </Status>
</MetadataReply>