<MetadataReply xmlns="http://www.sap.com/DataServices/DataServicesXSD">
  <ID>7747</ID>
  <MetadataObjects>
    <Table Name="T040S" Owner="" Description="Blocking reasons for dunning notices">
      <Attributes>
        <Attribute Name="SAP_Table_Class" Value="1"/>
        <Attribute Name="SAP_Table_Class_Name" Value="transparent"/>
        <Attribute Name="sap_row_size" Value="5"/>
        <Attribute Name="sap_table_size_category" Value="0"/>
        <Attribute Name="sap_table_type" Value="Transparent Table"/>
      </Attributes>
      <Column Name="MANDT" Nullable="false" DataType="varchar" Size="3" NativeType="varchar" Description="Client"/>
      <Column Name="MANSP" Nullable="false" DataType="varchar" Size="1" NativeType="varchar" Description="Dunning block"/>
      <Column Name="CHAR1" Nullable="true" DataType="varchar" Size="1" NativeType="varchar" Description="Single-Character Indicator"/>
      <PrimaryKey>
        <PrimaryKeyColumn>MANDT</PrimaryKeyColumn>
        <PrimaryKeyColumn>MANSP</PrimaryKeyColumn>
      </PrimaryKey>
      <TableIndex Name="PRIMARY" isPrimary="true" Unique="true">
        <IndexColumn Name="MANDT"/>
        <IndexColumn Name="MANSP"/>
      </TableIndex>
    </Table>
  </MetadataObjects>
  <Status>
    <StatusCode>SUCCESS</StatusCode>
  </Status>
</MetadataReply>