<MetadataReply xmlns="http://www.sap.com/DataServices/DataServicesXSD">
  <ID>7776</ID>
  <MetadataObjects>
    <Table Name="TZONE" Owner="" Description="Customers: Regional zones">
      <Attributes>
        <Attribute Name="SAP_Table_Class" Value="1"/>
        <Attribute Name="SAP_Table_Class_Name" Value="transparent"/>
        <Attribute Name="sap_row_size" Value="16"/>
        <Attribute Name="sap_table_size_category" Value="0"/>
        <Attribute Name="sap_table_type" Value="Transparent Table"/>
      </Attributes>
      <Column Name="MANDT" Nullable="false" DataType="varchar" Size="3" NativeType="varchar" Description="Client"/>
      <Column Name="LAND1" Nullable="false" DataType="varchar" Size="3" NativeType="varchar" Description="Country Key"/>
      <Column Name="ZONE1" Nullable="false" DataType="varchar" Size="10" NativeType="varchar" Description="Transportation zone to or from which the goods are delivered"/>
      <PrimaryKey>
        <PrimaryKeyColumn>MANDT</PrimaryKeyColumn>
        <PrimaryKeyColumn>LAND1</PrimaryKeyColumn>
        <PrimaryKeyColumn>ZONE1</PrimaryKeyColumn>
      </PrimaryKey>
      <TableIndex Name="PRIMARY" isPrimary="true" Unique="true">
        <IndexColumn Name="MANDT"/>
        <IndexColumn Name="LAND1"/>
        <IndexColumn Name="ZONE1"/>
      </TableIndex>
      <ForeignKey Name="ACTA_FK_0" ReferredTableKey="" ReferredTable="T005" ReferredTableOwner="">
        <PKFKColumn Column="LAND1" ReferredColumn="LAND1"/>
      </ForeignKey>
    </Table>
  </MetadataObjects>
  <Status>
    <StatusCode>SUCCESS</StatusCode>
  </Status>
</MetadataReply>