<MetadataReply xmlns="http://www.sap.com/DataServices/DataServicesXSD">
  <ID>7778</ID>
  <MetadataObjects>
    <Table Name="TWMEG" Owner="" Description="Unit of measure group">
      <Attributes>
        <Attribute Name="SAP_Table_Class" Value="1"/>
        <Attribute Name="SAP_Table_Class_Name" Value="transparent"/>
        <Attribute Name="sap_row_size" Value="11"/>
        <Attribute Name="sap_table_size_category" Value="0"/>
        <Attribute Name="sap_table_type" Value="Transparent Table"/>
      </Attributes>
      <Column Name="MANDT" Nullable="false" DataType="varchar" Size="3" NativeType="varchar" Description="Client"/>
      <Column Name="MEGRU" Nullable="false" DataType="varchar" Size="4" NativeType="varchar" Description="Unit of Measure Group"/>
      <Column Name="MEINS" Nullable="false" DataType="varchar" Size="3" NativeType="varchar" Description="Alternative Unit of Measure for Stockkeeping Unit"/>
      <Column Name="WITHOUT" Nullable="true" DataType="varchar" Size="1" NativeType="varchar" Description="Exclusion indicator for a unit in a unit of measure group"/>
      <PrimaryKey>
        <PrimaryKeyColumn>MANDT</PrimaryKeyColumn>
        <PrimaryKeyColumn>MEGRU</PrimaryKeyColumn>
        <PrimaryKeyColumn>MEINS</PrimaryKeyColumn>
      </PrimaryKey>
      <TableIndex Name="PRIMARY" isPrimary="true" Unique="true">
        <IndexColumn Name="MANDT"/>
        <IndexColumn Name="MEGRU"/>
        <IndexColumn Name="MEINS"/>
      </TableIndex>
      <ForeignKey Name="ACTA_FK_0" ReferredTableKey="" ReferredTable="T006" ReferredTableOwner="">
        <PKFKColumn Column="MEINS" ReferredColumn="MSEHI"/>
      </ForeignKey>
    </Table>
  </MetadataObjects>
  <Status>
    <StatusCode>SUCCESS</StatusCode>
  </Status>
</MetadataReply>