<MetadataReply xmlns="http://www.sap.com/DataServices/DataServicesXSD">
  <ID>13629</ID>
  <MetadataObjects>
    <Table Name="TSKD" Owner="" Description="Customer Taxes">
      <Attributes>
        <Attribute Name="SAP_Table_Class" Value="1"/>
        <Attribute Name="SAP_Table_Class_Name" Value="transparent"/>
        <Attribute Name="sap_row_size" Value="8"/>
        <Attribute Name="sap_table_size_category" Value="0"/>
        <Attribute Name="sap_table_type" Value="Transparent Table"/>
      </Attributes>
      <Column Name="MANDT" Nullable="false" DataType="varchar" Size="3" NativeType="varchar" Description="Client"/>
      <Column Name="TATYP" Nullable="false" DataType="varchar" Size="4" NativeType="varchar" Description="Tax category (sales tax, federal sales tax,...)"/>
      <Column Name="TAXKD" Nullable="false" DataType="varchar" Size="1" NativeType="varchar" Description="Tax classification for customer"/>
      <PrimaryKey>
        <PrimaryKeyColumn>MANDT</PrimaryKeyColumn>
        <PrimaryKeyColumn>TATYP</PrimaryKeyColumn>
        <PrimaryKeyColumn>TAXKD</PrimaryKeyColumn>
      </PrimaryKey>
      <TableIndex Name="PRIMARY" isPrimary="true" Unique="true">
        <IndexColumn Name="MANDT"/>
        <IndexColumn Name="TATYP"/>
        <IndexColumn Name="TAXKD"/>
      </TableIndex>
      <ForeignKey Name="ACTA_FK_0" ReferredTableKey="" ReferredTable="T685A" ReferredTableOwner="">
        <PKFKColumn Column="TATYP" ReferredColumn="KSCHL"/>
      </ForeignKey>
    </Table>
  </MetadataObjects>
  <Status>
    <StatusCode>SUCCESS</StatusCode>
  </Status>
</MetadataReply>