<MetadataReply xmlns="http://www.sap.com/DataServices/DataServicesXSD">
  <ID>13562</ID>
  <MetadataObjects>
    <Table Name="TVGF" Owner="" Description="Legal Status (Customer Master)">
      <Attributes>
        <Attribute Name="SAP_Table_Class" Value="1"/>
        <Attribute Name="SAP_Table_Class_Name" Value="transparent"/>
        <Attribute Name="sap_row_size" Value="5"/>
        <Attribute Name="sap_table_size_category" Value="0"/>
        <Attribute Name="sap_table_type" Value="Transparent Table"/>
      </Attributes>
      <Column Name="MANDT" Nullable="false" DataType="varchar" Size="3" NativeType="varchar" Description="Client"/>
      <Column Name="GFORM" Nullable="false" DataType="varchar" Size="2" NativeType="varchar" Description="Legal status"/>
      <PrimaryKey>
        <PrimaryKeyColumn>MANDT</PrimaryKeyColumn>
        <PrimaryKeyColumn>GFORM</PrimaryKeyColumn>
      </PrimaryKey>
      <TableIndex Name="PRIMARY" isPrimary="true" Unique="true">
        <IndexColumn Name="MANDT"/>
        <IndexColumn Name="GFORM"/>
      </TableIndex>
    </Table>
  </MetadataObjects>
  <Status>
    <StatusCode>SUCCESS</StatusCode>
  </Status>
</MetadataReply>