<MetadataReply xmlns="http://www.sap.com/DataServices/DataServicesXSD">
  <ID>13550</ID>
  <MetadataObjects>
    <Table Name="TFACD" Owner="" Description="Factory calendar definition">
      <Attributes>
        <Attribute Name="SAP_Table_Class" Value="1"/>
        <Attribute Name="SAP_Table_Class_Name" Value="transparent"/>
        <Attribute Name="sap_row_size" Value="61"/>
        <Attribute Name="sap_table_size_category" Value="0"/>
        <Attribute Name="sap_table_type" Value="Transparent Table"/>
      </Attributes>
      <Column Name="IDENT" Nullable="false" DataType="varchar" Size="2" NativeType="varchar" Description="Factory Calendar"/>
      <Column Name="VJAHR" Nullable="true" DataType="numeric" Precision="4" Scale="0" NativeType="numeric" Description="Year from which data is stored"/>
      <Column Name="BJAHR" Nullable="true" DataType="numeric" Precision="4" Scale="0" NativeType="numeric" Description="Year until which data is saved"/>
      <Column Name="MOTAG" Nullable="true" DataType="varchar" Size="1" NativeType="varchar" Description="Bit for workday"/>
      <Column Name="DITAG" Nullable="true" DataType="varchar" Size="1" NativeType="varchar" Description="Bit for workday"/>
      <Column Name="MIWCH" Nullable="true" DataType="varchar" Size="1" NativeType="varchar" Description="Bit for workday"/>
      <Column Name="DOTAG" Nullable="true" DataType="varchar" Size="1" NativeType="varchar" Description="Bit for workday"/>
      <Column Name="FRTAG" Nullable="true" DataType="varchar" Size="1" NativeType="varchar" Description="Bit for workday"/>
      <Column Name="SATAG" Nullable="true" DataType="varchar" Size="1" NativeType="varchar" Description="Bit for workday"/>
      <Column Name="SOTAG" Nullable="true" DataType="varchar" Size="1" NativeType="varchar" Description="Bit for workday"/>
      <Column Name="FETAG" Nullable="true" DataType="varchar" Size="1" NativeType="varchar" Description="Bit for workday"/>
      <Column Name="HOCID" Nullable="true" DataType="varchar" Size="2" NativeType="varchar" Description="Public Holiday Calendar"/>
      <Column Name="BASIS" Nullable="true" DataType="numeric" Precision="5" Scale="0" NativeType="numeric" Description="Start of factory calendar day numbering"/>
      <Column Name="ABBR" Nullable="true" DataType="varchar" Size="1" NativeType="varchar" Description="Calendar: Termination flag"/>
      <Column Name="CRUSR" Nullable="true" DataType="varchar" Size="12" NativeType="varchar" Description="Calendar: Calendar creator/changer"/>
      <Column Name="CRDAT" Nullable="true" DataType="date" NativeType="date" Description="Date"/>
      <Column Name="CRTIME" Nullable="true" DataType="time" NativeType="time" Description="Calendar: Creation or change time"/>
      <Column Name="INTERV" Nullable="true" DataType="varchar" Size="1" NativeType="varchar" Description="Calendar: Termination flag"/>
      <Column Name="AKTVJAHR" Nullable="true" DataType="numeric" Precision="4" Scale="0" NativeType="numeric" Description="Year, from which calendar is in buffer"/>
      <Column Name="AKTBJAHR" Nullable="true" DataType="numeric" Precision="4" Scale="0" NativeType="numeric" Description="Year, until which calendar is in buffer"/>
      <PrimaryKey>
        <PrimaryKeyColumn>IDENT</PrimaryKeyColumn>
      </PrimaryKey>
      <TableIndex Name="PRIMARY" isPrimary="true" Unique="true">
        <IndexColumn Name="IDENT"/>
      </TableIndex>
      <ForeignKey Name="ACTA_FK_0" ReferredTableKey="" ReferredTable="THOCI" ReferredTableOwner="-1">
        <PKFKColumn Column="HOCID" ReferredColumn="IDENT"/>
      </ForeignKey>
    </Table>
  </MetadataObjects>
  <Status>
    <StatusCode>SUCCESS</StatusCode>
  </Status>
</MetadataReply>