<MetadataReply xmlns="http://www.sap.com/DataServices/DataServicesXSD">
  <ID>13621</ID>
  <MetadataObjects>
    <Table Name="TVBVK" Owner="" Description="Organizational Unit: Sales Groups per Sales Office">
      <Attributes>
        <Attribute Name="SAP_Table_Class" Value="1"/>
        <Attribute Name="SAP_Table_Class_Name" Value="transparent"/>
        <Attribute Name="sap_row_size" Value="10"/>
        <Attribute Name="sap_table_size_category" Value="0"/>
        <Attribute Name="sap_table_type" Value="Transparent Table"/>
      </Attributes>
      <Column Name="MANDT" Nullable="false" DataType="varchar" Size="3" NativeType="varchar" Description="Client"/>
      <Column Name="VKBUR" Nullable="false" DataType="varchar" Size="4" NativeType="varchar" Description="Sales Office"/>
      <Column Name="VKGRP" Nullable="false" DataType="varchar" Size="3" NativeType="varchar" Description="Sales Group"/>
      <PrimaryKey>
        <PrimaryKeyColumn>MANDT</PrimaryKeyColumn>
        <PrimaryKeyColumn>VKBUR</PrimaryKeyColumn>
        <PrimaryKeyColumn>VKGRP</PrimaryKeyColumn>
      </PrimaryKey>
      <TableIndex Name="PRIMARY" isPrimary="true" Unique="true">
        <IndexColumn Name="MANDT"/>
        <IndexColumn Name="VKBUR"/>
        <IndexColumn Name="VKGRP"/>
      </TableIndex>
      <ForeignKey Name="ACTA_FK_1" ReferredTableKey="" ReferredTable="TVKGR" ReferredTableOwner="">
        <PKFKColumn Column="VKGRP" ReferredColumn="VKGRP"/>
      </ForeignKey>
      <ForeignKey Name="ACTA_FK_0" ReferredTableKey="" ReferredTable="TVBUR" ReferredTableOwner="">
        <PKFKColumn Column="VKBUR" ReferredColumn="VKBUR"/>
      </ForeignKey>
    </Table>
  </MetadataObjects>
  <Status>
    <StatusCode>SUCCESS</StatusCode>
  </Status>
</MetadataReply>