<MetadataReply xmlns="http://www.sap.com/DataServices/DataServicesXSD">
  <ID>7632</ID>
  <MetadataObjects>
    <Table Name="TVKO" Owner="" Description="Organizational Unit: Sales Organizations">
      <Attributes>
        <Attribute Name="SAP_Table_Class" Value="1"/>
        <Attribute Name="SAP_Table_Class_Name" Value="transparent"/>
        <Attribute Name="sap_row_size" Value="167"/>
        <Attribute Name="sap_table_size_category" Value="0"/>
        <Attribute Name="sap_table_type" Value="Transparent Table"/>
      </Attributes>
      <Column Name="MANDT" Nullable="false" DataType="varchar" Size="3" NativeType="varchar" Description="Client"/>
      <Column Name="VKORG" Nullable="false" DataType="varchar" Size="4" NativeType="varchar" Description="Sales Organization"/>
      <Column Name="WAERS" Nullable="true" DataType="varchar" Size="5" NativeType="varchar" Description="Statistics currency"/>
      <Column Name="BUKRS" Nullable="true" DataType="varchar" Size="4" NativeType="varchar" Description="Company code of the sales organization"/>
      <Column Name="ADRNR" Nullable="true" DataType="varchar" Size="10" NativeType="varchar" Description="Address"/>
      <Column Name="TXNAM_ADR" Nullable="true" DataType="varchar" Size="16" NativeType="varchar" Description="Text name for form text module short address"/>
      <Column Name="TXNAM_KOP" Nullable="true" DataType="varchar" Size="16" NativeType="varchar" Description="Text name for form text module letter header"/>
      <Column Name="TXNAM_FUS" Nullable="true" DataType="varchar" Size="16" NativeType="varchar" Description="Text name for formula text module footer lines"/>
      <Column Name="TXNAM_GRU" Nullable="true" DataType="varchar" Size="16" NativeType="varchar" Description="Text name for form text module: Greeting"/>
      <Column Name="VKOAU" Nullable="true" DataType="varchar" Size="4" NativeType="varchar" Description="Reference sales org.for sales doc.types (by sales area)"/>
      <Column Name="KUNNR" Nullable="true" DataType="varchar" Size="10" NativeType="varchar" Description="Customer number for intercompany billing"/>
      <Column Name="BOAVO" Nullable="true" DataType="varchar" Size="1" NativeType="varchar" Description="Rebate processing active in the sales organization"/>
      <Column Name="VKOKL" Nullable="true" DataType="varchar" Size="2" NativeType="varchar" Description="Sales organization calendar"/>
      <Column Name="EKORG" Nullable="true" DataType="varchar" Size="4" NativeType="varchar" Description="Purchasing Organization"/>
      <Column Name="EKGRP" Nullable="true" DataType="varchar" Size="3" NativeType="varchar" Description="Purchasing Group"/>
      <Column Name="LIFNR" Nullable="true" DataType="varchar" Size="10" NativeType="varchar" Description="Account Number of Vendor or Creditor"/>
      <Column Name="WERKS" Nullable="true" DataType="varchar" Size="4" NativeType="varchar" Description="Plant"/>
      <Column Name="BSART" Nullable="true" DataType="varchar" Size="4" NativeType="varchar" Description="Order Type (Purchasing)"/>
      <Column Name="BSTYP" Nullable="true" DataType="varchar" Size="1" NativeType="varchar" Description="Purchasing Document Category"/>
      <Column Name="BWART" Nullable="true" DataType="varchar" Size="3" NativeType="varchar" Description="Movement Type (Inventory Management)"/>
      <Column Name="LGORT" Nullable="true" DataType="varchar" Size="4" NativeType="varchar" Description="Storage Location"/>
      <Column Name="TXNAM_SDB" Nullable="true" DataType="varchar" Size="16" NativeType="varchar" Description="Text names for layout-set module SDS sender"/>
      <Column Name="MWSKZ" Nullable="true" DataType="varchar" Size="2" NativeType="varchar" Description="Tax code for SD documents"/>
      <Column Name="XSTCEG" Nullable="true" DataType="varchar" Size="1" NativeType="varchar" Description="Determining the VAT registration number"/>
      <Column Name="J_1ANUTIME" Nullable="true" DataType="varchar" Size="1" NativeType="varchar" Description="Time of numbering for deliveries"/>
      <Column Name="MAXBI" Nullable="true" DataType="numeric" Precision="3" Scale="0" NativeType="numeric" Description="Maximum Number of Items in Billing Document"/>
      <Column Name="PLAUFZ" Nullable="true" DataType="numeric" Precision="3" Scale="0" NativeType="numeric" Description="Price protection period"/>
      <Column Name="PLAUEZ" Nullable="true" DataType="varchar" Size="1" NativeType="varchar" Description="Unit for price protection"/>
      <PrimaryKey>
        <PrimaryKeyColumn>MANDT</PrimaryKeyColumn>
        <PrimaryKeyColumn>VKORG</PrimaryKeyColumn>
      </PrimaryKey>
      <TableIndex Name="PRIMARY" isPrimary="true" Unique="true">
        <IndexColumn Name="MANDT"/>
        <IndexColumn Name="VKORG"/>
      </TableIndex>
      <ForeignKey Name="ACTA_FK_1" ReferredTableKey="" ReferredTable="LFA1" ReferredTableOwner="">
        <PKFKColumn Column="LIFNR" ReferredColumn="LIFNR"/>
      </ForeignKey>
      <ForeignKey Name="ACTA_FK_0" ReferredTableKey="" ReferredTable="KNA1" ReferredTableOwner="">
        <PKFKColumn Column="KUNNR" ReferredColumn="KUNNR"/>
      </ForeignKey>
      <ForeignKey Name="ACTA_FK_3" ReferredTableKey="" ReferredTable="T001L" ReferredTableOwner="">
        <PKFKColumn Column="WERKS" ReferredColumn="WERKS"/>
        <PKFKColumn Column="LGORT" ReferredColumn="LGORT"/>
      </ForeignKey>
      <ForeignKey Name="ACTA_FK_10" ReferredTableKey="" ReferredTable="TCURC" ReferredTableOwner="">
        <PKFKColumn Column="WAERS" ReferredColumn="WAERS"/>
      </ForeignKey>
      <ForeignKey Name="ACTA_FK_2" ReferredTableKey="" ReferredTable="T001" ReferredTableOwner="">
        <PKFKColumn Column="BUKRS" ReferredColumn="BUKRS"/>
      </ForeignKey>
      <ForeignKey Name="ACTA_FK_11" ReferredTableKey="" ReferredTable="TFACD" ReferredTableOwner="">
        <PKFKColumn Column="VKOKL" ReferredColumn="IDENT"/>
      </ForeignKey>
      <ForeignKey Name="ACTA_FK_4" ReferredTableKey="" ReferredTable="T001W" ReferredTableOwner="">
        <PKFKColumn Column="WERKS" ReferredColumn="WERKS"/>
      </ForeignKey>
      <ForeignKey Name="ACTA_FK_12" ReferredTableKey="" ReferredTable="TVKO" ReferredTableOwner="">
        <PKFKColumn Column="VKOAU" ReferredColumn="VKORG"/>
      </ForeignKey>
      <ForeignKey Name="ACTA_FK_7" ReferredTableKey="" ReferredTable="T024E" ReferredTableOwner="">
        <PKFKColumn Column="EKORG" ReferredColumn="EKORG"/>
      </ForeignKey>
      <ForeignKey Name="ACTA_FK_6" ReferredTableKey="" ReferredTable="T024" ReferredTableOwner="">
        <PKFKColumn Column="EKGRP" ReferredColumn="EKGRP"/>
      </ForeignKey>
      <ForeignKey Name="ACTA_FK_9" ReferredTableKey="" ReferredTable="T161" ReferredTableOwner="">
        <PKFKColumn Column="BSTYP" ReferredColumn="BSTYP"/>
        <PKFKColumn Column="BSART" ReferredColumn="BSART"/>
      </ForeignKey>
      <ForeignKey Name="ACTA_FK_8" ReferredTableKey="" ReferredTable="T156" ReferredTableOwner="">
        <PKFKColumn Column="BWART" ReferredColumn="BWART"/>
      </ForeignKey>
      <ForeignKey Name="ACTA_FK_5" ReferredTableKey="" ReferredTable="T007A" ReferredTableOwner="-1">
        <PKFKColumn Column="MWSKZ" ReferredColumn="MWSKZ"/>
      </ForeignKey>
    </Table>
  </MetadataObjects>
  <Status>
    <StatusCode>SUCCESS</StatusCode>
  </Status>
</MetadataReply>