<MetadataReply xmlns="http://www.sap.com/DataServices/DataServicesXSD">
  <ID>13052</ID>
  <MetadataObjects>
    <Table Name="T009" Owner="" Description="Fiscal Year Variants">
      <Attributes>
        <Attribute Name="SAP_Table_Class" Value="1"/>
        <Attribute Name="SAP_Table_Class_Name" Value="transparent"/>
        <Attribute Name="sap_row_size" Value="12"/>
        <Attribute Name="sap_table_size_category" Value="0"/>
        <Attribute Name="sap_table_type" Value="Transparent Table"/>
      </Attributes>
      <Column Name="MANDT" Nullable="false" DataType="varchar" Size="3" NativeType="varchar" Description="Client"/>
      <Column Name="PERIV" Nullable="false" DataType="varchar" Size="2" NativeType="varchar" Description="Fiscal Year Variant"/>
      <Column Name="XKALE" Nullable="true" DataType="varchar" Size="1" NativeType="varchar" Description="Indicator: Determine periods like calendar year ?"/>
      <Column Name="XJABH" Nullable="true" DataType="varchar" Size="1" NativeType="varchar" Description="Indicator: Fiscal year variants year-dependent ?"/>
      <Column Name="ANZBP" Nullable="true" DataType="numeric" Precision="3" Scale="0" NativeType="numeric" Description="Number of posting periods"/>
      <Column Name="ANZSP" Nullable="true" DataType="numeric" Precision="2" Scale="0" NativeType="numeric" Description="Number of special periods"/>
      <PrimaryKey>
        <PrimaryKeyColumn>MANDT</PrimaryKeyColumn>
        <PrimaryKeyColumn>PERIV</PrimaryKeyColumn>
      </PrimaryKey>
      <TableIndex Name="PRIMARY" isPrimary="true" Unique="true">
        <IndexColumn Name="MANDT"/>
        <IndexColumn Name="PERIV"/>
      </TableIndex>
    </Table>
  </MetadataObjects>
  <Status>
    <StatusCode>SUCCESS</StatusCode>
  </Status>
</MetadataReply>