<MetadataReply xmlns="http://www.sap.com/DataServices/DataServicesXSD">
  <ID>13540</ID>
  <MetadataObjects>
    <Table Name="T077D" Owner="" Description="Customer account groups">
      <Attributes>
        <Attribute Name="SAP_Table_Class" Value="1"/>
        <Attribute Name="SAP_Table_Class_Name" Value="transparent"/>
        <Attribute Name="sap_row_size" Value="382"/>
        <Attribute Name="sap_table_size_category" Value="0"/>
        <Attribute Name="sap_table_type" Value="Transparent Table"/>
      </Attributes>
      <Column Name="MANDT" Nullable="false" DataType="varchar" Size="3" NativeType="varchar" Description="Client"/>
      <Column Name="KTOKD" Nullable="false" DataType="varchar" Size="4" NativeType="varchar" Description="Customer Account Group"/>
      <Column Name="FAUSA" Nullable="true" DataType="varchar" Size="40" NativeType="varchar" Description="Customer master record field status def.for general data"/>
      <Column Name="FAUSF" Nullable="true" DataType="varchar" Size="40" NativeType="varchar" Description="Customer master record field status def.for comp.code data"/>
      <Column Name="FAUSV" Nullable="true" DataType="varchar" Size="40" NativeType="varchar" Description="Customer master record field status def.for sales fields"/>
      <Column Name="NUMKR" Nullable="true" DataType="varchar" Size="2" NativeType="varchar" Description="Number range"/>
      <Column Name="XCPDS" Nullable="true" DataType="varchar" Size="1" NativeType="varchar" Description="Indicator: Account group for one-time accounts?"/>
      <Column Name="KALSM" Nullable="true" DataType="varchar" Size="6" NativeType="varchar" Description="Output determination procedure"/>
      <Column Name="DEAR1" Nullable="true" DataType="varchar" Size="1" NativeType="varchar" Description="Indicator: Competitor"/>
      <Column Name="DEAR2" Nullable="true" DataType="varchar" Size="1" NativeType="varchar" Description="Indicator: Sales partner"/>
      <Column Name="DEAR3" Nullable="true" DataType="varchar" Size="1" NativeType="varchar" Description="Indicator: Sales prospect"/>
      <Column Name="DEAR4" Nullable="true" DataType="varchar" Size="1" NativeType="varchar" Description="Indicator for customer type 4"/>
      <Column Name="DEAR5" Nullable="true" DataType="varchar" Size="1" NativeType="varchar" Description="ID for default sold-to party"/>
      <Column Name="FAUS1" Nullable="true" DataType="varchar" Size="40" NativeType="varchar" Description="Customer master record field status def.for general data"/>
      <Column Name="FAUSW" Nullable="true" DataType="varchar" Size="40" NativeType="varchar" Description="Field status bar, plant master for IS-R data"/>
      <Column Name="FAUSG" Nullable="true" DataType="varchar" Size="40" NativeType="varchar" Description="Customer master record field status def.for comp.code data"/>
      <Column Name="DEAR6" Nullable="true" DataType="varchar" Size="1" NativeType="varchar" Description="Indicator: Consumer"/>
      <Column Name="FAUS2" Nullable="true" DataType="varchar" Size="40" NativeType="varchar" Description="Customer master record field status def.for general data"/>
      <Column Name="FAUSU" Nullable="true" DataType="varchar" Size="40" NativeType="varchar" Description="Customer master record field status def.for sales fields"/>
      <Column Name="FAUS3" Nullable="true" DataType="varchar" Size="40" NativeType="varchar" Description="Customer master record field status def.for general data"/>
      <PrimaryKey>
        <PrimaryKeyColumn>MANDT</PrimaryKeyColumn>
        <PrimaryKeyColumn>KTOKD</PrimaryKeyColumn>
      </PrimaryKey>
      <TableIndex Name="PRIMARY" isPrimary="true" Unique="true">
        <IndexColumn Name="MANDT"/>
        <IndexColumn Name="KTOKD"/>
      </TableIndex>
      <ForeignKey Name="ACTA_FK_0" ReferredTableKey="" ReferredTable="T683" ReferredTableOwner="-1">
        <PKFKColumn Column="KALSM" ReferredColumn="KALSM"/>
      </ForeignKey>
    </Table>
  </MetadataObjects>
  <Status>
    <StatusCode>SUCCESS</StatusCode>
  </Status>
</MetadataReply>