<MetadataReply xmlns="http://www.sap.com/DataServices/DataServicesXSD">
  <ID>13633</ID>
  <MetadataObjects>
    <Table Name="T044G" Owner="" Description="Valuation Adjustment Key">
      <Attributes>
        <Attribute Name="SAP_Table_Class" Value="1"/>
        <Attribute Name="SAP_Table_Class_Name" Value="transparent"/>
        <Attribute Name="sap_row_size" Value="24"/>
        <Attribute Name="sap_table_size_category" Value="0"/>
        <Attribute Name="sap_table_type" Value="Transparent Table"/>
      </Attributes>
      <Column Name="MANDT" Nullable="false" DataType="varchar" Size="3" NativeType="varchar" Description="Client"/>
      <Column Name="WBRSL" Nullable="false" DataType="varchar" Size="2" NativeType="varchar" Description="Value Adjustment Key"/>
      <Column Name="BWBER" Nullable="false" DataType="varchar" Size="2" NativeType="varchar" Description="Valuation Area for FI Year-End Closing"/>
      <Column Name="LAND1" Nullable="false" DataType="varchar" Size="3" NativeType="varchar" Description="Country Key"/>
      <Column Name="OVDUE" Nullable="false" DataType="numeric" Precision="3" Scale="0" NativeType="numeric" Description="Days Overdue"/>
      <Column Name="FUTURE" Nullable="false" DataType="varchar" Size="1" NativeType="varchar" Description="Future"/>
      <Column Name="ZINSO" Nullable="true" DataType="decimal" Precision="7" Scale="3" NativeType="decimal" Description="Debit interest rate"/>
      <Column Name="XMANU" Nullable="false" DataType="varchar" Size="1" NativeType="varchar" Description="Valuate items manually"/>
      <Column Name="XEXTR" Nullable="true" DataType="varchar" Size="1" NativeType="varchar" Description="Indicator for External Valuation"/>
      <Column Name="PTYPE" Nullable="true" DataType="varchar" Size="1" NativeType="varchar" Description="Posting type for adjustment posting"/>
      <PrimaryKey>
        <PrimaryKeyColumn>MANDT</PrimaryKeyColumn>
        <PrimaryKeyColumn>WBRSL</PrimaryKeyColumn>
        <PrimaryKeyColumn>BWBER</PrimaryKeyColumn>
        <PrimaryKeyColumn>LAND1</PrimaryKeyColumn>
        <PrimaryKeyColumn>OVDUE</PrimaryKeyColumn>
        <PrimaryKeyColumn>FUTURE</PrimaryKeyColumn>
      </PrimaryKey>
      <TableIndex Name="PRIMARY" isPrimary="true" Unique="true">
        <IndexColumn Name="MANDT"/>
        <IndexColumn Name="WBRSL"/>
        <IndexColumn Name="BWBER"/>
        <IndexColumn Name="LAND1"/>
        <IndexColumn Name="OVDUE"/>
        <IndexColumn Name="FUTURE"/>
      </TableIndex>
      <ForeignKey Name="ACTA_FK_0" ReferredTableKey="" ReferredTable="T033" ReferredTableOwner="-1">
        <PKFKColumn Column="BWBER" ReferredColumn="BWBER"/>
      </ForeignKey>
    </Table>
  </MetadataObjects>
  <Status>
    <StatusCode>SUCCESS</StatusCode>
  </Status>
</MetadataReply>