<MetadataReply xmlns="http://www.sap.com/DataServices/DataServicesXSD">
  <ID>7636</ID>
  <MetadataObjects>
    <Table Name="T001S" Owner="" Description="Accounting Clerks">
      <Attributes>
        <Attribute Name="SAP_Table_Class" Value="1"/>
        <Attribute Name="SAP_Table_Class_Name" Value="transparent"/>
        <Attribute Name="sap_row_size" Value="51"/>
        <Attribute Name="sap_table_size_category" Value="0"/>
        <Attribute Name="sap_table_type" Value="Transparent Table"/>
      </Attributes>
      <Column Name="MANDT" Nullable="false" DataType="varchar" Size="3" NativeType="varchar" Description="Client"/>
      <Column Name="BUKRS" Nullable="false" DataType="varchar" Size="4" NativeType="varchar" Description="Company Code"/>
      <Column Name="BUSAB" Nullable="false" DataType="varchar" Size="2" NativeType="varchar" Description="Accounting clerk"/>
      <Column Name="SNAME" Nullable="true" DataType="varchar" Size="30" NativeType="varchar" Description="Name of Accounting Clerk"/>
      <Column Name="USNAM" Nullable="true" DataType="varchar" Size="12" NativeType="varchar" Description="Name of SAP Office User"/>
      <PrimaryKey>
        <PrimaryKeyColumn>MANDT</PrimaryKeyColumn>
        <PrimaryKeyColumn>BUKRS</PrimaryKeyColumn>
        <PrimaryKeyColumn>BUSAB</PrimaryKeyColumn>
      </PrimaryKey>
      <TableIndex Name="PRIMARY" isPrimary="true" Unique="true">
        <IndexColumn Name="MANDT"/>
        <IndexColumn Name="BUKRS"/>
        <IndexColumn Name="BUSAB"/>
      </TableIndex>
      <ForeignKey Name="ACTA_FK_0" ReferredTableKey="" ReferredTable="T001" ReferredTableOwner="">
        <PKFKColumn Column="BUKRS" ReferredColumn="BUKRS"/>
      </ForeignKey>
    </Table>
  </MetadataObjects>
  <Status>
    <StatusCode>SUCCESS</StatusCode>
  </Status>
</MetadataReply>