<MetadataReply xmlns="http://www.sap.com/DataServices/DataServicesXSD">
  <ID>13544</ID>
  <MetadataObjects>
    <Table Name="T047R" Owner="" Description="Grouping rules for dunning notices">
      <Attributes>
        <Attribute Name="SAP_Table_Class" Value="1"/>
        <Attribute Name="SAP_Table_Class_Name" Value="transparent"/>
        <Attribute Name="sap_row_size" Value="75"/>
        <Attribute Name="sap_table_size_category" Value="0"/>
        <Attribute Name="sap_table_type" Value="Transparent Table"/>
      </Attributes>
      <Column Name="MANDT" Nullable="false" DataType="varchar" Size="3" NativeType="varchar" Description="Client"/>
      <Column Name="MGRUP" Nullable="false" DataType="varchar" Size="2" NativeType="varchar" Description="Key for dunning notice grouping"/>
      <Column Name="NAME1" Nullable="true" DataType="varchar" Size="30" NativeType="varchar" Description="Field Name from Tables BSID or BSIK"/>
      <Column Name="OFFS1" Nullable="true" DataType="numeric" Precision="2" Scale="0" NativeType="numeric" Description="Offset Within the Field"/>
      <Column Name="LENG1" Nullable="true" DataType="numeric" Precision="2" Scale="0" NativeType="numeric" Description="Number of Characters to be Considered"/>
      <Column Name="NAME2" Nullable="true" DataType="varchar" Size="30" NativeType="varchar" Description="Field Name from Tables BSID or BSIK"/>
      <Column Name="OFFS2" Nullable="true" DataType="numeric" Precision="2" Scale="0" NativeType="numeric" Description="Offset Within the Field"/>
      <Column Name="LENG2" Nullable="true" DataType="numeric" Precision="2" Scale="0" NativeType="numeric" Description="Number of Characters to be Considered"/>
      <Column Name="XDEBI" Nullable="true" DataType="varchar" Size="1" NativeType="varchar" Description="Indicator: No field check against table &quot;BSID&quot; ?"/>
      <Column Name="XKRED" Nullable="true" DataType="varchar" Size="1" NativeType="varchar" Description="Indicator: No field check against table &quot;BSIK&quot; ?"/>
      <PrimaryKey>
        <PrimaryKeyColumn>MANDT</PrimaryKeyColumn>
        <PrimaryKeyColumn>MGRUP</PrimaryKeyColumn>
      </PrimaryKey>
      <TableIndex Name="PRIMARY" isPrimary="true" Unique="true">
        <IndexColumn Name="MANDT"/>
        <IndexColumn Name="MGRUP"/>
      </TableIndex>
    </Table>
  </MetadataObjects>
  <Status>
    <StatusCode>SUCCESS</StatusCode>
  </Status>
</MetadataReply>