<MetadataReply xmlns="http://www.sap.com/DataServices/DataServicesXSD">
  <ID>7745</ID>
  <MetadataObjects>
    <Table Name="TCURC" Owner="" Description="Currency Codes">
      <Attributes>
        <Attribute Name="SAP_Table_Class" Value="1"/>
        <Attribute Name="SAP_Table_Class_Name" Value="transparent"/>
        <Attribute Name="sap_row_size" Value="23"/>
        <Attribute Name="sap_table_size_category" Value="0"/>
        <Attribute Name="sap_table_type" Value="Transparent Table"/>
      </Attributes>
      <Column Name="MANDT" Nullable="false" DataType="varchar" Size="3" NativeType="varchar" Description="Client"/>
      <Column Name="WAERS" Nullable="false" DataType="varchar" Size="5" NativeType="varchar" Description="Currency Key"/>
      <Column Name="ISOCD" Nullable="true" DataType="varchar" Size="3" NativeType="varchar" Description="ISO currency code"/>
      <Column Name="ALTWR" Nullable="true" DataType="varchar" Size="3" NativeType="varchar" Description="Alternative key for currencies"/>
      <Column Name="GDATU" Nullable="true" DataType="date" NativeType="date" Description="Date until which the currency is valid"/>
      <Column Name="XPRIMARY" Nullable="true" DataType="varchar" Size="1" NativeType="varchar" Description="Primary SAP Currency Code for ISO Code"/>
      <PrimaryKey>
        <PrimaryKeyColumn>MANDT</PrimaryKeyColumn>
        <PrimaryKeyColumn>WAERS</PrimaryKeyColumn>
      </PrimaryKey>
      <TableIndex Name="PRIMARY" isPrimary="true" Unique="true">
        <IndexColumn Name="MANDT"/>
        <IndexColumn Name="WAERS"/>
      </TableIndex>
    </Table>
  </MetadataObjects>
  <Status>
    <StatusCode>SUCCESS</StatusCode>
  </Status>
</MetadataReply>