<MetadataReply xmlns="http://www.sap.com/DataServices/DataServicesXSD">
  <ID>13635</ID>
  <MetadataObjects>
    <Table Name="T685A" Owner="" Description="Conditions: Types: Additional Price Element Data">
      <Attributes>
        <Attribute Name="SAP_Table_Class" Value="1"/>
        <Attribute Name="SAP_Table_Class_Name" Value="transparent"/>
        <Attribute Name="sap_row_size" Value="129"/>
        <Attribute Name="sap_table_size_category" Value="0"/>
        <Attribute Name="sap_table_type" Value="Transparent Table"/>
      </Attributes>
      <Column Name="MANDT" Nullable="false" DataType="varchar" Size="3" NativeType="varchar" Description="Client"/>
      <Column Name="KAPPL" Nullable="false" DataType="varchar" Size="2" NativeType="varchar" Description="Application"/>
      <Column Name="KSCHL" Nullable="false" DataType="varchar" Size="4" NativeType="varchar" Description="Condition type"/>
      <Column Name="KRECH" Nullable="false" DataType="varchar" Size="1" NativeType="varchar" Description="Calculation type for condition"/>
      <Column Name="KZBZG" Nullable="false" DataType="varchar" Size="1" NativeType="varchar" Description="Scale basis indicator"/>
      <Column Name="KNTYP" Nullable="false" DataType="varchar" Size="1" NativeType="varchar" Description="Condition category (examples: tax, freight, price, cost)"/>
      <Column Name="KONAU" Nullable="false" DataType="varchar" Size="1" NativeType="varchar" Description="Condition is mandatory"/>
      <Column Name="KMANU" Nullable="false" DataType="varchar" Size="1" NativeType="varchar" Description="Making manual entries"/>
      <Column Name="GRZGF" Nullable="false" DataType="varchar" Size="4" NativeType="varchar" Description="Access sequence for the group key"/>
      <Column Name="GRLNR" Nullable="false" DataType="numeric" Precision="2" Scale="0" NativeType="numeric" Description="Routine number for creating group key"/>
      <Column Name="GRMEN" Nullable="false" DataType="varchar" Size="3" NativeType="varchar" Description="Scale unit"/>
      <Column Name="GANZZ" Nullable="false" DataType="varchar" Size="1" NativeType="varchar" Description="Indicator: Currency Translation after Multiplication"/>
      <Column Name="KGRPE" Nullable="false" DataType="varchar" Size="1" NativeType="varchar" Description="Group condition"/>
      <Column Name="KRELI" Nullable="false" DataType="varchar" Size="1" NativeType="varchar" Description="Condition for invoice list"/>
      <Column Name="KDUPL" Nullable="false" DataType="varchar" Size="1" NativeType="varchar" Description="Structure condition"/>
      <Column Name="KRUEK" Nullable="false" DataType="varchar" Size="1" NativeType="varchar" Description="Condition is Relevant for Accrual  (e.g. Freight)"/>
      <Column Name="KOUPD" Nullable="false" DataType="varchar" Size="1" NativeType="varchar" Description="Condition update"/>
      <Column Name="SOSTA" Nullable="false" DataType="varchar" Size="1" NativeType="varchar" Description="Special form for scale determination"/>
      <Column Name="KOFRS" Nullable="false" DataType="numeric" Precision="3" Scale="0" NativeType="numeric" Description="Formula for scale base value"/>
      <Column Name="KALSM" Nullable="false" DataType="varchar" Size="6" NativeType="varchar" Description="Sales and Distribution: Pricing Procedure in Pricing"/>
      <Column Name="KZNEP" Nullable="false" DataType="varchar" Size="1" NativeType="varchar" Description="Condition exclusion indicator"/>
      <Column Name="KOAID" Nullable="false" DataType="varchar" Size="1" NativeType="varchar" Description="Condition class"/>
      <Column Name="KKOPF" Nullable="false" DataType="varchar" Size="1" NativeType="varchar" Description="Condition applies to header"/>
      <Column Name="KPOSI" Nullable="false" DataType="varchar" Size="1" NativeType="varchar" Description="Condition applies to items"/>
      <Column Name="KNEGA" Nullable="false" DataType="varchar" Size="1" NativeType="varchar" Description="Plus/minus sign of the condition amount"/>
      <Column Name="TXPRF" Nullable="false" DataType="varchar" Size="1" NativeType="varchar" Description="Rounding rule"/>
      <Column Name="KSTPR" Nullable="false" DataType="varchar" Size="1" NativeType="varchar" Description="Checking rule for scale rates"/>
      <Column Name="KAEND_BTR" Nullable="false" DataType="varchar" Size="1" NativeType="varchar" Description="Condition rate of change for amount/percentage"/>
      <Column Name="KAEND_WRT" Nullable="false" DataType="varchar" Size="1" NativeType="varchar" Description="Scope for changing the value"/>
      <Column Name="KAEND_UFK" Nullable="false" DataType="varchar" Size="1" NativeType="varchar" Description="Scope for changing conversion factors"/>
      <Column Name="KAEND_RCH" Nullable="false" DataType="varchar" Size="1" NativeType="varchar" Description="Calculation type can be changed"/>
      <Column Name="KAEND_LOE" Nullable="false" DataType="varchar" Size="1" NativeType="varchar" Description="Delete the scope for changing rate"/>
      <Column Name="KAEND_MEH" Nullable="false" DataType="varchar" Size="1" NativeType="varchar" Description="Condition scope of change for unit of measure"/>
      <Column Name="IDXUP" Nullable="false" DataType="varchar" Size="1" NativeType="varchar" Description="Update condition index"/>
      <Column Name="RUKOR" Nullable="false" DataType="varchar" Size="1" NativeType="varchar" Description="Rebate: Accruals correction procedure"/>
      <Column Name="BOVER" Nullable="false" DataType="varchar" Size="1" NativeType="varchar" Description="Rebate procedure"/>
      <Column Name="KPRDT" Nullable="false" DataType="varchar" Size="1" NativeType="varchar" Description="Pricing date"/>
      <Column Name="STFKZ" Nullable="false" DataType="varchar" Size="1" NativeType="varchar" Description="Scale Type"/>
      <Column Name="PRECH" Nullable="false" DataType="varchar" Size="1" NativeType="varchar" Description="Period Condition Calculation Rule"/>
      <Column Name="BNKWE" Nullable="false" DataType="varchar" Size="1" NativeType="varchar" Description="Enter vendor for delivery costs in goods receipt document"/>
      <Column Name="AKTKO" Nullable="false" DataType="varchar" Size="1" NativeType="varchar" Description="Condition Type for Promotions"/>
      <Column Name="VKKAL" Nullable="false" DataType="varchar" Size="1" NativeType="varchar" Description="Sales Price Calculation: Relevant to pricing"/>
      <Column Name="VKOBL" Nullable="false" DataType="varchar" Size="1" NativeType="varchar" Description="SP Calculation: &quot;Relevant to pricing&quot; ID can be changed"/>
      <Column Name="RKAPPL" Nullable="false" DataType="varchar" Size="2" NativeType="varchar" Description="Reference application"/>
      <Column Name="RKSCHL" Nullable="false" DataType="varchar" Size="4" NativeType="varchar" Description="Reference condition type"/>
      <Column Name="BERGL" Nullable="true" DataType="varchar" Size="1" NativeType="varchar" Description="Calculation Base"/>
      <Column Name="VHART" Nullable="true" DataType="varchar" Size="4" NativeType="varchar" Description="Packaging Material Type"/>
      <Column Name="RDIFA" Nullable="true" DataType="varchar" Size="1" NativeType="varchar" Description="Rounding difference comparison"/>
      <Column Name="KFKIV" Nullable="true" DataType="varchar" Size="1" NativeType="varchar" Description="Condition for inter-company billing"/>
      <Column Name="KVARC" Nullable="true" DataType="varchar" Size="1" NativeType="varchar" Description="Condition for configuration"/>
      <Column Name="KMENG" Nullable="true" DataType="varchar" Size="1" NativeType="varchar" Description="Quantity conversion"/>
      <Column Name="MDFLG" Nullable="true" DataType="varchar" Size="1" NativeType="varchar" Description="Indicator: Matrix maintenance"/>
      <Column Name="KTREL" Nullable="true" DataType="varchar" Size="1" NativeType="varchar" Description="Relevance for account assignment"/>
      <Column Name="BNKTK" Nullable="true" DataType="varchar" Size="1" NativeType="varchar" Description="Copy delivery costs from shipment costs document"/>
      <Column Name="KFRST" Nullable="true" DataType="varchar" Size="1" NativeType="varchar" Description="Release status"/>
      <Column Name="TXTGR" Nullable="true" DataType="varchar" Size="2" NativeType="varchar" Description="Text determination procedure"/>
      <Column Name="TDID" Nullable="true" DataType="varchar" Size="4" NativeType="varchar" Description="Text ID for text edit control"/>
      <Column Name="KDELE" Nullable="true" DataType="varchar" Size="1" NativeType="varchar" Description="Condition records should be deleted from the database"/>
      <Column Name="KBFLAG" Nullable="true" DataType="varchar" Size="4" NativeType="varchar" Description="Bit encrypted flags in Pricing"/>
      <Column Name="PURP" Nullable="true" DataType="varchar" Size="4" NativeType="varchar" Description="Condition Function"/>
      <Column Name="DTASRC" Nullable="true" DataType="varchar" Size="2" NativeType="varchar" Description="Primary Data Record Source for a Condition Record"/>
      <Column Name="IS_CPF_ENABLED" Nullable="true" DataType="varchar" Size="1" NativeType="varchar" Description="Condition Enabled for Config. Parameters and Formulas (CPF)"/>
      <Column Name="IS_QTYCNVFCT_ENABLED" Nullable="true" DataType="varchar" Size="1" NativeType="varchar" Description="Agreed Conversion Factors Are Allowed"/>
      <Column Name="OIGRNET" Nullable="true" DataType="varchar" Size="1" NativeType="varchar" Description="Gross/net pricing indicator"/>
      <Column Name="OIINVCYC" Nullable="true" DataType="numeric" Precision="1" Scale="0" NativeType="numeric" Description="Invoice cycle"/>
      <Column Name="OIREPORT" Nullable="true" DataType="varchar" Size="8" NativeType="varchar" Description="Report number"/>
      <Column Name="OIHEAD" Nullable="true" DataType="numeric" Precision="3" Scale="0" NativeType="numeric" Description="Header format routine for second level analysis report"/>
      <Column Name="OIITEM" Nullable="true" DataType="numeric" Precision="3" Scale="0" NativeType="numeric" Description="Item routine for second level analysis report"/>
      <Column Name="OIERRHAN" Nullable="true" DataType="numeric" Precision="3" Scale="0" NativeType="numeric" Description="Error handling routine for second level analysis"/>
      <Column Name="OIDATA" Nullable="true" DataType="numeric" Precision="3" Scale="0" NativeType="numeric" Description="Routine number for data capture"/>
      <Column Name="OIA_SPLTIV" Nullable="true" DataType="varchar" Size="1" NativeType="varchar" Description="Indicator for split invoice verification"/>
      <Column Name="OIRCONDCL" Nullable="true" DataType="varchar" Size="1" NativeType="varchar" Description="SSR PC: Condition classification"/>
      <Column Name="OIU_EP" Nullable="true" DataType="varchar" Size="1" NativeType="varchar" Description="Exploration and Production condition (PRA)"/>
      <Column Name="WTY_KONDM" Nullable="true" DataType="varchar" Size="2" NativeType="varchar" Description="Material Pricing Group"/>
      <Column Name="WTY_KATEG" Nullable="true" DataType="varchar" Size="2" NativeType="varchar" Description="Category"/>
      <PrimaryKey>
        <PrimaryKeyColumn>MANDT</PrimaryKeyColumn>
        <PrimaryKeyColumn>KAPPL</PrimaryKeyColumn>
        <PrimaryKeyColumn>KSCHL</PrimaryKeyColumn>
      </PrimaryKey>
      <TableIndex Name="PRIMARY" isPrimary="true" Unique="true">
        <IndexColumn Name="MANDT"/>
        <IndexColumn Name="KAPPL"/>
        <IndexColumn Name="KSCHL"/>
      </TableIndex>
      <ForeignKey Name="ACTA_FK_1" ReferredTableKey="" ReferredTable="T006" ReferredTableOwner="">
        <PKFKColumn Column="GRMEN" ReferredColumn="MSEHI"/>
      </ForeignKey>
      <ForeignKey Name="ACTA_FK_7" ReferredTableKey="" ReferredTable="T685" ReferredTableOwner="">
        <PKFKColumn Column="KAPPL" ReferredColumn="KAPPL"/>
        <PKFKColumn Column="KSCHL" ReferredColumn="KSCHL"/>
      </ForeignKey>
      <ForeignKey Name="ACTA_FK_8" ReferredTableKey="" ReferredTable="T685" ReferredTableOwner="">
        <PKFKColumn Column="RKAPPL" ReferredColumn="KAPPL"/>
        <PKFKColumn Column="RKSCHL" ReferredColumn="KSCHL"/>
      </ForeignKey>
      <ForeignKey Name="ACTA_FK_0" ReferredTableKey="" ReferredTable="OIRE_KSCHL_CLA" ReferredTableOwner="-1">
        <PKFKColumn Column="OIRCONDCL" ReferredColumn="OIRCONDCL"/>
      </ForeignKey>
      <ForeignKey Name="ACTA_FK_2" ReferredTableKey="" ReferredTable="T178" ReferredTableOwner="-1">
        <PKFKColumn Column="WTY_KONDM" ReferredColumn="KONDM"/>
      </ForeignKey>
      <ForeignKey Name="ACTA_FK_3" ReferredTableKey="" ReferredTable="T681A" ReferredTableOwner="-1">
        <PKFKColumn Column="RKAPPL" ReferredColumn="KAPPL"/>
      </ForeignKey>
      <ForeignKey Name="ACTA_FK_4" ReferredTableKey="" ReferredTable="T681Z" ReferredTableOwner="-1">
        <PKFKColumn Column="KAPPL" ReferredColumn="KAPPL"/>
      </ForeignKey>
      <ForeignKey Name="ACTA_FK_5" ReferredTableKey="" ReferredTable="T682" ReferredTableOwner="-1">
        <PKFKColumn Column="KAPPL" ReferredColumn="KAPPL"/>
        <PKFKColumn Column="GRZGF" ReferredColumn="KOZGF"/>
      </ForeignKey>
      <ForeignKey Name="ACTA_FK_6" ReferredTableKey="" ReferredTable="T683" ReferredTableOwner="-1">
        <PKFKColumn Column="KAPPL" ReferredColumn="KAPPL"/>
        <PKFKColumn Column="KALSM" ReferredColumn="KALSM"/>
      </ForeignKey>
      <ForeignKey Name="ACTA_FK_9" ReferredTableKey="" ReferredTable="T686A" ReferredTableOwner="-1">
        <PKFKColumn Column="KAPPL" ReferredColumn="KAPPL"/>
        <PKFKColumn Column="KZNEP" ReferredColumn="KZNEP"/>
      </ForeignKey>
      <ForeignKey Name="ACTA_FK_10" ReferredTableKey="" ReferredTable="TOIA10" ReferredTableOwner="-1">
        <PKFKColumn Column="OIINVCYC" ReferredColumn="OIINVCYC"/>
      </ForeignKey>
      <ForeignKey Name="ACTA_FK_11" ReferredTableKey="" ReferredTable="TTXERN" ReferredTableOwner="-1">
        <PKFKColumn Column="TXTGR" ReferredColumn="TXTGR"/>
        <PKFKColumn Column="TDID" ReferredColumn="TDID"/>
      </ForeignKey>
      <ForeignKey Name="ACTA_FK_12" ReferredTableKey="" ReferredTable="TTXG" ReferredTableOwner="-1">
        <PKFKColumn Column="TXTGR" ReferredColumn="TXTGR"/>
      </ForeignKey>
      <ForeignKey Name="ACTA_FK_13" ReferredTableKey="" ReferredTable="TVTY" ReferredTableOwner="-1">
        <PKFKColumn Column="VHART" ReferredColumn="TRATY"/>
      </ForeignKey>
    </Table>
  </MetadataObjects>
  <Status>
    <StatusCode>SUCCESS</StatusCode>
  </Status>
</MetadataReply>