<MetadataReply xmlns="http://www.sap.com/DataServices/DataServicesXSD">
  <ID>7757</ID>
  <MetadataObjects>
    <Table Name="T008" Owner="" Description="Blocking Reasons for Automatic Payment Transcations">
      <Attributes>
        <Attribute Name="SAP_Table_Class" Value="1"/>
        <Attribute Name="SAP_Table_Class_Name" Value="transparent"/>
        <Attribute Name="sap_row_size" Value="7"/>
        <Attribute Name="sap_table_size_category" Value="0"/>
        <Attribute Name="sap_table_type" Value="Transparent Table"/>
      </Attributes>
      <Column Name="MANDT" Nullable="false" DataType="varchar" Size="3" NativeType="varchar" Description="Client"/>
      <Column Name="ZAHLS" Nullable="false" DataType="varchar" Size="1" NativeType="varchar" Description="Block Key for Payment"/>
      <Column Name="CHAR1" Nullable="true" DataType="varchar" Size="1" NativeType="varchar" Description="Indicator: Change in Payment Proposal Permitted?"/>
      <Column Name="XOZSP" Nullable="true" DataType="varchar" Size="1" NativeType="varchar" Description="Indicator: Blocked for manual payments"/>
      <Column Name="XNCHG" Nullable="true" DataType="varchar" Size="1" NativeType="varchar" Description="Payment block, not changeable"/>
      <PrimaryKey>
        <PrimaryKeyColumn>MANDT</PrimaryKeyColumn>
        <PrimaryKeyColumn>ZAHLS</PrimaryKeyColumn>
      </PrimaryKey>
      <TableIndex Name="PRIMARY" isPrimary="true" Unique="true">
        <IndexColumn Name="MANDT"/>
        <IndexColumn Name="ZAHLS"/>
      </TableIndex>
    </Table>
  </MetadataObjects>
  <Status>
    <StatusCode>SUCCESS</StatusCode>
  </Status>
</MetadataReply>