<MetadataReply xmlns="http://www.sap.com/DataServices/DataServicesXSD">
  <ID>7444</ID>
  <MetadataObjects>
    <Table Name="T059P" Owner="" Description="Withholding tax types">
      <Attributes>
        <Attribute Name="SAP_Table_Class" Value="1"/>
        <Attribute Name="SAP_Table_Class_Name" Value="transparent"/>
        <Attribute Name="sap_row_size" Value="75"/>
        <Attribute Name="sap_table_size_category" Value="0"/>
        <Attribute Name="sap_table_type" Value="Transparent Table"/>
      </Attributes>
      <Column Name="MANDT" Nullable="false" DataType="varchar" Size="3" NativeType="varchar" Description="Client"/>
      <Column Name="LAND1" Nullable="false" DataType="varchar" Size="3" NativeType="varchar" Description="Country Key"/>
      <Column Name="WITHT" Nullable="false" DataType="varchar" Size="2" NativeType="varchar" Description="Indicator for withholding tax type"/>
      <Column Name="WT_TPNR" Nullable="false" DataType="numeric" Precision="3" Scale="0" NativeType="numeric" Description="Sequential number of a withholding tax type"/>
      <Column Name="WT_ACCPT" Nullable="true" DataType="varchar" Size="1" NativeType="varchar" Description="Accumulation period"/>
      <Column Name="WT_ACCALL" Nullable="true" DataType="varchar" Size="1" NativeType="varchar" Description="Indicator: Accum. several cust./vend. and CoCdes together?"/>
      <Column Name="WT_ACCTMAX" Nullable="true" DataType="varchar" Size="1" NativeType="varchar" Description="Indicator: Withhold accumulated withholding tax to maximum?"/>
      <Column Name="WT_WTRD" Nullable="true" DataType="varchar" Size="2" NativeType="varchar" Description="Rounding Rule"/>
      <Column Name="WT_CEINV" Nullable="true" DataType="varchar" Size="1" NativeType="varchar" Description="Central invoice"/>
      <Column Name="WT_BASE" Nullable="true" DataType="varchar" Size="1" NativeType="varchar" Description="Type of withholding tax base amount"/>
      <Column Name="WT_DOPOST" Nullable="true" DataType="varchar" Size="1" NativeType="varchar" Description="Post withholding tax amount"/>
      <Column Name="WT_POSTM" Nullable="true" DataType="varchar" Size="1" NativeType="varchar" Description="Posting time"/>
      <Column Name="WT_ALWT" Nullable="true" DataType="varchar" Size="1" NativeType="varchar" Description="Indicator: Withholding tax already withheld?"/>
      <Column Name="WT_WTDSC" Nullable="true" DataType="varchar" Size="1" NativeType="varchar" Description="Indicator: Calculate w/tax prior to cash discount deduction"/>
      <Column Name="WT_SLFWT" Nullable="true" DataType="varchar" Size="1" NativeType="varchar" Description="Self-withholding possible?"/>
      <Column Name="WT_WTDP" Nullable="true" DataType="numeric" Precision="3" Scale="0" NativeType="numeric" Description="Withholding tax type number on which this w/tax type depends"/>
      <Column Name="WT_MANUAL" Nullable="true" DataType="varchar" Size="1" NativeType="varchar" Description="Indicator: Allow manual entry of withholding tax amount"/>
      <Column Name="WT_MAINTB" Nullable="true" DataType="varchar" Size="1" NativeType="varchar" Description="Maintenance of minimum base amount"/>
      <Column Name="WT_MAINTA" Nullable="true" DataType="varchar" Size="1" NativeType="varchar" Description="Maintenance of minimum/maximum withholding tax amount"/>
      <Column Name="WT_REDBAS" Nullable="true" DataType="varchar" Size="1" NativeType="varchar" Description="Indicator: Reduce base amount by withholding tax amount?"/>
      <Column Name="WT_WTINV" Nullable="true" DataType="varchar" Size="1" NativeType="varchar" Description="Indicator: Enter w/tax amount manually for payments?"/>
      <Column Name="REGIO" Nullable="true" DataType="varchar" Size="3" NativeType="varchar" Description="Region (State, Province, County)"/>
      <Column Name="TDFORM" Nullable="true" DataType="varchar" Size="16" NativeType="varchar" Description="Form Name"/>
      <Column Name="WT_BCPLVL" Nullable="true" DataType="varchar" Size="1" NativeType="varchar" Description="Minimum Check at Document Level"/>
      <Column Name="WT_CTNBRL" Nullable="true" DataType="varchar" Size="1" NativeType="varchar" Description="Indicator: Type not relevant for certificate numbering?"/>
      <Column Name="WT_MANBAS" Nullable="true" DataType="varchar" Size="1" NativeType="varchar" Description="Indicator: Allow manual entry of withholding tax base amnt"/>
      <Column Name="KSCHL" Nullable="true" DataType="varchar" Size="4" NativeType="varchar" Description="Condition Type"/>
      <Column Name="J_1BSUMVAL" Nullable="true" DataType="varchar" Size="1" NativeType="varchar" Description="Transfer to Nota Fiscal"/>
      <Column Name="J_1BTEXKEY" Nullable="true" DataType="varchar" Size="4" NativeType="varchar" Description="MM: Text key for automatic text determination"/>
      <Column Name="WT_KURST" Nullable="true" DataType="varchar" Size="4" NativeType="varchar" Description="Ex.Rate Type for Determining Ex.Rate for W/holding Tax Calc."/>
      <Column Name="WT_INHERITBASE" Nullable="true" DataType="varchar" Size="1" NativeType="varchar" Description="Indicator: Base Amount Equals Amount of Other Type"/>
      <Column Name="WT_NOREDUCTION" Nullable="true" DataType="varchar" Size="1" NativeType="varchar" Description="Indicator: Vendor Line Item Not Reduced by W/holding Tax Amt"/>
      <Column Name="J_1AFORMAT" Nullable="true" DataType="varchar" Size="1" NativeType="varchar" Description="Certificate Format"/>
      <Column Name="KSCHL_TX" Nullable="true" DataType="varchar" Size="4" NativeType="varchar" Description="Condition Type"/>
      <Column Name="J_1BWHTBASE_NF" Nullable="true" DataType="varchar" Size="1" NativeType="varchar" Description="Origin of Real Withholding Tax Calculation Base"/>
      <Column Name="ALL_TAX_CODES" Nullable="true" DataType="varchar" Size="1" NativeType="varchar" Description="Consider All Tax Codes"/>
      <PrimaryKey>
        <PrimaryKeyColumn>MANDT</PrimaryKeyColumn>
        <PrimaryKeyColumn>LAND1</PrimaryKeyColumn>
        <PrimaryKeyColumn>WITHT</PrimaryKeyColumn>
      </PrimaryKey>
      <TableIndex Name="PRIMARY" isPrimary="true" Unique="true">
        <IndexColumn Name="MANDT"/>
        <IndexColumn Name="LAND1"/>
        <IndexColumn Name="WITHT"/>
      </TableIndex>
      <ForeignKey Name="ACTA_FK_1" ReferredTableKey="" ReferredTable="T005" ReferredTableOwner="">
        <PKFKColumn Column="LAND1" ReferredColumn="LAND1"/>
      </ForeignKey>
      <ForeignKey Name="ACTA_FK_0" ReferredTableKey="" ReferredTable="J_1BMMNFTT" ReferredTableOwner="-1">
        <PKFKColumn Column="J_1BTEXKEY" ReferredColumn="TEXTKEY"/>
      </ForeignKey>
      <ForeignKey Name="ACTA_FK_2" ReferredTableKey="" ReferredTable="T005S" ReferredTableOwner="-1">
        <PKFKColumn Column="LAND1" ReferredColumn="LAND1"/>
        <PKFKColumn Column="REGIO" ReferredColumn="BLAND"/>
      </ForeignKey>
      <ForeignKey Name="ACTA_FK_3" ReferredTableKey="" ReferredTable="T685" ReferredTableOwner="-1">
        <PKFKColumn Column="KSCHL_TX" ReferredColumn="KSCHL"/>
      </ForeignKey>
      <ForeignKey Name="ACTA_FK_4" ReferredTableKey="" ReferredTable="T685A" ReferredTableOwner="-1">
        <PKFKColumn Column="KSCHL" ReferredColumn="KSCHL"/>
      </ForeignKey>
      <ForeignKey Name="ACTA_FK_5" ReferredTableKey="" ReferredTable="TCURV" ReferredTableOwner="-1">
        <PKFKColumn Column="WT_KURST" ReferredColumn="KURST"/>
      </ForeignKey>
    </Table>
  </MetadataObjects>
  <Status>
    <StatusCode>SUCCESS</StatusCode>
  </Status>
</MetadataReply>