<MetadataReply xmlns="http://www.sap.com/DataServices/DataServicesXSD">
  <ID>7432</ID>
  <MetadataObjects>
    <Table Name="LFM2" Owner="" Description="Vendor Master Record: Purchasing Data">
      <Attributes>
        <Attribute Name="SAP_Table_Class" Value="1"/>
        <Attribute Name="SAP_Table_Class_Name" Value="transparent"/>
        <Attribute Name="sap_row_size" Value="225"/>
        <Attribute Name="sap_table_size_category" Value="3"/>
        <Attribute Name="sap_table_type" Value="Transparent Table"/>
      </Attributes>
      <Column Name="MANDT" Nullable="false" DataType="varchar" Size="3" NativeType="varchar" Description="Client"/>
      <Column Name="LIFNR" Nullable="false" DataType="varchar" Size="10" NativeType="varchar" Description="Account Number of Vendor or Creditor"/>
      <Column Name="EKORG" Nullable="false" DataType="varchar" Size="4" NativeType="varchar" Description="Purchasing Organization"/>
      <Column Name="LTSNR" Nullable="false" DataType="varchar" Size="6" NativeType="varchar" Description="Vendor Subrange"/>
      <Column Name="WERKS" Nullable="false" DataType="varchar" Size="4" NativeType="varchar" Description="Plant"/>
      <Column Name="ERDAT" Nullable="false" DataType="date" NativeType="date" Description="Date on Which Record Was Created"/>
      <Column Name="ERNAM" Nullable="false" DataType="varchar" Size="12" NativeType="varchar" Description="Name of Person who Created the Object"/>
      <Column Name="SPERM" Nullable="false" DataType="varchar" Size="1" NativeType="varchar" Description="Purchasing block at purchasing organization level"/>
      <Column Name="LOEVM" Nullable="false" DataType="varchar" Size="1" NativeType="varchar" Description="Delete flag for vendor at purchasing level"/>
      <Column Name="LFABC" Nullable="false" DataType="varchar" Size="1" NativeType="varchar" Description="ABC indicator"/>
      <Column Name="WAERS" Nullable="false" DataType="varchar" Size="5" NativeType="varchar" Description="Purchase order currency"/>
      <Column Name="VERKF" Nullable="false" DataType="varchar" Size="30" NativeType="varchar" Description="Responsible Salesperson at Vendor's Office"/>
      <Column Name="TELF1" Nullable="false" DataType="varchar" Size="16" NativeType="varchar" Description="Vendor's telephone number"/>
      <Column Name="MINBW" Nullable="false" DataType="decimal" Precision="13" Scale="2" NativeType="decimal" Description="Minimum order value"/>
      <Column Name="ZTERM" Nullable="false" DataType="varchar" Size="4" NativeType="varchar" Description="Terms of Payment Key"/>
      <Column Name="INCO1" Nullable="false" DataType="varchar" Size="3" NativeType="varchar" Description="Incoterms (Part 1)"/>
      <Column Name="INCO2" Nullable="false" DataType="varchar" Size="28" NativeType="varchar" Description="Incoterms (Part 2)"/>
      <Column Name="WEBRE" Nullable="false" DataType="varchar" Size="1" NativeType="varchar" Description="Indicator: GR-Based Invoice Verification"/>
      <Column Name="KZABS" Nullable="false" DataType="varchar" Size="1" NativeType="varchar" Description="Order Acknowledgment Requirement"/>
      <Column Name="KALSK" Nullable="false" DataType="varchar" Size="2" NativeType="varchar" Description="Group for Calculation Schema (Vendor)"/>
      <Column Name="KZAUT" Nullable="false" DataType="varchar" Size="1" NativeType="varchar" Description="Automatic Generation of Purchase Order Allowed"/>
      <Column Name="EXPVZ" Nullable="false" DataType="varchar" Size="1" NativeType="varchar" Description="Mode of Transport for Foreign Trade"/>
      <Column Name="ZOLLA" Nullable="false" DataType="varchar" Size="6" NativeType="varchar" Description="Customs Office: Office of Exit/Entry for Foreign Trade"/>
      <Column Name="MEPRF" Nullable="false" DataType="varchar" Size="1" NativeType="varchar" Description="Price Determination (Pricing) Date Control"/>
      <Column Name="EKGRP" Nullable="false" DataType="varchar" Size="3" NativeType="varchar" Description="Purchasing Group"/>
      <Column Name="XERSY" Nullable="false" DataType="varchar" Size="1" NativeType="varchar" Description="Evaluated Receipt Settlement (ERS)"/>
      <Column Name="PLIFZ" Nullable="false" DataType="decimal" Precision="3" Scale="0" NativeType="decimal" Description="Planned Delivery Time in Days"/>
      <Column Name="MRPPP" Nullable="false" DataType="varchar" Size="3" NativeType="varchar" Description="Planning calendar"/>
      <Column Name="LFRHY" Nullable="false" DataType="varchar" Size="3" NativeType="varchar" Description="Planning cycle"/>
      <Column Name="LIBES" Nullable="false" DataType="varchar" Size="1" NativeType="varchar" Description="Order entry by vendor"/>
      <Column Name="LIPRE" Nullable="false" DataType="varchar" Size="2" NativeType="varchar" Description="Price marking, vendor"/>
      <Column Name="LISER" Nullable="false" DataType="varchar" Size="1" NativeType="varchar" Description="Rack-jobbing: vendor"/>
      <Column Name="DISPO" Nullable="false" DataType="varchar" Size="3" NativeType="varchar" Description="MRP Controller (Materials Planner)"/>
      <Column Name="BOIND" Nullable="false" DataType="varchar" Size="1" NativeType="varchar" Description="Field Not Used (Subsequent Settlement)"/>
      <Column Name="BSTAE" Nullable="false" DataType="varchar" Size="4" NativeType="varchar" Description="Confirmation Control Key"/>
      <Column Name="RDPRF" Nullable="false" DataType="varchar" Size="4" NativeType="varchar" Description="Rounding Profile"/>
      <Column Name="MEGRU" Nullable="false" DataType="varchar" Size="4" NativeType="varchar" Description="Unit of Measure Group"/>
      <Column Name="BOPNR" Nullable="true" DataType="varchar" Size="4" NativeType="varchar" Description="Restriction Profile for PO-Based Load Building"/>
      <Column Name="XERSR" Nullable="true" DataType="varchar" Size="1" NativeType="varchar" Description="Automatic evaluated receipt settlement for return items"/>
      <Column Name="ABUEB" Nullable="true" DataType="varchar" Size="4" NativeType="varchar" Description="Release Creation Profile"/>
      <Column Name="PAPRF" Nullable="true" DataType="varchar" Size="4" NativeType="varchar" Description="Profile for transferring material data via IDoc PROACT"/>
      <Column Name="XNBWY" Nullable="true" DataType="varchar" Size="1" NativeType="varchar" Description="Revaluation allowed"/>
      <Column Name="LEBRE" Nullable="true" DataType="varchar" Size="1" NativeType="varchar" Description="Indicator for Service-Based Invoice Verification"/>
      <Column Name="BOLRE" Nullable="true" DataType="varchar" Size="1" NativeType="varchar" Description="Field Not Used (Subsequent Settlement)"/>
      <Column Name="UMSAE" Nullable="true" DataType="varchar" Size="1" NativeType="varchar" Description="Field Not Used (Subsequent Settlement)"/>
      <Column Name="TRANSPORT_CHAIN" Nullable="true" DataType="varchar" Size="10" NativeType="varchar" Description="Transportation Chain"/>
      <Column Name="STAGING_TIME" Nullable="true" DataType="decimal" Precision="3" Scale="0" NativeType="decimal" Description="Staging Time in Days"/>
      <PrimaryKey>
        <PrimaryKeyColumn>MANDT</PrimaryKeyColumn>
        <PrimaryKeyColumn>LIFNR</PrimaryKeyColumn>
        <PrimaryKeyColumn>EKORG</PrimaryKeyColumn>
        <PrimaryKeyColumn>LTSNR</PrimaryKeyColumn>
        <PrimaryKeyColumn>WERKS</PrimaryKeyColumn>
      </PrimaryKey>
      <TableIndex Name="PRIMARY" isPrimary="true" Unique="true">
        <IndexColumn Name="MANDT"/>
        <IndexColumn Name="LIFNR"/>
        <IndexColumn Name="EKORG"/>
        <IndexColumn Name="LTSNR"/>
        <IndexColumn Name="WERKS"/>
      </TableIndex>
      <ForeignKey Name="ACTA_FK_0" ReferredTableKey="" ReferredTable="LFA1" ReferredTableOwner="">
        <PKFKColumn Column="LIFNR" ReferredColumn="LIFNR"/>
      </ForeignKey>
      <ForeignKey Name="ACTA_FK_20" ReferredTableKey="" ReferredTable="WYT1" ReferredTableOwner="">
        <PKFKColumn Column="LIFNR" ReferredColumn="LIFNR"/>
        <PKFKColumn Column="LTSNR" ReferredColumn="LTSNR"/>
      </ForeignKey>
      <ForeignKey Name="ACTA_FK_3" ReferredTableKey="" ReferredTable="T024" ReferredTableOwner="">
        <PKFKColumn Column="EKGRP" ReferredColumn="EKGRP"/>
      </ForeignKey>
      <ForeignKey Name="ACTA_FK_2" ReferredTableKey="" ReferredTable="T001W" ReferredTableOwner="">
        <PKFKColumn Column="WERKS" ReferredColumn="WERKS"/>
      </ForeignKey>
      <ForeignKey Name="ACTA_FK_5" ReferredTableKey="" ReferredTable="T024E" ReferredTableOwner="">
        <PKFKColumn Column="EKORG" ReferredColumn="EKORG"/>
      </ForeignKey>
      <ForeignKey Name="ACTA_FK_1" ReferredTableKey="" ReferredTable="RDPR" ReferredTableOwner="-1">
        <PKFKColumn Column="WERKS" ReferredColumn="WERKS"/>
        <PKFKColumn Column="RDPRF" ReferredColumn="RDPRF"/>
      </ForeignKey>
      <ForeignKey Name="ACTA_FK_4" ReferredTableKey="" ReferredTable="T024D" ReferredTableOwner="-1">
        <PKFKColumn Column="WERKS" ReferredColumn="WERKS"/>
        <PKFKColumn Column="DISPO" ReferredColumn="DISPO"/>
      </ForeignKey>
      <ForeignKey Name="ACTA_FK_6" ReferredTableKey="" ReferredTable="T163L" ReferredTableOwner="-1">
        <PKFKColumn Column="BSTAE" ReferredColumn="BSTAE"/>
      </ForeignKey>
      <ForeignKey Name="ACTA_FK_7" ReferredTableKey="" ReferredTable="T163P" ReferredTableOwner="-1">
        <PKFKColumn Column="WERKS" ReferredColumn="WERKS"/>
        <PKFKColumn Column="ABUEB" ReferredColumn="ABUEB"/>
      </ForeignKey>
      <ForeignKey Name="ACTA_FK_8" ReferredTableKey="" ReferredTable="T439G" ReferredTableOwner="-1">
        <PKFKColumn Column="WERKS" ReferredColumn="WERKS"/>
        <PKFKColumn Column="LFRHY" ReferredColumn="MRPPP"/>
      </ForeignKey>
      <ForeignKey Name="ACTA_FK_9" ReferredTableKey="" ReferredTable="T439G" ReferredTableOwner="-1">
        <PKFKColumn Column="WERKS" ReferredColumn="WERKS"/>
        <PKFKColumn Column="MRPPP" ReferredColumn="MRPPP"/>
      </ForeignKey>
      <ForeignKey Name="ACTA_FK_10" ReferredTableKey="" ReferredTable="T615" ReferredTableOwner="-1">
        <PKFKColumn Column="ZOLLA" ReferredColumn="ZOLLA"/>
      </ForeignKey>
      <ForeignKey Name="ACTA_FK_11" ReferredTableKey="" ReferredTable="T618" ReferredTableOwner="-1">
        <PKFKColumn Column="EXPVZ" ReferredColumn="EXPVZ"/>
      </ForeignKey>
      <ForeignKey Name="ACTA_FK_12" ReferredTableKey="" ReferredTable="TCURC" ReferredTableOwner="-1">
        <PKFKColumn Column="WAERS" ReferredColumn="WAERS"/>
      </ForeignKey>
      <ForeignKey Name="ACTA_FK_13" ReferredTableKey="" ReferredTable="TINC" ReferredTableOwner="-1">
        <PKFKColumn Column="INCO1" ReferredColumn="INCO1"/>
      </ForeignKey>
      <ForeignKey Name="ACTA_FK_14" ReferredTableKey="" ReferredTable="TMKK" ReferredTableOwner="-1">
        <PKFKColumn Column="KALSK" ReferredColumn="KALSK"/>
      </ForeignKey>
      <ForeignKey Name="ACTA_FK_15" ReferredTableKey="" ReferredTable="TWBO1" ReferredTableOwner="-1">
        <PKFKColumn Column="BOPNR" ReferredColumn="BOPNR"/>
      </ForeignKey>
      <ForeignKey Name="ACTA_FK_16" ReferredTableKey="" ReferredTable="TWMEG" ReferredTableOwner="-1">
        <PKFKColumn Column="MEGRU" ReferredColumn="MEGRU"/>
      </ForeignKey>
      <ForeignKey Name="ACTA_FK_17" ReferredTableKey="" ReferredTable="TWVMO" ReferredTableOwner="-1">
        <PKFKColumn Column="PAPRF" ReferredColumn="PAPRF"/>
      </ForeignKey>
      <ForeignKey Name="ACTA_FK_18" ReferredTableKey="" ReferredTable="TWYAZ" ReferredTableOwner="-1">
        <PKFKColumn Column="LIPRE" ReferredColumn="LIPRE"/>
      </ForeignKey>
      <ForeignKey Name="ACTA_FK_19" ReferredTableKey="" ReferredTable="WRF_PSCD_TCHAINH" ReferredTableOwner="-1">
        <PKFKColumn Column="TRANSPORT_CHAIN" ReferredColumn="TC_ID"/>
      </ForeignKey>
    </Table>
  </MetadataObjects>
  <Status>
    <StatusCode>SUCCESS</StatusCode>
  </Status>
</MetadataReply>