<MetadataReply xmlns="http://www.sap.com/DataServices/DataServicesXSD">
  <ID>7446</ID>
  <MetadataObjects>
    <Table Name="T059Z" Owner="" Description="Withholding tax code (enhanced functions)">
      <Attributes>
        <Attribute Name="SAP_Table_Class" Value="1"/>
        <Attribute Name="SAP_Table_Class_Name" Value="transparent"/>
        <Attribute Name="sap_row_size" Value="81"/>
        <Attribute Name="sap_table_size_category" Value="0"/>
        <Attribute Name="sap_table_type" Value="Transparent Table"/>
      </Attributes>
      <Column Name="MANDT" Nullable="false" DataType="varchar" Size="3" NativeType="varchar" Description="Client"/>
      <Column Name="LAND1" Nullable="false" DataType="varchar" Size="3" NativeType="varchar" Description="Country Key"/>
      <Column Name="WITHT" Nullable="false" DataType="varchar" Size="2" NativeType="varchar" Description="Indicator for withholding tax type"/>
      <Column Name="WT_WITHCD" Nullable="false" DataType="varchar" Size="2" NativeType="varchar" Description="Withholding tax code"/>
      <Column Name="QSCOD" Nullable="true" DataType="varchar" Size="4" NativeType="varchar" Description="Official Withholding Tax Key"/>
      <Column Name="QPROZ" Nullable="true" DataType="decimal" Precision="5" Scale="2" NativeType="decimal" Description="Percentage Subject to Withholding Tax"/>
      <Column Name="QSATZ" Nullable="true" DataType="decimal" Precision="7" Scale="4" NativeType="decimal" Description="Withholding tax rate"/>
      <Column Name="QSATR" Nullable="true" DataType="decimal" Precision="7" Scale="4" NativeType="decimal" Description="Reduced withholding tax rate"/>
      <Column Name="XQFOR" Nullable="true" DataType="varchar" Size="1" NativeType="varchar" Description="Indicator: Calculate withholding tax according to formula?"/>
      <Column Name="REGIO" Nullable="true" DataType="varchar" Size="3" NativeType="varchar" Description="Region (State, Province, County)"/>
      <Column Name="FPRCD" Nullable="true" DataType="varchar" Size="3" NativeType="varchar" Description="Provincial tax code"/>
      <Column Name="QEKAR" Nullable="true" DataType="varchar" Size="4" NativeType="varchar" Description="Income Type"/>
      <Column Name="WT_POSIN" Nullable="true" DataType="varchar" Size="1" NativeType="varchar" Description="Posting indicator"/>
      <Column Name="WT_RATEZ" Nullable="true" DataType="int" NativeType="int" Description="Withholding tax rate counter"/>
      <Column Name="WT_RATEN" Nullable="true" DataType="int" NativeType="int" Description="Withholding tax rate denominator"/>
      <Column Name="WITHCD2" Nullable="true" DataType="varchar" Size="16" NativeType="varchar" Description="Withholding Tax Key"/>
      <PrimaryKey>
        <PrimaryKeyColumn>MANDT</PrimaryKeyColumn>
        <PrimaryKeyColumn>LAND1</PrimaryKeyColumn>
        <PrimaryKeyColumn>WITHT</PrimaryKeyColumn>
        <PrimaryKeyColumn>WT_WITHCD</PrimaryKeyColumn>
      </PrimaryKey>
      <TableIndex Name="PRIMARY" isPrimary="true" Unique="true">
        <IndexColumn Name="MANDT"/>
        <IndexColumn Name="LAND1"/>
        <IndexColumn Name="WITHT"/>
        <IndexColumn Name="WT_WITHCD"/>
      </TableIndex>
      <ForeignKey Name="ACTA_FK_0" ReferredTableKey="" ReferredTable="T005" ReferredTableOwner="">
        <PKFKColumn Column="LAND1" ReferredColumn="LAND1"/>
      </ForeignKey>
      <ForeignKey Name="ACTA_FK_5" ReferredTableKey="" ReferredTable="T059P" ReferredTableOwner="">
        <PKFKColumn Column="LAND1" ReferredColumn="LAND1"/>
        <PKFKColumn Column="WITHT" ReferredColumn="WITHT"/>
      </ForeignKey>
      <ForeignKey Name="ACTA_FK_1" ReferredTableKey="" ReferredTable="T005P" ReferredTableOwner="-1">
        <PKFKColumn Column="LAND1" ReferredColumn="LAND1"/>
        <PKFKColumn Column="REGIO" ReferredColumn="BLAND"/>
        <PKFKColumn Column="FPRCD" ReferredColumn="FPRCD"/>
      </ForeignKey>
      <ForeignKey Name="ACTA_FK_2" ReferredTableKey="" ReferredTable="T005S" ReferredTableOwner="-1">
        <PKFKColumn Column="LAND1" ReferredColumn="LAND1"/>
        <PKFKColumn Column="REGIO" ReferredColumn="BLAND"/>
      </ForeignKey>
      <ForeignKey Name="ACTA_FK_3" ReferredTableKey="" ReferredTable="T059E" ReferredTableOwner="-1">
        <PKFKColumn Column="LAND1" ReferredColumn="LAND1"/>
        <PKFKColumn Column="QEKAR" ReferredColumn="QEKAR"/>
      </ForeignKey>
      <ForeignKey Name="ACTA_FK_4" ReferredTableKey="" ReferredTable="T059O" ReferredTableOwner="-1">
        <PKFKColumn Column="LAND1" ReferredColumn="LAND1"/>
        <PKFKColumn Column="QSCOD" ReferredColumn="WT_QSCOD"/>
      </ForeignKey>
      <ForeignKey Name="ACTA_FK_6" ReferredTableKey="" ReferredTable="T059Z_WITHCD2" ReferredTableOwner="-1">
        <PKFKColumn Column="LAND1" ReferredColumn="LAND1"/>
        <PKFKColumn Column="WITHCD2" ReferredColumn="WITHCD2"/>
      </ForeignKey>
    </Table>
  </MetadataObjects>
  <Status>
    <StatusCode>SUCCESS</StatusCode>
  </Status>
</MetadataReply>