<MetadataReply xmlns="http://www.sap.com/DataServices/DataServicesXSD">
  <ID>7427</ID>
  <MetadataObjects>
    <Table Name="LFBK" Owner="" Description="Vendor Master (Bank Details)">
      <Attributes>
        <Attribute Name="SAP_Table_Class" Value="1"/>
        <Attribute Name="SAP_Table_Class_Name" Value="transparent"/>
        <Attribute Name="sap_row_size" Value="193"/>
        <Attribute Name="sap_table_size_category" Value="2"/>
        <Attribute Name="sap_table_type" Value="Transparent Table"/>
      </Attributes>
      <Column Name="MANDT" Nullable="false" DataType="varchar" Size="3" NativeType="varchar" Description="Client"/>
      <Column Name="LIFNR" Nullable="false" DataType="varchar" Size="10" NativeType="varchar" Description="Account Number of Vendor or Creditor"/>
      <Column Name="BANKS" Nullable="false" DataType="varchar" Size="3" NativeType="varchar" Description="Bank country key"/>
      <Column Name="BANKL" Nullable="false" DataType="varchar" Size="15" NativeType="varchar" Description="Bank Keys"/>
      <Column Name="BANKN" Nullable="false" DataType="varchar" Size="18" NativeType="varchar" Description="Bank account number"/>
      <Column Name="BKONT" Nullable="true" DataType="varchar" Size="2" NativeType="varchar" Description="Bank Control Key"/>
      <Column Name="BVTYP" Nullable="true" DataType="varchar" Size="4" NativeType="varchar" Description="Partner Bank Type"/>
      <Column Name="XEZER" Nullable="true" DataType="varchar" Size="1" NativeType="varchar" Description="Indicator: Is there collection authorization ?"/>
      <Column Name="BKREF" Nullable="true" DataType="varchar" Size="20" NativeType="varchar" Description="Reference specifications for bank details"/>
      <Column Name="KOINH" Nullable="true" DataType="varchar" Size="60" NativeType="varchar" Description="Account Holder Name"/>
      <Column Name="EBPP_ACCNAME" Nullable="true" DataType="varchar" Size="40" NativeType="varchar" Description="User-Defined Name of Bank Details"/>
      <Column Name="EBPP_BVSTATUS" Nullable="true" DataType="varchar" Size="1" NativeType="varchar" Description="Status of Bank Details in Biller Direct"/>
      <Column Name="KOVON" Nullable="true" DataType="date" NativeType="date" Description="Bank Details Valid From"/>
      <Column Name="KOBIS" Nullable="true" DataType="date" NativeType="date" Description="Bank details valid to"/>
      <PrimaryKey>
        <PrimaryKeyColumn>MANDT</PrimaryKeyColumn>
        <PrimaryKeyColumn>LIFNR</PrimaryKeyColumn>
        <PrimaryKeyColumn>BANKS</PrimaryKeyColumn>
        <PrimaryKeyColumn>BANKL</PrimaryKeyColumn>
        <PrimaryKeyColumn>BANKN</PrimaryKeyColumn>
      </PrimaryKey>
      <TableIndex Name="PRIMARY" isPrimary="true" Unique="true">
        <IndexColumn Name="MANDT"/>
        <IndexColumn Name="LIFNR"/>
        <IndexColumn Name="BANKS"/>
        <IndexColumn Name="BANKL"/>
        <IndexColumn Name="BANKN"/>
      </TableIndex>
      <TableIndex Name="1" isPrimary="false" Unique="false">
        <IndexColumn Name="BANKN"/>
        <IndexColumn Name="BANKL"/>
        <IndexColumn Name="BANKS"/>
      </TableIndex>
      <ForeignKey Name="ACTA_FK_1" ReferredTableKey="" ReferredTable="T005" ReferredTableOwner="">
        <PKFKColumn Column="BANKS" ReferredColumn="LAND1"/>
      </ForeignKey>
      <ForeignKey Name="ACTA_FK_0" ReferredTableKey="" ReferredTable="LFA1" ReferredTableOwner="">
        <PKFKColumn Column="LIFNR" ReferredColumn="LIFNR"/>
      </ForeignKey>
    </Table>
  </MetadataObjects>
  <Status>
    <StatusCode>SUCCESS</StatusCode>
  </Status>
</MetadataReply>