<MetadataReply xmlns="http://www.sap.com/DataServices/DataServicesXSD">
  <ID>7442</ID>
  <MetadataObjects>
    <Table Name="V_T042E" Owner="" Description="Maintenance of Company Code Data for a Payment Method">
      <Attributes>
        <Attribute Name="SAP_Table_Class" Value="5"/>
        <Attribute Name="SAP_Table_Class_Name" Value="view"/>
        <Attribute Name="sap_row_size" Value="422"/>
        <Attribute Name="sap_table_size_category" Value="0"/>
        <Attribute Name="sap_table_type" Value="View"/>
      </Attributes>
      <Column Name="MANDT" Nullable="true" DataType="varchar" Size="3" NativeType="varchar" Description="Client"/>
      <Column Name="ZBUKR" Nullable="true" DataType="varchar" Size="4" NativeType="varchar" Description="Paying company code"/>
      <Column Name="ZLSCH" Nullable="true" DataType="varchar" Size="1" NativeType="varchar" Description="Payment Method"/>
      <Column Name="XAVIS" Nullable="true" DataType="varchar" Size="1" NativeType="varchar" Description="Indicator: Separate Payment Advice if Form is Full?"/>
      <Column Name="ANZPO" Nullable="true" DataType="numeric" Precision="2" Scale="0" NativeType="numeric" Description="Maximum Number of Items on a Form"/>
      <Column Name="VONBT" Nullable="true" DataType="decimal" Precision="13" Scale="2" NativeType="decimal" Description="Minimum Amount for a Payment Using this Payment Method"/>
      <Column Name="BISBT" Nullable="true" DataType="decimal" Precision="13" Scale="2" NativeType="decimal" Description="Maximum Amount for a Payment with this Payment Method"/>
      <Column Name="WAERS" Nullable="true" DataType="varchar" Size="5" NativeType="varchar" Description="Currency Key"/>
      <Column Name="XEIPO" Nullable="true" DataType="varchar" Size="1" NativeType="varchar" Description="Indicator: One Payment per Item?"/>
      <Column Name="XAUSL" Nullable="true" DataType="varchar" Size="1" NativeType="varchar" Description="Indicator: Foreign Business Partner Allowed?"/>
      <Column Name="XFWAE" Nullable="true" DataType="varchar" Size="1" NativeType="varchar" Description="Indicator: Payment Method for Foreign Currencies Allowed"/>
      <Column Name="XAUSB" Nullable="true" DataType="varchar" Size="1" NativeType="varchar" Description="Indicator: Payment via Cust./Vend. Bank Abroad Allowed?"/>
      <Column Name="XOPTB" Nullable="true" DataType="varchar" Size="1" NativeType="varchar" Description="Indicator: Carry Out Bank Selection by Bank Group"/>
      <Column Name="XOPTP" Nullable="true" DataType="varchar" Size="1" NativeType="varchar" Description="Indicator: Carry Out Bank Selection by Postal Code"/>
      <Column Name="AUST1" Nullable="true" DataType="varchar" Size="35" NativeType="varchar" Description="Issuer on the Form"/>
      <Column Name="AUST2" Nullable="true" DataType="varchar" Size="35" NativeType="varchar" Description="Issuer on the Form"/>
      <Column Name="AUSTO" Nullable="true" DataType="varchar" Size="35" NativeType="varchar" Description="Issuer on the Form"/>
      <Column Name="ZFORN" Nullable="true" DataType="varchar" Size="16" NativeType="varchar" Description="Name of the Form for the Payment Transfer Medium"/>
      <Column Name="PDFFO" Nullable="true" DataType="varchar" Size="30" NativeType="varchar" Description="Name of the PDF-based Form for the Payment Medium"/>
      <Column Name="WFORN" Nullable="true" DataType="varchar" Size="16" NativeType="varchar" Description="Name of Next Form"/>
      <Column Name="PDFWF" Nullable="true" DataType="varchar" Size="30" NativeType="varchar" Description="Name of the Next PDF-based Form"/>
      <Column Name="XFOSP" Nullable="true" DataType="varchar" Size="1" NativeType="varchar" Description="Indicator: Extra Forms if Form is Full"/>
      <Column Name="AUST3" Nullable="true" DataType="varchar" Size="35" NativeType="varchar" Description="Issuer on the Form"/>
      <Column Name="XZFAE" Nullable="true" DataType="varchar" Size="1" NativeType="varchar" Description="Indicator: Payment per Due Day"/>
      <Column Name="XWVBU" Nullable="true" DataType="varchar" Size="1" NativeType="varchar" Description="Indicator: Line Item for Bill Liability at the Bank?"/>
      <Column Name="WANFF" Nullable="true" DataType="numeric" Precision="2" Scale="0" NativeType="numeric" Description="Number of Days Until Bill of Exchange Pmnt Request Due Date"/>
      <Column Name="WGBKZ" Nullable="true" DataType="varchar" Size="1" NativeType="varchar" Description="Indicator for the bill of exchange protest"/>
      <Column Name="SVARH" Nullable="true" DataType="varchar" Size="3" NativeType="varchar" Description="Sort Variant for Payment Transaction Correspondence"/>
      <Column Name="SVARP" Nullable="true" DataType="varchar" Size="3" NativeType="varchar" Description="Sort Variant for the Line Items"/>
      <Column Name="TEXT1" Nullable="true" DataType="varchar" Size="30" NativeType="varchar" Description="Name of Payment Method in Language of the Country"/>
      <Column Name="BUTXT" Nullable="true" DataType="varchar" Size="25" NativeType="varchar" Description="Name of Company Code or Company"/>
      <Column Name="ORT01" Nullable="true" DataType="varchar" Size="25" NativeType="varchar" Description="City"/>
      <Column Name="LAND1" Nullable="true" DataType="varchar" Size="3" NativeType="varchar" Description="Country Key"/>
      <Column Name="XSAVI" Nullable="true" DataType="varchar" Size="1" NativeType="varchar" Description="Indicator: Always Payment Advice Notes for this Payment Mthd"/>
      <Column Name="SPLBT" Nullable="true" DataType="decimal" Precision="13" Scale="2" NativeType="decimal" Description="Distribution into payments up to a maximum of this amount"/>
      <Column Name="CORRTXT" Nullable="true" DataType="varchar" Size="30" NativeType="varchar" Description="Smart Forms: Name of a text module"/>
      <Column Name="XZWAE" Nullable="true" DataType="varchar" Size="1" NativeType="varchar" Description="Indicator: Amount Limits in EUR"/>
      <Column Name="XNOTX" Nullable="true" DataType="varchar" Size="1" NativeType="varchar" Description="Indicator: Do Not Consider Item Text"/>
      <Column Name="XEIPO_EXT" Nullable="true" DataType="varchar" Size="1" NativeType="varchar" Description="Indicator: Extended Individual Payment"/>
      <PrimaryKey>
        <PrimaryKeyColumn>MANDT</PrimaryKeyColumn>
        <PrimaryKeyColumn>ZBUKR</PrimaryKeyColumn>
        <PrimaryKeyColumn>ZLSCH</PrimaryKeyColumn>
      </PrimaryKey>
      <TableIndex Name="PRIMARY" isPrimary="true" Unique="true">
        <IndexColumn Name="MANDT"/>
        <IndexColumn Name="ZBUKR"/>
        <IndexColumn Name="ZLSCH"/>
      </TableIndex>
      <ForeignKey Name="ACTA_FK_1" ReferredTableKey="" ReferredTable="T005" ReferredTableOwner="">
        <PKFKColumn Column="LAND1" ReferredColumn="LAND1"/>
      </ForeignKey>
      <ForeignKey Name="ACTA_FK_0" ReferredTableKey="" ReferredTable="T001" ReferredTableOwner="">
        <PKFKColumn Column="ZBUKR" ReferredColumn="BUKRS"/>
      </ForeignKey>
      <ForeignKey Name="ACTA_FK_2" ReferredTableKey="" ReferredTable="T021M" ReferredTableOwner="-1">
        <PKFKColumn Column="SVARH" ReferredColumn="SRVAR"/>
      </ForeignKey>
      <ForeignKey Name="ACTA_FK_3" ReferredTableKey="" ReferredTable="T021M" ReferredTableOwner="-1">
        <PKFKColumn Column="SVARP" ReferredColumn="SRVAR"/>
      </ForeignKey>
      <ForeignKey Name="ACTA_FK_4" ReferredTableKey="" ReferredTable="T042ECT" ReferredTableOwner="-1">
        <PKFKColumn Column="CORRTXT" ReferredColumn="TDTXTNAME"/>
      </ForeignKey>
      <ForeignKey Name="ACTA_FK_5" ReferredTableKey="" ReferredTable="T042Z" ReferredTableOwner="-1">
        <PKFKColumn Column="LAND1" ReferredColumn="LAND1"/>
        <PKFKColumn Column="ZLSCH" ReferredColumn="ZLSCH"/>
      </ForeignKey>
      <ForeignKey Name="ACTA_FK_6" ReferredTableKey="" ReferredTable="TCURC" ReferredTableOwner="-1">
        <PKFKColumn Column="WAERS" ReferredColumn="WAERS"/>
      </ForeignKey>
    </Table>
  </MetadataObjects>
  <Status>
    <StatusCode>SUCCESS</StatusCode>
  </Status>
</MetadataReply>