<MetadataReply xmlns="http://www.sap.com/DataServices/DataServicesXSD">
  <ID>7440</ID>
  <MetadataObjects>
    <Table Name="TZUN" Owner="" Description="Rules for 'Allocation' Field Layout">
      <Attributes>
        <Attribute Name="SAP_Table_Class" Value="1"/>
        <Attribute Name="SAP_Table_Class_Name" Value="transparent"/>
        <Attribute Name="sap_row_size" Value="159"/>
        <Attribute Name="sap_table_size_category" Value="0"/>
        <Attribute Name="sap_table_type" Value="Transparent Table"/>
      </Attributes>
      <Column Name="ZUAWA" Nullable="false" DataType="varchar" Size="3" NativeType="varchar" Description="Key for sorting according to assignment numbers"/>
      <Column Name="NAME1" Nullable="true" DataType="varchar" Size="5" NativeType="varchar" Description="Field Name from Tables BKPF, BSEG, BSEC, BSED (field 1)"/>
      <Column Name="OFFS1" Nullable="true" DataType="numeric" Precision="2" Scale="0" NativeType="numeric" Description="Offset within Field (Field 1)"/>
      <Column Name="LENG1" Nullable="true" DataType="numeric" Precision="2" Scale="0" NativeType="numeric" Description="Number of Characters To Be Copied (Field 1)"/>
      <Column Name="NAME2" Nullable="true" DataType="varchar" Size="5" NativeType="varchar" Description="Field Name from Tables BKPF, BSEG, BSEC, BSED (field 2)"/>
      <Column Name="OFFS2" Nullable="true" DataType="numeric" Precision="2" Scale="0" NativeType="numeric" Description="Offset within Field (Field 2)"/>
      <Column Name="LENG2" Nullable="true" DataType="numeric" Precision="2" Scale="0" NativeType="numeric" Description="Number of Characters To Be Copied (Field 2)"/>
      <Column Name="NAME3" Nullable="true" DataType="varchar" Size="5" NativeType="varchar" Description="Field Name from Tables BKPF, BSEG, BSEC, BSED (field 3)"/>
      <Column Name="OFFS3" Nullable="true" DataType="numeric" Precision="2" Scale="0" NativeType="numeric" Description="Offset within Field (Field 3)"/>
      <Column Name="LENG3" Nullable="true" DataType="numeric" Precision="2" Scale="0" NativeType="numeric" Description="Number of Characters To Be Copied (Field 3)"/>
      <Column Name="NAME4" Nullable="true" DataType="varchar" Size="5" NativeType="varchar" Description="Field Name from Tables BKPF, BSEG, BSEC, BSED (field 4)"/>
      <Column Name="OFFS4" Nullable="true" DataType="numeric" Precision="2" Scale="0" NativeType="numeric" Description="Offset within Field (Field 4)"/>
      <Column Name="LENG4" Nullable="true" DataType="numeric" Precision="2" Scale="0" NativeType="numeric" Description="Number of Characters To Be Copied (Field 4)"/>
      <Column Name="FELD1" Nullable="true" DataType="varchar" Size="30" NativeType="varchar" Description="Field Name from Tables BKPF, BSEG, BSEC, BSED"/>
      <Column Name="FELD2" Nullable="true" DataType="varchar" Size="30" NativeType="varchar" Description="Field Name from Tables BKPF, BSEG, BSEC, BSED"/>
      <Column Name="FELD3" Nullable="true" DataType="varchar" Size="30" NativeType="varchar" Description="Field Name from Tables BKPF, BSEG, BSEC, BSED"/>
      <Column Name="FELD4" Nullable="true" DataType="varchar" Size="30" NativeType="varchar" Description="Field Name from Tables BKPF, BSEG, BSEC, BSED"/>
      <PrimaryKey>
        <PrimaryKeyColumn>ZUAWA</PrimaryKeyColumn>
      </PrimaryKey>
      <TableIndex Name="PRIMARY" isPrimary="true" Unique="true">
        <IndexColumn Name="ZUAWA"/>
      </TableIndex>
    </Table>
  </MetadataObjects>
  <Status>
    <StatusCode>SUCCESS</StatusCode>
  </Status>
</MetadataReply>