<MetadataReply xmlns="http://www.sap.com/DataServices/DataServicesXSD">
  <ID>7448</ID>
  <MetadataObjects>
    <Table Name="T024" Owner="" Description="Purchasing Groups">
      <Attributes>
        <Attribute Name="SAP_Table_Class" Value="1"/>
        <Attribute Name="SAP_Table_Class_Name" Value="transparent"/>
        <Attribute Name="sap_row_size" Value="352"/>
        <Attribute Name="sap_table_size_category" Value="0"/>
        <Attribute Name="sap_table_type" Value="Transparent Table"/>
      </Attributes>
      <Column Name="MANDT" Nullable="false" DataType="varchar" Size="3" NativeType="varchar" Description="Client"/>
      <Column Name="EKGRP" Nullable="false" DataType="varchar" Size="3" NativeType="varchar" Description="Purchasing Group"/>
      <Column Name="EKNAM" Nullable="true" DataType="varchar" Size="18" NativeType="varchar" Description="Description of purchasing group"/>
      <Column Name="EKTEL" Nullable="true" DataType="varchar" Size="12" NativeType="varchar" Description="Telephone number of purchasing group (buyer group)"/>
      <Column Name="LDEST" Nullable="true" DataType="varchar" Size="4" NativeType="varchar" Description="Spool: Output device"/>
      <Column Name="TELFX" Nullable="true" DataType="varchar" Size="31" NativeType="varchar" Description="Fax number of purchasing (buyer) group"/>
      <Column Name="TEL_NUMBER" Nullable="false" DataType="varchar" Size="30" NativeType="varchar" Description="Telephone no.: dialling code+number"/>
      <Column Name="TEL_EXTENS" Nullable="false" DataType="varchar" Size="10" NativeType="varchar" Description="Telephone no.: Extension"/>
      <Column Name="SMTP_ADDR" Nullable="false" DataType="varchar" Size="241" NativeType="varchar" Description="E-Mail Address"/>
      <PrimaryKey>
        <PrimaryKeyColumn>MANDT</PrimaryKeyColumn>
        <PrimaryKeyColumn>EKGRP</PrimaryKeyColumn>
      </PrimaryKey>
      <TableIndex Name="PRIMARY" isPrimary="true" Unique="true">
        <IndexColumn Name="MANDT"/>
        <IndexColumn Name="EKGRP"/>
      </TableIndex>
      <ForeignKey Name="ACTA_FK_0" ReferredTableKey="" ReferredTable="TSP03" ReferredTableOwner="-1">
        <PKFKColumn Column="LDEST" ReferredColumn="PADEST"/>
      </ForeignKey>
    </Table>
  </MetadataObjects>
  <Status>
    <StatusCode>SUCCESS</StatusCode>
  </Status>
</MetadataReply>