<MetadataReply xmlns="http://www.sap.com/DataServices/DataServicesXSD">
  <ID>7436</ID>
  <MetadataObjects>
    <Table Name="T043G" Owner="" Description="Tolerances for Groups of Customers/Vendors">
      <Attributes>
        <Attribute Name="SAP_Table_Class" Value="1"/>
        <Attribute Name="SAP_Table_Class_Name" Value="transparent"/>
        <Attribute Name="sap_row_size" Value="96"/>
        <Attribute Name="sap_table_size_category" Value="0"/>
        <Attribute Name="sap_table_type" Value="Transparent Table"/>
      </Attributes>
      <Column Name="MANDT" Nullable="false" DataType="varchar" Size="3" NativeType="varchar" Description="Client"/>
      <Column Name="BUKRS" Nullable="false" DataType="varchar" Size="4" NativeType="varchar" Description="Company Code"/>
      <Column Name="TOGRU" Nullable="false" DataType="varchar" Size="4" NativeType="varchar" Description="Tolerance group for the business partner/G/L account"/>
      <Column Name="BETRS" Nullable="true" DataType="decimal" Precision="7" Scale="2" NativeType="decimal" Description="Maximum Payment Difference for Revenue"/>
      <Column Name="BETRH" Nullable="true" DataType="decimal" Precision="7" Scale="2" NativeType="decimal" Description="Maximum Payment Difference for Expense"/>
      <Column Name="PROZS" Nullable="true" DataType="decimal" Precision="3" Scale="1" NativeType="decimal" Description="Maximum Allowable Revenues from Payment Differences"/>
      <Column Name="PROZH" Nullable="true" DataType="decimal" Precision="3" Scale="1" NativeType="decimal" Description="Maximum Expense Permitted from Payment Differences"/>
      <Column Name="SKNTS" Nullable="true" DataType="decimal" Precision="7" Scale="2" NativeType="decimal" Description="Maximum Discount Adjust. for Gain from Payment Differences"/>
      <Column Name="SKNTH" Nullable="true" DataType="decimal" Precision="7" Scale="2" NativeType="decimal" Description="Maximum Discount Adjust. for Loss from Payment Differences"/>
      <Column Name="TOLER" Nullable="true" DataType="numeric" Precision="2" Scale="0" NativeType="numeric" Description="Grace Days"/>
      <Column Name="SKTRE" Nullable="true" DataType="varchar" Size="1" NativeType="varchar" Description="Cash Discount Terms Used for Displaying Items when Clearing"/>
      <Column Name="XKONR" Nullable="true" DataType="varchar" Size="1" NativeType="varchar" Description="Indicator: Transfer payment conditions from the invoice ?"/>
      <Column Name="ZTERM" Nullable="true" DataType="varchar" Size="4" NativeType="varchar" Description="Standard Payment Term for Carryforward Postings"/>
      <Column Name="XSKAN" Nullable="true" DataType="varchar" Size="1" NativeType="varchar" Description="Indicator: Only grant partial cash discount ?"/>
      <Column Name="MSLRP" Nullable="true" DataType="varchar" Size="1" NativeType="varchar" Description="Dunning Key for Residual Items"/>
      <Column Name="PRAVS" Nullable="true" DataType="decimal" Precision="3" Scale="1" NativeType="decimal" Description="Tolerance Limit for Difference Compared with Pmnt Advce Item"/>
      <Column Name="PRAVH" Nullable="true" DataType="decimal" Precision="3" Scale="1" NativeType="decimal" Description="Tolerance Limit for Difference Compared with Pmnt Advce Item"/>
      <Column Name="BEAVS" Nullable="true" DataType="decimal" Precision="7" Scale="2" NativeType="decimal" Description="Tolerance Limit for Difference Compared with Pmnt Advce Item"/>
      <Column Name="BEAVH" Nullable="true" DataType="decimal" Precision="7" Scale="2" NativeType="decimal" Description="Tolerance Limit for Difference Compared with Pmnt Advce Item"/>
      <Column Name="VRZDE" Nullable="true" DataType="varchar" Size="1" NativeType="varchar" Description="Base Date for Determining Arrears Days for OI Processing"/>
      <Column Name="BEADS" Nullable="true" DataType="decimal" Precision="7" Scale="2" NativeType="decimal" Description="Maximum Payment Diff. for Revenue with Function Code AD"/>
      <Column Name="BEADH" Nullable="true" DataType="decimal" Precision="7" Scale="2" NativeType="decimal" Description="Maximum Payment Diff. for Expense with Function Code AD"/>
      <Column Name="PRADS" Nullable="true" DataType="decimal" Precision="3" Scale="1" NativeType="decimal" Description="Max. Permitted Rev. from Payment Diff. with Function Code AD"/>
      <Column Name="PRADH" Nullable="true" DataType="decimal" Precision="3" Scale="1" NativeType="decimal" Description="Max. Permitted Exp. from Payment Diff. with Function Code AD"/>
      <PrimaryKey>
        <PrimaryKeyColumn>MANDT</PrimaryKeyColumn>
        <PrimaryKeyColumn>BUKRS</PrimaryKeyColumn>
        <PrimaryKeyColumn>TOGRU</PrimaryKeyColumn>
      </PrimaryKey>
      <TableIndex Name="PRIMARY" isPrimary="true" Unique="true">
        <IndexColumn Name="MANDT"/>
        <IndexColumn Name="BUKRS"/>
        <IndexColumn Name="TOGRU"/>
      </TableIndex>
      <ForeignKey Name="ACTA_FK_0" ReferredTableKey="" ReferredTable="T001" ReferredTableOwner="">
        <PKFKColumn Column="BUKRS" ReferredColumn="BUKRS"/>
      </ForeignKey>
      <ForeignKey Name="ACTA_FK_1" ReferredTableKey="" ReferredTable="T040" ReferredTableOwner="-1">
        <PKFKColumn Column="MSLRP" ReferredColumn="MSCHL"/>
      </ForeignKey>
    </Table>
  </MetadataObjects>
  <Status>
    <StatusCode>SUCCESS</StatusCode>
  </Status>
</MetadataReply>