<MetadataReply xmlns="http://www.sap.com/DataServices/DataServicesXSD">
  <ID>7458</ID>
  <MetadataObjects>
    <Table Name="KNA1" Owner="" Description="General Data in Customer Master">
      <Attributes>
        <Attribute Name="SAP_Table_Class" Value="1"/>
        <Attribute Name="SAP_Table_Class_Name" Value="transparent"/>
        <Attribute Name="sap_row_size" Value="2044"/>
        <Attribute Name="sap_table_size_category" Value="3"/>
        <Attribute Name="sap_table_type" Value="Transparent Table"/>
      </Attributes>
      <Column Name="MANDT" Nullable="false" DataType="varchar" Size="3" NativeType="varchar" Description="Client"/>
      <Column Name="KUNNR" Nullable="false" DataType="varchar" Size="10" NativeType="varchar" Description="Customer Number"/>
      <Column Name="LAND1" Nullable="true" DataType="varchar" Size="3" NativeType="varchar" Description="Country Key"/>
      <Column Name="NAME1" Nullable="true" DataType="varchar" Size="35" NativeType="varchar" Description="Name 1"/>
      <Column Name="NAME2" Nullable="true" DataType="varchar" Size="35" NativeType="varchar" Description="Name 2"/>
      <Column Name="ORT01" Nullable="true" DataType="varchar" Size="35" NativeType="varchar" Description="City"/>
      <Column Name="PSTLZ" Nullable="true" DataType="varchar" Size="10" NativeType="varchar" Description="Postal Code"/>
      <Column Name="REGIO" Nullable="true" DataType="varchar" Size="3" NativeType="varchar" Description="Region (State, Province, County)"/>
      <Column Name="SORTL" Nullable="true" DataType="varchar" Size="10" NativeType="varchar" Description="Sort field"/>
      <Column Name="STRAS" Nullable="true" DataType="varchar" Size="35" NativeType="varchar" Description="House number and street"/>
      <Column Name="TELF1" Nullable="true" DataType="varchar" Size="16" NativeType="varchar" Description="First telephone number"/>
      <Column Name="TELFX" Nullable="true" DataType="varchar" Size="31" NativeType="varchar" Description="Fax Number"/>
      <Column Name="XCPDK" Nullable="true" DataType="varchar" Size="1" NativeType="varchar" Description="Indicator: Is the account a one-time account?"/>
      <Column Name="ADRNR" Nullable="true" DataType="varchar" Size="10" NativeType="varchar" Description="Address"/>
      <Column Name="MCOD1" Nullable="true" DataType="varchar" Size="25" NativeType="varchar" Description="Search term for matchcode search"/>
      <Column Name="MCOD2" Nullable="true" DataType="varchar" Size="25" NativeType="varchar" Description="Search Term for Matchcode Search"/>
      <Column Name="MCOD3" Nullable="true" DataType="varchar" Size="25" NativeType="varchar" Description="Search term for matchcode search"/>
      <Column Name="ANRED" Nullable="true" DataType="varchar" Size="15" NativeType="varchar" Description="Title"/>
      <Column Name="AUFSD" Nullable="true" DataType="varchar" Size="2" NativeType="varchar" Description="Central order block for customer"/>
      <Column Name="BAHNE" Nullable="true" DataType="varchar" Size="25" NativeType="varchar" Description="Express train station"/>
      <Column Name="BAHNS" Nullable="true" DataType="varchar" Size="25" NativeType="varchar" Description="Train station"/>
      <Column Name="BBBNR" Nullable="true" DataType="numeric" Precision="7" Scale="0" NativeType="numeric" Description="International location number  (part 1)"/>
      <Column Name="BBSNR" Nullable="true" DataType="numeric" Precision="5" Scale="0" NativeType="numeric" Description="International location number (Part 2)"/>
      <Column Name="BEGRU" Nullable="true" DataType="varchar" Size="4" NativeType="varchar" Description="Authorization Group"/>
      <Column Name="BRSCH" Nullable="true" DataType="varchar" Size="4" NativeType="varchar" Description="Industry key"/>
      <Column Name="BUBKZ" Nullable="true" DataType="numeric" Precision="1" Scale="0" NativeType="numeric" Description="Check digit for the international location number"/>
      <Column Name="DATLT" Nullable="true" DataType="varchar" Size="14" NativeType="varchar" Description="Data communication line no."/>
      <Column Name="ERDAT" Nullable="true" DataType="date" NativeType="date" Description="Date on which the Record Was Created"/>
      <Column Name="ERNAM" Nullable="true" DataType="varchar" Size="12" NativeType="varchar" Description="Name of Person who Created the Object"/>
      <Column Name="EXABL" Nullable="true" DataType="varchar" Size="1" NativeType="varchar" Description="Indicator: Unloading points exist"/>
      <Column Name="FAKSD" Nullable="true" DataType="varchar" Size="2" NativeType="varchar" Description="Central billing block for customer"/>
      <Column Name="FISKN" Nullable="true" DataType="varchar" Size="10" NativeType="varchar" Description="Account number of the master record with the fiscal address"/>
      <Column Name="KNAZK" Nullable="true" DataType="varchar" Size="2" NativeType="varchar" Description="Working Time Calendar"/>
      <Column Name="KNRZA" Nullable="true" DataType="varchar" Size="10" NativeType="varchar" Description="Account number of an alternative payer"/>
      <Column Name="KONZS" Nullable="true" DataType="varchar" Size="10" NativeType="varchar" Description="Group key"/>
      <Column Name="KTOKD" Nullable="true" DataType="varchar" Size="4" NativeType="varchar" Description="Customer Account Group"/>
      <Column Name="KUKLA" Nullable="true" DataType="varchar" Size="2" NativeType="varchar" Description="Customer classification"/>
      <Column Name="LIFNR" Nullable="true" DataType="varchar" Size="10" NativeType="varchar" Description="Account Number of Vendor or Creditor"/>
      <Column Name="LIFSD" Nullable="true" DataType="varchar" Size="2" NativeType="varchar" Description="Central delivery block for the customer"/>
      <Column Name="LOCCO" Nullable="true" DataType="varchar" Size="10" NativeType="varchar" Description="City Coordinates"/>
      <Column Name="LOEVM" Nullable="true" DataType="varchar" Size="1" NativeType="varchar" Description="Central Deletion Flag for Master Record"/>
      <Column Name="NAME3" Nullable="true" DataType="varchar" Size="35" NativeType="varchar" Description="Name 3"/>
      <Column Name="NAME4" Nullable="true" DataType="varchar" Size="35" NativeType="varchar" Description="Name 4"/>
      <Column Name="NIELS" Nullable="true" DataType="varchar" Size="2" NativeType="varchar" Description="Nielsen ID"/>
      <Column Name="ORT02" Nullable="true" DataType="varchar" Size="35" NativeType="varchar" Description="District"/>
      <Column Name="PFACH" Nullable="true" DataType="varchar" Size="10" NativeType="varchar" Description="PO Box"/>
      <Column Name="PSTL2" Nullable="true" DataType="varchar" Size="10" NativeType="varchar" Description="P.O. Box Postal Code"/>
      <Column Name="COUNC" Nullable="true" DataType="varchar" Size="3" NativeType="varchar" Description="County Code"/>
      <Column Name="CITYC" Nullable="true" DataType="varchar" Size="4" NativeType="varchar" Description="City Code"/>
      <Column Name="RPMKR" Nullable="true" DataType="varchar" Size="5" NativeType="varchar" Description="Regional Market"/>
      <Column Name="SPERR" Nullable="true" DataType="varchar" Size="1" NativeType="varchar" Description="Central posting block"/>
      <Column Name="SPRAS" Nullable="true" DataType="varchar" Size="1" NativeType="varchar" Description="Language Key"/>
      <Column Name="STCD1" Nullable="true" DataType="varchar" Size="16" NativeType="varchar" Description="Tax Number 1"/>
      <Column Name="STCD2" Nullable="true" DataType="varchar" Size="11" NativeType="varchar" Description="Tax Number 2"/>
      <Column Name="STKZA" Nullable="true" DataType="varchar" Size="1" NativeType="varchar" Description="Indicator: Business Partner Subject to Equalization Tax?"/>
      <Column Name="STKZU" Nullable="true" DataType="varchar" Size="1" NativeType="varchar" Description="Liable for VAT"/>
      <Column Name="TELBX" Nullable="true" DataType="varchar" Size="15" NativeType="varchar" Description="Telebox number"/>
      <Column Name="TELF2" Nullable="true" DataType="varchar" Size="16" NativeType="varchar" Description="Second telephone number"/>
      <Column Name="TELTX" Nullable="true" DataType="varchar" Size="30" NativeType="varchar" Description="Teletex number"/>
      <Column Name="TELX1" Nullable="true" DataType="varchar" Size="30" NativeType="varchar" Description="Telex number"/>
      <Column Name="LZONE" Nullable="true" DataType="varchar" Size="10" NativeType="varchar" Description="Transportation zone to or from which the goods are delivered"/>
      <Column Name="XZEMP" Nullable="true" DataType="varchar" Size="1" NativeType="varchar" Description="Indicator: Is an alternative payer allowed in document?"/>
      <Column Name="VBUND" Nullable="true" DataType="varchar" Size="6" NativeType="varchar" Description="Company ID of trading partner"/>
      <Column Name="STCEG" Nullable="true" DataType="varchar" Size="20" NativeType="varchar" Description="VAT Registration Number"/>
      <Column Name="DEAR1" Nullable="true" DataType="varchar" Size="1" NativeType="varchar" Description="Indicator: Competitor"/>
      <Column Name="DEAR2" Nullable="true" DataType="varchar" Size="1" NativeType="varchar" Description="Indicator: Sales partner"/>
      <Column Name="DEAR3" Nullable="true" DataType="varchar" Size="1" NativeType="varchar" Description="Indicator: Sales prospect"/>
      <Column Name="DEAR4" Nullable="true" DataType="varchar" Size="1" NativeType="varchar" Description="Indicator for customer type 4"/>
      <Column Name="DEAR5" Nullable="true" DataType="varchar" Size="1" NativeType="varchar" Description="ID for default sold-to party"/>
      <Column Name="GFORM" Nullable="true" DataType="varchar" Size="2" NativeType="varchar" Description="Legal status"/>
      <Column Name="BRAN1" Nullable="true" DataType="varchar" Size="10" NativeType="varchar" Description="Industry Code 1"/>
      <Column Name="BRAN2" Nullable="true" DataType="varchar" Size="10" NativeType="varchar" Description="Industry code 2"/>
      <Column Name="BRAN3" Nullable="true" DataType="varchar" Size="10" NativeType="varchar" Description="Industry code 3"/>
      <Column Name="BRAN4" Nullable="true" DataType="varchar" Size="10" NativeType="varchar" Description="Industry code 4"/>
      <Column Name="BRAN5" Nullable="true" DataType="varchar" Size="10" NativeType="varchar" Description="Industry code 5"/>
      <Column Name="EKONT" Nullable="true" DataType="varchar" Size="10" NativeType="varchar" Description="Initial contact"/>
      <Column Name="UMSAT" Nullable="true" DataType="decimal" Precision="8" Scale="2" NativeType="decimal" Description="Annual sales"/>
      <Column Name="UMJAH" Nullable="true" DataType="numeric" Precision="4" Scale="0" NativeType="numeric" Description="Year For Which Sales are Given"/>
      <Column Name="UWAER" Nullable="true" DataType="varchar" Size="5" NativeType="varchar" Description="Currency of sales figure"/>
      <Column Name="JMZAH" Nullable="true" DataType="numeric" Precision="6" Scale="0" NativeType="numeric" Description="Yearly number of employees"/>
      <Column Name="JMJAH" Nullable="true" DataType="numeric" Precision="4" Scale="0" NativeType="numeric" Description="Year for which the number of employees is given"/>
      <Column Name="KATR1" Nullable="true" DataType="varchar" Size="2" NativeType="varchar" Description="Attribute 1"/>
      <Column Name="KATR2" Nullable="true" DataType="varchar" Size="2" NativeType="varchar" Description="Attribute 2"/>
      <Column Name="KATR3" Nullable="true" DataType="varchar" Size="2" NativeType="varchar" Description="Attribute 3"/>
      <Column Name="KATR4" Nullable="true" DataType="varchar" Size="2" NativeType="varchar" Description="Attribute 4"/>
      <Column Name="KATR5" Nullable="true" DataType="varchar" Size="2" NativeType="varchar" Description="Attribute 5"/>
      <Column Name="KATR6" Nullable="true" DataType="varchar" Size="3" NativeType="varchar" Description="Attribute 6"/>
      <Column Name="KATR7" Nullable="true" DataType="varchar" Size="3" NativeType="varchar" Description="Attribute 7"/>
      <Column Name="KATR8" Nullable="true" DataType="varchar" Size="3" NativeType="varchar" Description="Attribute 8"/>
      <Column Name="KATR9" Nullable="true" DataType="varchar" Size="3" NativeType="varchar" Description="Attribute 9"/>
      <Column Name="KATR10" Nullable="true" DataType="varchar" Size="3" NativeType="varchar" Description="Attribute 10"/>
      <Column Name="STKZN" Nullable="true" DataType="varchar" Size="1" NativeType="varchar" Description="Natural Person"/>
      <Column Name="UMSA1" Nullable="true" DataType="decimal" Precision="15" Scale="2" NativeType="decimal" Description="Annual sales"/>
      <Column Name="TXJCD" Nullable="true" DataType="varchar" Size="15" NativeType="varchar" Description="Tax Jurisdiction"/>
      <Column Name="PERIV" Nullable="true" DataType="varchar" Size="2" NativeType="varchar" Description="Fiscal Year Variant"/>
      <Column Name="ABRVW" Nullable="true" DataType="varchar" Size="3" NativeType="varchar" Description="Usage Indicator"/>
      <Column Name="INSPBYDEBI" Nullable="true" DataType="varchar" Size="1" NativeType="varchar" Description="Inspection Carried Out By Customer (No Inspection Lot)"/>
      <Column Name="INSPATDEBI" Nullable="true" DataType="varchar" Size="1" NativeType="varchar" Description="Inspection for a Delivery Note After Outbound Delivery"/>
      <Column Name="KTOCD" Nullable="true" DataType="varchar" Size="4" NativeType="varchar" Description="Reference Account Group for One-Time Account (Customer)"/>
      <Column Name="PFORT" Nullable="true" DataType="varchar" Size="35" NativeType="varchar" Description="PO Box city"/>
      <Column Name="WERKS" Nullable="true" DataType="varchar" Size="4" NativeType="varchar" Description="Plant"/>
      <Column Name="DTAMS" Nullable="true" DataType="varchar" Size="1" NativeType="varchar" Description="Indicator for Data Medium Exchange"/>
      <Column Name="DTAWS" Nullable="true" DataType="varchar" Size="2" NativeType="varchar" Description="Instruction key for data medium exchange"/>
      <Column Name="DUEFL" Nullable="true" DataType="varchar" Size="1" NativeType="varchar" Description="Status of Data Transfer into Subsequent Release"/>
      <Column Name="HZUOR" Nullable="true" DataType="numeric" Precision="2" Scale="0" NativeType="numeric" Description="Assignment to Hierarchy"/>
      <Column Name="SPERZ" Nullable="true" DataType="varchar" Size="1" NativeType="varchar" Description="Payment Block"/>
      <Column Name="ETIKG" Nullable="true" DataType="varchar" Size="10" NativeType="varchar" Description="IS-R Labeling: customer/plant group"/>
      <Column Name="CIVVE" Nullable="true" DataType="varchar" Size="1" NativeType="varchar" Description="ID for mainly non-military use"/>
      <Column Name="MILVE" Nullable="true" DataType="varchar" Size="1" NativeType="varchar" Description="ID for mainly military use"/>
      <Column Name="KDKG1" Nullable="true" DataType="varchar" Size="2" NativeType="varchar" Description="Customer condition group 1"/>
      <Column Name="KDKG2" Nullable="true" DataType="varchar" Size="2" NativeType="varchar" Description="Customer condition group 2"/>
      <Column Name="KDKG3" Nullable="true" DataType="varchar" Size="2" NativeType="varchar" Description="Customer condition group 3"/>
      <Column Name="KDKG4" Nullable="true" DataType="varchar" Size="2" NativeType="varchar" Description="Customer condition group 4"/>
      <Column Name="KDKG5" Nullable="true" DataType="varchar" Size="2" NativeType="varchar" Description="Customer condition group 5"/>
      <Column Name="XKNZA" Nullable="true" DataType="varchar" Size="1" NativeType="varchar" Description="Indicator: Alternative payer using account number"/>
      <Column Name="FITYP" Nullable="true" DataType="varchar" Size="2" NativeType="varchar" Description="Tax type"/>
      <Column Name="STCDT" Nullable="true" DataType="varchar" Size="2" NativeType="varchar" Description="Tax Number Type"/>
      <Column Name="STCD3" Nullable="true" DataType="varchar" Size="18" NativeType="varchar" Description="Tax Number 3"/>
      <Column Name="STCD4" Nullable="true" DataType="varchar" Size="18" NativeType="varchar" Description="Tax Number 4"/>
      <Column Name="STCD5" Nullable="true" DataType="varchar" Size="60" NativeType="varchar" Description="Tax Number 5"/>
      <Column Name="XICMS" Nullable="true" DataType="varchar" Size="1" NativeType="varchar" Description="Customer is ICMS-exempt"/>
      <Column Name="XXIPI" Nullable="true" DataType="varchar" Size="1" NativeType="varchar" Description="Customer is IPI-exempt"/>
      <Column Name="XSUBT" Nullable="true" DataType="varchar" Size="3" NativeType="varchar" Description="Customer group for Substituiçao Tributária calculation"/>
      <Column Name="CFOPC" Nullable="true" DataType="varchar" Size="2" NativeType="varchar" Description="Customer's CFOP category"/>
      <Column Name="TXLW1" Nullable="true" DataType="varchar" Size="3" NativeType="varchar" Description="Tax law: ICMS"/>
      <Column Name="TXLW2" Nullable="true" DataType="varchar" Size="3" NativeType="varchar" Description="Tax law: IPI"/>
      <Column Name="CCC01" Nullable="true" DataType="varchar" Size="1" NativeType="varchar" Description="Indicator for biochemical warfare for legal control"/>
      <Column Name="CCC02" Nullable="true" DataType="varchar" Size="1" NativeType="varchar" Description="Indicator for nuclear nonproliferation for legal control"/>
      <Column Name="CCC03" Nullable="true" DataType="varchar" Size="1" NativeType="varchar" Description="Indicator for national security for legal control"/>
      <Column Name="CCC04" Nullable="true" DataType="varchar" Size="1" NativeType="varchar" Description="Indicator for missile technology for legal control"/>
      <Column Name="CASSD" Nullable="true" DataType="varchar" Size="2" NativeType="varchar" Description="Central sales block for customer"/>
      <Column Name="KNURL" Nullable="true" DataType="varchar" Size="132" NativeType="varchar" Description="Uniform Resource Locator"/>
      <Column Name="J_1KFREPRE" Nullable="true" DataType="varchar" Size="10" NativeType="varchar" Description="Name of Representative"/>
      <Column Name="J_1KFTBUS" Nullable="true" DataType="varchar" Size="30" NativeType="varchar" Description="Type of Business"/>
      <Column Name="J_1KFTIND" Nullable="true" DataType="varchar" Size="30" NativeType="varchar" Description="Type of Industry"/>
      <Column Name="CONFS" Nullable="false" DataType="varchar" Size="1" NativeType="varchar" Description="Status of Change Authorization (Central)"/>
      <Column Name="UPDAT" Nullable="true" DataType="date" NativeType="date" Description="Date on Which the Changes Were Confirmed"/>
      <Column Name="UPTIM" Nullable="true" DataType="time" NativeType="time" Description="Time of Last Change Confirmation"/>
      <Column Name="NODEL" Nullable="false" DataType="varchar" Size="1" NativeType="varchar" Description="Central deletion block for master record"/>
      <Column Name="DEAR6" Nullable="true" DataType="varchar" Size="1" NativeType="varchar" Description="Indicator: Consumer"/>
      <Column Name="CVP_XBLCK" Nullable="false" DataType="varchar" Size="1" NativeType="varchar" Description="Business Purpose Completed Flag"/>
      <Column Name="SUFRAMA" Nullable="true" DataType="varchar" Size="9" NativeType="varchar" Description="Suframa Code"/>
      <Column Name="RG" Nullable="true" DataType="varchar" Size="11" NativeType="varchar" Description="RG Number"/>
      <Column Name="EXP" Nullable="true" DataType="varchar" Size="3" NativeType="varchar" Description="Issued by"/>
      <Column Name="UF" Nullable="true" DataType="varchar" Size="2" NativeType="varchar" Description="State"/>
      <Column Name="RGDATE" Nullable="true" DataType="date" NativeType="date" Description="RG Issue Date"/>
      <Column Name="RIC" Nullable="true" DataType="numeric" Precision="11" Scale="0" NativeType="numeric" Description="RIC Number"/>
      <Column Name="RNE" Nullable="true" DataType="varchar" Size="10" NativeType="varchar" Description="Foreign National Registration"/>
      <Column Name="RNEDATE" Nullable="true" DataType="date" NativeType="date" Description="RNE Issue Date"/>
      <Column Name="CNAE" Nullable="true" DataType="varchar" Size="7" NativeType="varchar" Description="CNAE"/>
      <Column Name="LEGALNAT" Nullable="true" DataType="numeric" Precision="4" Scale="0" NativeType="numeric" Description="Legal Nature"/>
      <Column Name="CRTN" Nullable="true" DataType="varchar" Size="1" NativeType="varchar" Description="CRT Number"/>
      <Column Name="ICMSTAXPAY" Nullable="true" DataType="varchar" Size="2" NativeType="varchar" Description="ICMS Taxpayer"/>
      <Column Name="INDTYP" Nullable="true" DataType="varchar" Size="2" NativeType="varchar" Description="Industry Main Type"/>
      <Column Name="TDT" Nullable="true" DataType="varchar" Size="2" NativeType="varchar" Description="Tax Declaration Type"/>
      <Column Name="COMSIZE" Nullable="true" DataType="varchar" Size="2" NativeType="varchar" Description="Company Size"/>
      <Column Name="DECREGPC" Nullable="true" DataType="varchar" Size="2" NativeType="varchar" Description="Declaration Regimen for PIS/COFINS"/>
      <Column Name="/VSO/R_PALHGT" Nullable="true" DataType="decimal" Precision="13" Scale="3" NativeType="decimal" Description="Maximum Stacking Height of the Packaging Material (VSO)"/>
      <Column Name="/VSO/R_PAL_UL" Nullable="true" DataType="varchar" Size="3" NativeType="varchar" Description="Unit of Length for Packaging Material (VSO)"/>
      <Column Name="/VSO/R_PK_MAT" Nullable="true" DataType="varchar" Size="1" NativeType="varchar" Description="Customer-Related Packing for Each Packaging Material (VSO)"/>
      <Column Name="/VSO/R_MATPAL" Nullable="true" DataType="varchar" Size="18" NativeType="varchar" Description="Packaging Material of the Customer in VSO"/>
      <Column Name="/VSO/R_I_NO_LYR" Nullable="true" DataType="numeric" Precision="2" Scale="0" NativeType="numeric" Description="Number Layers Under an Inter-Pallet (VSO)"/>
      <Column Name="/VSO/R_ONE_MAT" Nullable="true" DataType="varchar" Size="1" NativeType="varchar" Description="Packing Material-Specific for Each Packaging Material"/>
      <Column Name="/VSO/R_ONE_SORT" Nullable="true" DataType="varchar" Size="1" NativeType="varchar" Description="Pack Only One Package Type for Each PKM (VSO)"/>
      <Column Name="/VSO/R_ULD_SIDE" Nullable="true" DataType="numeric" Precision="1" Scale="0" NativeType="numeric" Description="Side Preference of Loading/Unloading (VSO)"/>
      <Column Name="/VSO/R_LOAD_PREF" Nullable="true" DataType="numeric" Precision="1" Scale="0" NativeType="numeric" Description="Front/Back Preference of Loading/Unloading (VSO)"/>
      <Column Name="/VSO/R_DPOINT" Nullable="true" DataType="varchar" Size="10" NativeType="varchar" Description="Collective Unloading Point for VSO"/>
      <Column Name="/XLSO/CUSTOMER" Nullable="true" DataType="varchar" Size="1" NativeType="varchar" Description="Data element to differentiate customer"/>
      <Column Name="/XLSO/SYSID" Nullable="true" DataType="varchar" Size="8" NativeType="varchar" Description="Name of SAP System"/>
      <Column Name="/XLSO/CLIENT" Nullable="true" DataType="varchar" Size="3" NativeType="varchar" Description="Client"/>
      <Column Name="/XLSO/PARTNER" Nullable="true" DataType="varchar" Size="10" NativeType="varchar" Description="Business Partner Number"/>
      <Column Name="/XLSO/PREF_PAY" Nullable="true" DataType="varchar" Size="2" NativeType="varchar" Description="Version Number Component"/>
      <Column Name="ALC" Nullable="true" DataType="varchar" Size="8" NativeType="varchar" Description="Agency Location Code"/>
      <Column Name="PMT_OFFICE" Nullable="true" DataType="varchar" Size="5" NativeType="varchar" Description="Payment Office"/>
      <Column Name="FEE_SCHEDULE" Nullable="true" DataType="varchar" Size="4" NativeType="varchar" Description="Fee schedule"/>
      <Column Name="DUNS" Nullable="true" DataType="varchar" Size="9" NativeType="varchar" Description="DUNS Number"/>
      <Column Name="DUNS4" Nullable="true" DataType="varchar" Size="4" NativeType="varchar" Description="DUNS+4"/>
      <Column Name="PSOFG" Nullable="true" DataType="varchar" Size="10" NativeType="varchar" Description="Processor group"/>
      <Column Name="PSOIS" Nullable="true" DataType="varchar" Size="20" NativeType="varchar" Description="Subledger acct preprocessing procedure"/>
      <Column Name="PSON1" Nullable="true" DataType="varchar" Size="35" NativeType="varchar" Description="Name 1"/>
      <Column Name="PSON2" Nullable="true" DataType="varchar" Size="35" NativeType="varchar" Description="Name 2"/>
      <Column Name="PSON3" Nullable="true" DataType="varchar" Size="35" NativeType="varchar" Description="Name 3"/>
      <Column Name="PSOVN" Nullable="true" DataType="varchar" Size="35" NativeType="varchar" Description="First Name"/>
      <Column Name="PSOTL" Nullable="true" DataType="varchar" Size="20" NativeType="varchar" Description="Title"/>
      <Column Name="PSOHS" Nullable="true" DataType="varchar" Size="6" NativeType="varchar" Description="House number: is no longer used from Release 4.6B"/>
      <Column Name="PSOST" Nullable="true" DataType="varchar" Size="28" NativeType="varchar" Description="Street: No longer used from Release 4.6B"/>
      <Column Name="PSOO1" Nullable="true" DataType="varchar" Size="50" NativeType="varchar" Description="Description"/>
      <Column Name="PSOO2" Nullable="true" DataType="varchar" Size="50" NativeType="varchar" Description="Description"/>
      <Column Name="PSOO3" Nullable="true" DataType="varchar" Size="50" NativeType="varchar" Description="Description"/>
      <Column Name="PSOO4" Nullable="true" DataType="varchar" Size="50" NativeType="varchar" Description="Description"/>
      <Column Name="PSOO5" Nullable="true" DataType="varchar" Size="50" NativeType="varchar" Description="Description"/>
      <Column Name="OIDRC" Nullable="true" DataType="varchar" Size="5" NativeType="varchar" Description="Differential Reference Code (DRC)"/>
      <Column Name="OID_POREQD" Nullable="true" DataType="varchar" Size="1" NativeType="varchar" Description="Purchase order required: X = Yes, Blank = No"/>
      <Column Name="OIPBL" Nullable="true" DataType="varchar" Size="10" NativeType="varchar" Description="Business location identifier (IS-Oil MRN)"/>
      <PrimaryKey>
        <PrimaryKeyColumn>MANDT</PrimaryKeyColumn>
        <PrimaryKeyColumn>KUNNR</PrimaryKeyColumn>
      </PrimaryKey>
      <TableIndex Name="PRIMARY" isPrimary="true" Unique="true">
        <IndexColumn Name="MANDT"/>
        <IndexColumn Name="KUNNR"/>
      </TableIndex>
      <TableIndex Name="001" isPrimary="false" Unique="false">
        <IndexColumn Name="CONFS"/>
      </TableIndex>
      <TableIndex Name="002" isPrimary="false" Unique="false">
        <IndexColumn Name="ANRED"/>
      </TableIndex>
      <TableIndex Name="006" isPrimary="false" Unique="false">
        <IndexColumn Name="/XLSO/CUSTOMER"/>
      </TableIndex>
      <TableIndex Name="A" isPrimary="false" Unique="false">
        <IndexColumn Name="SORTL"/>
      </TableIndex>
      <TableIndex Name="FIS" isPrimary="false" Unique="false">
        <IndexColumn Name="FISKN"/>
      </TableIndex>
      <TableIndex Name="H1V" isPrimary="false" Unique="false">
        <IndexColumn Name="MCOD3"/>
      </TableIndex>
      <TableIndex Name="H7B" isPrimary="false" Unique="false">
        <IndexColumn Name="SORTL"/>
      </TableIndex>
      <TableIndex Name="HAD" isPrimary="false" Unique="false">
        <IndexColumn Name="MCOD1"/>
      </TableIndex>
      <TableIndex Name="HEZ" isPrimary="false" Unique="false">
        <IndexColumn Name="PSTLZ"/>
      </TableIndex>
      <TableIndex Name="ILN" isPrimary="false" Unique="false">
        <IndexColumn Name="BBBNR"/>
        <IndexColumn Name="BBSNR"/>
        <IndexColumn Name="BUBKZ"/>
      </TableIndex>
      <TableIndex Name="MC3" isPrimary="false" Unique="false">
        <IndexColumn Name="MCOD3"/>
      </TableIndex>
      <TableIndex Name="MCD" isPrimary="false" Unique="false">
        <IndexColumn Name="MCOD1"/>
        <IndexColumn Name="MCOD2"/>
        <IndexColumn Name="MCOD3"/>
      </TableIndex>
      <TableIndex Name="PLZ" isPrimary="false" Unique="false">
        <IndexColumn Name="PSTLZ"/>
      </TableIndex>
      <TableIndex Name="Z" isPrimary="false" Unique="false">
        <IndexColumn Name="LAND1"/>
      </TableIndex>
      <ForeignKey Name="ACTA_FK_17" ReferredTableKey="" ReferredTable="KNA1" ReferredTableOwner="">
        <PKFKColumn Column="FISKN" ReferredColumn="KUNNR"/>
      </ForeignKey>
      <ForeignKey Name="ACTA_FK_18" ReferredTableKey="" ReferredTable="KNA1" ReferredTableOwner="">
        <PKFKColumn Column="KNRZA" ReferredColumn="KUNNR"/>
      </ForeignKey>
      <ForeignKey Name="ACTA_FK_19" ReferredTableKey="" ReferredTable="LFA1" ReferredTableOwner="">
        <PKFKColumn Column="LIFNR" ReferredColumn="LIFNR"/>
      </ForeignKey>
      <ForeignKey Name="ACTA_FK_30" ReferredTableKey="" ReferredTable="T006" ReferredTableOwner="">
        <PKFKColumn Column="/VSO/R_PAL_UL" ReferredColumn="MSEHI"/>
      </ForeignKey>
      <ForeignKey Name="ACTA_FK_20" ReferredTableKey="" ReferredTable="MARA" ReferredTableOwner="">
        <PKFKColumn Column="/VSO/R_MATPAL" ReferredColumn="MATNR"/>
      </ForeignKey>
      <ForeignKey Name="ACTA_FK_32" ReferredTableKey="" ReferredTable="T016" ReferredTableOwner="">
        <PKFKColumn Column="BRSCH" ReferredColumn="BRSCH"/>
      </ForeignKey>
      <ForeignKey Name="ACTA_FK_45" ReferredTableKey="" ReferredTable="TTXJ" ReferredTableOwner="">
        <PKFKColumn Column="TXJCD" ReferredColumn="TXJCD"/>
      </ForeignKey>
      <ForeignKey Name="ACTA_FK_24" ReferredTableKey="" ReferredTable="T001W" ReferredTableOwner="">
        <PKFKColumn Column="WERKS" ReferredColumn="WERKS"/>
      </ForeignKey>
      <ForeignKey Name="ACTA_FK_26" ReferredTableKey="" ReferredTable="T005" ReferredTableOwner="">
        <PKFKColumn Column="LAND1" ReferredColumn="LAND1"/>
      </ForeignKey>
      <ForeignKey Name="ACTA_FK_0" ReferredTableKey="" ReferredTable="/VSO/R_DPOINT" ReferredTableOwner="-1">
        <PKFKColumn Column="/VSO/R_DPOINT" ReferredColumn="/VSO/R_DPOINT"/>
      </ForeignKey>
      <ForeignKey Name="ACTA_FK_1" ReferredTableKey="" ReferredTable="BUSTYPE" ReferredTableOwner="-1">
        <PKFKColumn Column="J_1KFTBUS" ReferredColumn="GESTYP"/>
      </ForeignKey>
      <ForeignKey Name="ACTA_FK_2" ReferredTableKey="" ReferredTable="FMFGT_ALC" ReferredTableOwner="-1">
        <PKFKColumn Column="ALC" ReferredColumn="ALC"/>
      </ForeignKey>
      <ForeignKey Name="ACTA_FK_3" ReferredTableKey="" ReferredTable="FMFGT_PO" ReferredTableOwner="-1">
        <PKFKColumn Column="PMT_OFFICE" ReferredColumn="PMT_OFFICE"/>
      </ForeignKey>
      <ForeignKey Name="ACTA_FK_4" ReferredTableKey="" ReferredTable="INDUSTYPE" ReferredTableOwner="-1">
        <PKFKColumn Column="J_1KFTIND" ReferredColumn="INDTYPE"/>
      </ForeignKey>
      <ForeignKey Name="ACTA_FK_5" ReferredTableKey="" ReferredTable="J_1AFITP" ReferredTableOwner="-1">
        <PKFKColumn Column="FITYP" ReferredColumn="J_1AFITP"/>
      </ForeignKey>
      <ForeignKey Name="ACTA_FK_6" ReferredTableKey="" ReferredTable="J_1ATODC" ReferredTableOwner="-1">
        <PKFKColumn Column="STCDT" ReferredColumn="J_1ATODC"/>
      </ForeignKey>
      <ForeignKey Name="ACTA_FK_7" ReferredTableKey="" ReferredTable="J_1BATL1" ReferredTableOwner="-1">
        <PKFKColumn Column="TXLW1" ReferredColumn="TAXLAW"/>
      </ForeignKey>
      <ForeignKey Name="ACTA_FK_8" ReferredTableKey="" ReferredTable="J_1BATL2" ReferredTableOwner="-1">
        <PKFKColumn Column="TXLW2" ReferredColumn="TAXLAW"/>
      </ForeignKey>
      <ForeignKey Name="ACTA_FK_9" ReferredTableKey="" ReferredTable="J_1BTCNAE" ReferredTableOwner="-1">
        <PKFKColumn Column="CNAE" ReferredColumn="J_1BCNAE"/>
      </ForeignKey>
      <ForeignKey Name="ACTA_FK_10" ReferredTableKey="" ReferredTable="J_1BTCOMSIZE" ReferredTableOwner="-1">
        <PKFKColumn Column="COMSIZE" ReferredColumn="J_1BCOMSIZE"/>
      </ForeignKey>
      <ForeignKey Name="ACTA_FK_11" ReferredTableKey="" ReferredTable="J_1BTDECREGPC" ReferredTableOwner="-1">
        <PKFKColumn Column="DECREGPC" ReferredColumn="J_1BDECREGPC"/>
      </ForeignKey>
      <ForeignKey Name="ACTA_FK_12" ReferredTableKey="" ReferredTable="J_1BTICMSTAXPAY" ReferredTableOwner="-1">
        <PKFKColumn Column="ICMSTAXPAY" ReferredColumn="J_1BICMSTAXPAY"/>
      </ForeignKey>
      <ForeignKey Name="ACTA_FK_13" ReferredTableKey="" ReferredTable="J_1BTINDTYP" ReferredTableOwner="-1">
        <PKFKColumn Column="INDTYP" ReferredColumn="J_1BINDTYP"/>
      </ForeignKey>
      <ForeignKey Name="ACTA_FK_14" ReferredTableKey="" ReferredTable="J_1BTLEGALNAT" ReferredTableOwner="-1">
        <PKFKColumn Column="LEGALNAT" ReferredColumn="J_1BLEGALNAT"/>
      </ForeignKey>
      <ForeignKey Name="ACTA_FK_15" ReferredTableKey="" ReferredTable="J_1BTTDT" ReferredTableOwner="-1">
        <PKFKColumn Column="TDT" ReferredColumn="J_1BTDT"/>
      </ForeignKey>
      <ForeignKey Name="ACTA_FK_16" ReferredTableKey="" ReferredTable="J_1BTXSTG" ReferredTableOwner="-1">
        <PKFKColumn Column="XSUBT" ReferredColumn="STGRP"/>
      </ForeignKey>
      <ForeignKey Name="ACTA_FK_21" ReferredTableKey="" ReferredTable="OICDC" ReferredTableOwner="-1">
        <PKFKColumn Column="OIDRC" ReferredColumn="OIDRC"/>
      </ForeignKey>
      <ForeignKey Name="ACTA_FK_22" ReferredTableKey="" ReferredTable="OIFSPBL" ReferredTableOwner="-1">
        <PKFKColumn Column="OIPBL" ReferredColumn="PBLNR"/>
      </ForeignKey>
      <ForeignKey Name="ACTA_FK_23" ReferredTableKey="" ReferredTable="PSO19" ReferredTableOwner="-1">
        <PKFKColumn Column="PSOFG" ReferredColumn="PSOFG"/>
      </ForeignKey>
      <ForeignKey Name="ACTA_FK_25" ReferredTableKey="" ReferredTable="T002" ReferredTableOwner="-1">
        <PKFKColumn Column="SPRAS" ReferredColumn="SPRAS"/>
      </ForeignKey>
      <ForeignKey Name="ACTA_FK_27" ReferredTableKey="" ReferredTable="T005E" ReferredTableOwner="-1">
        <PKFKColumn Column="LAND1" ReferredColumn="LAND1"/>
        <PKFKColumn Column="REGIO" ReferredColumn="REGIO"/>
        <PKFKColumn Column="COUNC" ReferredColumn="COUNC"/>
      </ForeignKey>
      <ForeignKey Name="ACTA_FK_28" ReferredTableKey="" ReferredTable="T005G" ReferredTableOwner="-1">
        <PKFKColumn Column="LAND1" ReferredColumn="LAND1"/>
        <PKFKColumn Column="REGIO" ReferredColumn="REGIO"/>
        <PKFKColumn Column="CITYC" ReferredColumn="CITYC"/>
      </ForeignKey>
      <ForeignKey Name="ACTA_FK_29" ReferredTableKey="" ReferredTable="T005S" ReferredTableOwner="-1">
        <PKFKColumn Column="LAND1" ReferredColumn="LAND1"/>
        <PKFKColumn Column="REGIO" ReferredColumn="BLAND"/>
      </ForeignKey>
      <ForeignKey Name="ACTA_FK_31" ReferredTableKey="" ReferredTable="T009" ReferredTableOwner="-1">
        <PKFKColumn Column="PERIV" ReferredColumn="PERIV"/>
      </ForeignKey>
      <ForeignKey Name="ACTA_FK_33" ReferredTableKey="" ReferredTable="T077D" ReferredTableOwner="-1">
        <PKFKColumn Column="KTOCD" ReferredColumn="KTOKD"/>
      </ForeignKey>
      <ForeignKey Name="ACTA_FK_34" ReferredTableKey="" ReferredTable="T077D" ReferredTableOwner="-1">
        <PKFKColumn Column="KTOKD" ReferredColumn="KTOKD"/>
      </ForeignKey>
      <ForeignKey Name="ACTA_FK_35" ReferredTableKey="" ReferredTable="T880" ReferredTableOwner="-1">
        <PKFKColumn Column="VBUND" ReferredColumn="RCOMP"/>
      </ForeignKey>
      <ForeignKey Name="ACTA_FK_36" ReferredTableKey="" ReferredTable="TBRC" ReferredTableOwner="-1">
        <PKFKColumn Column="BRAN1" ReferredColumn="BRACO"/>
      </ForeignKey>
      <ForeignKey Name="ACTA_FK_37" ReferredTableKey="" ReferredTable="TBRC" ReferredTableOwner="-1">
        <PKFKColumn Column="BRAN2" ReferredColumn="BRACO"/>
      </ForeignKey>
      <ForeignKey Name="ACTA_FK_38" ReferredTableKey="" ReferredTable="TBRC" ReferredTableOwner="-1">
        <PKFKColumn Column="BRAN3" ReferredColumn="BRACO"/>
      </ForeignKey>
      <ForeignKey Name="ACTA_FK_39" ReferredTableKey="" ReferredTable="TBRC" ReferredTableOwner="-1">
        <PKFKColumn Column="BRAN4" ReferredColumn="BRACO"/>
      </ForeignKey>
      <ForeignKey Name="ACTA_FK_40" ReferredTableKey="" ReferredTable="TBRC" ReferredTableOwner="-1">
        <PKFKColumn Column="BRAN5" ReferredColumn="BRACO"/>
      </ForeignKey>
      <ForeignKey Name="ACTA_FK_41" ReferredTableKey="" ReferredTable="TCURC" ReferredTableOwner="-1">
        <PKFKColumn Column="UWAER" ReferredColumn="WAERS"/>
      </ForeignKey>
      <ForeignKey Name="ACTA_FK_42" ReferredTableKey="" ReferredTable="TFACD" ReferredTableOwner="-1">
        <PKFKColumn Column="KNAZK" ReferredColumn="IDENT"/>
      </ForeignKey>
      <ForeignKey Name="ACTA_FK_43" ReferredTableKey="" ReferredTable="TKUKL" ReferredTableOwner="-1">
        <PKFKColumn Column="KUKLA" ReferredColumn="KUKLA"/>
      </ForeignKey>
      <ForeignKey Name="ACTA_FK_44" ReferredTableKey="" ReferredTable="TNLS" ReferredTableOwner="-1">
        <PKFKColumn Column="NIELS" ReferredColumn="NIELS"/>
      </ForeignKey>
      <ForeignKey Name="ACTA_FK_46" ReferredTableKey="" ReferredTable="TVAST" ReferredTableOwner="-1">
        <PKFKColumn Column="AUFSD" ReferredColumn="AUFSP"/>
      </ForeignKey>
      <ForeignKey Name="ACTA_FK_47" ReferredTableKey="" ReferredTable="TVFS" ReferredTableOwner="-1">
        <PKFKColumn Column="FAKSD" ReferredColumn="FAKSP"/>
      </ForeignKey>
      <ForeignKey Name="ACTA_FK_48" ReferredTableKey="" ReferredTable="TVGF" ReferredTableOwner="-1">
        <PKFKColumn Column="GFORM" ReferredColumn="GFORM"/>
      </ForeignKey>
      <ForeignKey Name="ACTA_FK_49" ReferredTableKey="" ReferredTable="TVK0" ReferredTableOwner="-1">
        <PKFKColumn Column="KATR10" ReferredColumn="KATR10"/>
      </ForeignKey>
      <ForeignKey Name="ACTA_FK_50" ReferredTableKey="" ReferredTable="TVK1" ReferredTableOwner="-1">
        <PKFKColumn Column="KATR1" ReferredColumn="KATR1"/>
      </ForeignKey>
      <ForeignKey Name="ACTA_FK_51" ReferredTableKey="" ReferredTable="TVK2" ReferredTableOwner="-1">
        <PKFKColumn Column="KATR2" ReferredColumn="KATR2"/>
      </ForeignKey>
      <ForeignKey Name="ACTA_FK_52" ReferredTableKey="" ReferredTable="TVK3" ReferredTableOwner="-1">
        <PKFKColumn Column="KATR3" ReferredColumn="KATR3"/>
      </ForeignKey>
      <ForeignKey Name="ACTA_FK_53" ReferredTableKey="" ReferredTable="TVK4" ReferredTableOwner="-1">
        <PKFKColumn Column="KATR4" ReferredColumn="KATR4"/>
      </ForeignKey>
      <ForeignKey Name="ACTA_FK_54" ReferredTableKey="" ReferredTable="TVK5" ReferredTableOwner="-1">
        <PKFKColumn Column="KATR5" ReferredColumn="KATR5"/>
      </ForeignKey>
      <ForeignKey Name="ACTA_FK_55" ReferredTableKey="" ReferredTable="TVK6" ReferredTableOwner="-1">
        <PKFKColumn Column="KATR6" ReferredColumn="KATR6"/>
      </ForeignKey>
      <ForeignKey Name="ACTA_FK_56" ReferredTableKey="" ReferredTable="TVK7" ReferredTableOwner="-1">
        <PKFKColumn Column="KATR7" ReferredColumn="KATR7"/>
      </ForeignKey>
      <ForeignKey Name="ACTA_FK_57" ReferredTableKey="" ReferredTable="TVK8" ReferredTableOwner="-1">
        <PKFKColumn Column="KATR8" ReferredColumn="KATR8"/>
      </ForeignKey>
      <ForeignKey Name="ACTA_FK_58" ReferredTableKey="" ReferredTable="TVK9" ReferredTableOwner="-1">
        <PKFKColumn Column="KATR9" ReferredColumn="KATR9"/>
      </ForeignKey>
      <ForeignKey Name="ACTA_FK_59" ReferredTableKey="" ReferredTable="TVKGG" ReferredTableOwner="-1">
        <PKFKColumn Column="KDKG1" ReferredColumn="KDKGR"/>
      </ForeignKey>
      <ForeignKey Name="ACTA_FK_60" ReferredTableKey="" ReferredTable="TVKGG" ReferredTableOwner="-1">
        <PKFKColumn Column="KDKG2" ReferredColumn="KDKGR"/>
      </ForeignKey>
      <ForeignKey Name="ACTA_FK_61" ReferredTableKey="" ReferredTable="TVKGG" ReferredTableOwner="-1">
        <PKFKColumn Column="KDKG3" ReferredColumn="KDKGR"/>
      </ForeignKey>
      <ForeignKey Name="ACTA_FK_62" ReferredTableKey="" ReferredTable="TVKGG" ReferredTableOwner="-1">
        <PKFKColumn Column="KDKG4" ReferredColumn="KDKGR"/>
      </ForeignKey>
      <ForeignKey Name="ACTA_FK_63" ReferredTableKey="" ReferredTable="TVKGG" ReferredTableOwner="-1">
        <PKFKColumn Column="KDKG5" ReferredColumn="KDKGR"/>
      </ForeignKey>
      <ForeignKey Name="ACTA_FK_64" ReferredTableKey="" ReferredTable="TVLS" ReferredTableOwner="-1">
        <PKFKColumn Column="LIFSD" ReferredColumn="LIFSP"/>
      </ForeignKey>
      <ForeignKey Name="ACTA_FK_65" ReferredTableKey="" ReferredTable="TVLV" ReferredTableOwner="-1">
        <PKFKColumn Column="ABRVW" ReferredColumn="ABRVW"/>
      </ForeignKey>
      <ForeignKey Name="ACTA_FK_66" ReferredTableKey="" ReferredTable="TWEK" ReferredTableOwner="-1">
        <PKFKColumn Column="ETIKG" ReferredColumn="KUNGR"/>
      </ForeignKey>
      <ForeignKey Name="ACTA_FK_67" ReferredTableKey="" ReferredTable="TZONE" ReferredTableOwner="-1">
        <PKFKColumn Column="LAND1" ReferredColumn="LAND1"/>
        <PKFKColumn Column="LZONE" ReferredColumn="ZONE1"/>
      </ForeignKey>
      <ForeignKey Name="ACTA_FK_68" ReferredTableKey="" ReferredTable="VBUK" ReferredTableOwner="-1">
        <PKFKColumn Column="EKONT" ReferredColumn="VBELN"/>
      </ForeignKey>
    </Table>
  </MetadataObjects>
  <Status>
    <StatusCode>SUCCESS</StatusCode>
  </Status>
</MetadataReply>