<MetadataReply xmlns="http://www.sap.com/DataServices/DataServicesXSD">
  <ID>7420</ID>
  <MetadataObjects>
    <Table Name="LFB1" Owner="" Description="Vendor Master (Company Code)">
      <Attributes>
        <Attribute Name="SAP_Table_Class" Value="1"/>
        <Attribute Name="SAP_Table_Class_Name" Value="transparent"/>
        <Attribute Name="sap_row_size" Value="570"/>
        <Attribute Name="sap_table_size_category" Value="2"/>
        <Attribute Name="sap_table_type" Value="Transparent Table"/>
      </Attributes>
      <Column Name="MANDT" Nullable="false" DataType="varchar" Size="3" NativeType="varchar" Description="Client"/>
      <Column Name="LIFNR" Nullable="false" DataType="varchar" Size="10" NativeType="varchar" Description="Account Number of Vendor or Creditor"/>
      <Column Name="BUKRS" Nullable="false" DataType="varchar" Size="4" NativeType="varchar" Description="Company Code"/>
      <Column Name="PERNR" Nullable="true" DataType="numeric" Precision="8" Scale="0" NativeType="numeric" Description="Personnel Number"/>
      <Column Name="ERDAT" Nullable="true" DataType="date" NativeType="date" Description="Date on which the Record Was Created"/>
      <Column Name="ERNAM" Nullable="true" DataType="varchar" Size="12" NativeType="varchar" Description="Name of Person who Created the Object"/>
      <Column Name="SPERR" Nullable="true" DataType="varchar" Size="1" NativeType="varchar" Description="Posting block for company code"/>
      <Column Name="LOEVM" Nullable="true" DataType="varchar" Size="1" NativeType="varchar" Description="Deletion Flag for Master Record (Company Code Level)"/>
      <Column Name="ZUAWA" Nullable="true" DataType="varchar" Size="3" NativeType="varchar" Description="Key for sorting according to assignment numbers"/>
      <Column Name="AKONT" Nullable="true" DataType="varchar" Size="10" NativeType="varchar" Description="Reconciliation Account in General Ledger"/>
      <Column Name="BEGRU" Nullable="true" DataType="varchar" Size="4" NativeType="varchar" Description="Authorization Group"/>
      <Column Name="VZSKZ" Nullable="true" DataType="varchar" Size="2" NativeType="varchar" Description="Interest calculation indicator"/>
      <Column Name="ZWELS" Nullable="true" DataType="varchar" Size="10" NativeType="varchar" Description="List of the Payment Methods to be Considered"/>
      <Column Name="XVERR" Nullable="true" DataType="varchar" Size="1" NativeType="varchar" Description="Indicator: Clearing between customer and vendor?"/>
      <Column Name="ZAHLS" Nullable="true" DataType="varchar" Size="1" NativeType="varchar" Description="Block Key for Payment"/>
      <Column Name="ZTERM" Nullable="true" DataType="varchar" Size="4" NativeType="varchar" Description="Terms of Payment Key"/>
      <Column Name="EIKTO" Nullable="true" DataType="varchar" Size="12" NativeType="varchar" Description="Our account number with the vendor"/>
      <Column Name="ZSABE" Nullable="true" DataType="varchar" Size="15" NativeType="varchar" Description="Clerk at vendor"/>
      <Column Name="KVERM" Nullable="true" DataType="varchar" Size="30" NativeType="varchar" Description="Memo"/>
      <Column Name="FDGRV" Nullable="true" DataType="varchar" Size="10" NativeType="varchar" Description="Planning group"/>
      <Column Name="BUSAB" Nullable="true" DataType="varchar" Size="2" NativeType="varchar" Description="Accounting clerk"/>
      <Column Name="LNRZE" Nullable="true" DataType="varchar" Size="10" NativeType="varchar" Description="Head office account number"/>
      <Column Name="LNRZB" Nullable="true" DataType="varchar" Size="10" NativeType="varchar" Description="Account number of the alternative payee"/>
      <Column Name="ZINDT" Nullable="true" DataType="date" NativeType="date" Description="Key date of the last interest calculation"/>
      <Column Name="ZINRT" Nullable="true" DataType="numeric" Precision="2" Scale="0" NativeType="numeric" Description="Interest calculation frequency in months"/>
      <Column Name="DATLZ" Nullable="true" DataType="date" NativeType="date" Description="Date of the last interest calculation run"/>
      <Column Name="XDEZV" Nullable="true" DataType="varchar" Size="1" NativeType="varchar" Description="Indicator: Local processing?"/>
      <Column Name="WEBTR" Nullable="true" DataType="decimal" Precision="13" Scale="2" NativeType="decimal" Description="Bill of exchange limit (in local currency)"/>
      <Column Name="KULTG" Nullable="true" DataType="decimal" Precision="3" Scale="0" NativeType="decimal" Description="Probable time until check is paid"/>
      <Column Name="REPRF" Nullable="true" DataType="varchar" Size="1" NativeType="varchar" Description="Check Flag for Double Invoices or Credit Memos"/>
      <Column Name="TOGRU" Nullable="true" DataType="varchar" Size="4" NativeType="varchar" Description="Tolerance group for the business partner/G/L account"/>
      <Column Name="HBKID" Nullable="true" DataType="varchar" Size="5" NativeType="varchar" Description="Short Key for a House Bank"/>
      <Column Name="XPORE" Nullable="true" DataType="varchar" Size="1" NativeType="varchar" Description="Indicator: Pay all items separately ?"/>
      <Column Name="QSZNR" Nullable="true" DataType="varchar" Size="10" NativeType="varchar" Description="Certificate Number of the Withholding Tax Exemption"/>
      <Column Name="QSZDT" Nullable="true" DataType="date" NativeType="date" Description="Validity Date for Withholding Tax Exemption Certificate"/>
      <Column Name="QSSKZ" Nullable="true" DataType="varchar" Size="2" NativeType="varchar" Description="Withholding Tax Code"/>
      <Column Name="BLNKZ" Nullable="true" DataType="varchar" Size="2" NativeType="varchar" Description="Subsidy indicator for determining the reduction rates"/>
      <Column Name="MINDK" Nullable="true" DataType="varchar" Size="3" NativeType="varchar" Description="Minority Indicators"/>
      <Column Name="ALTKN" Nullable="true" DataType="varchar" Size="10" NativeType="varchar" Description="Previous Master Record Number"/>
      <Column Name="ZGRUP" Nullable="true" DataType="varchar" Size="2" NativeType="varchar" Description="Key for Payment Grouping"/>
      <Column Name="MGRUP" Nullable="true" DataType="varchar" Size="2" NativeType="varchar" Description="Key for dunning notice grouping"/>
      <Column Name="UZAWE" Nullable="true" DataType="varchar" Size="2" NativeType="varchar" Description="Payment Method Supplement"/>
      <Column Name="QSREC" Nullable="true" DataType="varchar" Size="2" NativeType="varchar" Description="Vendor Recipient Type"/>
      <Column Name="QSBGR" Nullable="true" DataType="varchar" Size="1" NativeType="varchar" Description="Authority for Exemption from Withholding Tax"/>
      <Column Name="QLAND" Nullable="true" DataType="varchar" Size="3" NativeType="varchar" Description="Withholding Tax Country Key"/>
      <Column Name="XEDIP" Nullable="true" DataType="varchar" Size="1" NativeType="varchar" Description="Indicator: Send Payment Advices by EDI"/>
      <Column Name="FRGRP" Nullable="true" DataType="varchar" Size="4" NativeType="varchar" Description="Release Approval Group"/>
      <Column Name="TOGRR" Nullable="true" DataType="varchar" Size="4" NativeType="varchar" Description="Tolerance group; Invoice Verification"/>
      <Column Name="TLFXS" Nullable="true" DataType="varchar" Size="31" NativeType="varchar" Description="Accounting clerk's fax number at the customer/vendor"/>
      <Column Name="INTAD" Nullable="true" DataType="varchar" Size="130" NativeType="varchar" Description="Internet address of partner company clerk"/>
      <Column Name="XLFZB" Nullable="true" DataType="varchar" Size="1" NativeType="varchar" Description="Indicator: Alternative payee using account number"/>
      <Column Name="GUZTE" Nullable="true" DataType="varchar" Size="4" NativeType="varchar" Description="Payment Terms Key for Credit Memos"/>
      <Column Name="GRICD" Nullable="true" DataType="varchar" Size="2" NativeType="varchar" Description="Activity Code for Gross Income Tax"/>
      <Column Name="GRIDT" Nullable="true" DataType="varchar" Size="2" NativeType="varchar" Description="Distribution Type for Employment Tax"/>
      <Column Name="XAUSZ" Nullable="true" DataType="varchar" Size="1" NativeType="varchar" Description="Indicator for periodic account statements"/>
      <Column Name="CERDT" Nullable="true" DataType="date" NativeType="date" Description="Certification date"/>
      <Column Name="CONFS" Nullable="false" DataType="varchar" Size="1" NativeType="varchar" Description="Status of Change Authorization (Company Code Level)"/>
      <Column Name="UPDAT" Nullable="true" DataType="date" NativeType="date" Description="Date on Which the Changes Were Confirmed"/>
      <Column Name="UPTIM" Nullable="true" DataType="time" NativeType="time" Description="Time of Last Change Confirmation"/>
      <Column Name="NODEL" Nullable="false" DataType="varchar" Size="1" NativeType="varchar" Description="Deletion bock for master record (company code level)"/>
      <Column Name="TLFNS" Nullable="true" DataType="varchar" Size="30" NativeType="varchar" Description="Accounting clerk's telephone number at business partner"/>
      <Column Name="AVSND" Nullable="true" DataType="varchar" Size="1" NativeType="varchar" Description="Indicator: Send Payment Advice by XML"/>
      <Column Name="AD_HASH" Nullable="true" DataType="varchar" Size="10" NativeType="varchar" Description="E-Mail Address for Avis: Hash Value"/>
      <Column Name="CVP_XBLCK_B" Nullable="false" DataType="varchar" Size="1" NativeType="varchar" Description="Business Purpose Completed Flag"/>
      <Column Name="CIIUCODE" Nullable="true" DataType="numeric" Precision="4" Scale="0" NativeType="numeric" Description="Main economic activity"/>
      <Column Name="ZBOKD" Nullable="true" DataType="date" NativeType="date" Description="LEDGER MANAGEMENT EXPIRATION DATE"/>
      <Column Name="ZQSSKZ" Nullable="true" DataType="varchar" Size="2" NativeType="varchar" Description="Future Withholding tax code"/>
      <Column Name="ZQSZDT" Nullable="true" DataType="date" NativeType="date" Description="Validity date for withholding tax exemption certificate"/>
      <Column Name="ZQSZNR" Nullable="true" DataType="varchar" Size="10" NativeType="varchar" Description="Certificate number of the withholding tax exemption"/>
      <Column Name="ZMINDAT" Nullable="true" DataType="date" NativeType="date" Description="Certification date for minimum wage"/>
      <Column Name="J_SC_SUBCONTYPE" Nullable="true" DataType="varchar" Size="1" NativeType="varchar" Description="Subcontractor Type"/>
      <Column Name="J_SC_COMPDATE" Nullable="true" DataType="numeric" Precision="3" Scale="0" NativeType="numeric" Description="Completion Date Of Inspection"/>
      <Column Name="J_SC_OFFSM" Nullable="true" DataType="varchar" Size="1" NativeType="varchar" Description="Offset Method"/>
      <Column Name="J_SC_OFFSR" Nullable="true" DataType="numeric" Precision="3" Scale="0" NativeType="numeric" Description="Offset Percentage"/>
      <Column Name="BASIS_PNT" Nullable="true" DataType="decimal" Precision="6" Scale="3" NativeType="decimal" Description="Average daily basis points for purchase cards"/>
      <Column Name="GMVKZK" Nullable="true" DataType="varchar" Size="1" NativeType="varchar" Description="Vendor is in execution"/>
      <Column Name="PREPAY_RELEVANT" Nullable="true" DataType="varchar" Size="1" NativeType="varchar" Description="Prepayment Relevance (Vendor Master)"/>
      <Column Name="ASSIGN_TEST" Nullable="true" DataType="varchar" Size="4" NativeType="varchar" Description="Assignment Test Group"/>
      <PrimaryKey>
        <PrimaryKeyColumn>MANDT</PrimaryKeyColumn>
        <PrimaryKeyColumn>LIFNR</PrimaryKeyColumn>
        <PrimaryKeyColumn>BUKRS</PrimaryKeyColumn>
      </PrimaryKey>
      <TableIndex Name="PRIMARY" isPrimary="true" Unique="true">
        <IndexColumn Name="MANDT"/>
        <IndexColumn Name="LIFNR"/>
        <IndexColumn Name="BUKRS"/>
      </TableIndex>
      <TableIndex Name="001" isPrimary="false" Unique="false">
        <IndexColumn Name="CONFS"/>
        <IndexColumn Name="BUKRS"/>
      </TableIndex>
      <TableIndex Name="N" isPrimary="false" Unique="false">
        <IndexColumn Name="ALTKN"/>
        <IndexColumn Name="BUKRS"/>
      </TableIndex>
      <TableIndex Name="PER" isPrimary="false" Unique="false">
        <IndexColumn Name="PERNR"/>
      </TableIndex>
      <ForeignKey Name="ACTA_FK_3" ReferredTableKey="" ReferredTable="LFA1" ReferredTableOwner="">
        <PKFKColumn Column="LNRZB" ReferredColumn="LIFNR"/>
      </ForeignKey>
      <ForeignKey Name="ACTA_FK_2" ReferredTableKey="" ReferredTable="LFA1" ReferredTableOwner="">
        <PKFKColumn Column="LIFNR" ReferredColumn="LIFNR"/>
      </ForeignKey>
      <ForeignKey Name="ACTA_FK_22" ReferredTableKey="" ReferredTable="TZUN" ReferredTableOwner="">
        <PKFKColumn Column="ZUAWA" ReferredColumn="ZUAWA"/>
      </ForeignKey>
      <ForeignKey Name="ACTA_FK_4" ReferredTableKey="" ReferredTable="LFA1" ReferredTableOwner="">
        <PKFKColumn Column="LNRZE" ReferredColumn="LIFNR"/>
      </ForeignKey>
      <ForeignKey Name="ACTA_FK_13" ReferredTableKey="" ReferredTable="T043G" ReferredTableOwner="">
        <PKFKColumn Column="BUKRS" ReferredColumn="BUKRS"/>
        <PKFKColumn Column="TOGRU" ReferredColumn="TOGRU"/>
      </ForeignKey>
      <ForeignKey Name="ACTA_FK_6" ReferredTableKey="" ReferredTable="T001" ReferredTableOwner="">
        <PKFKColumn Column="BUKRS" ReferredColumn="BUKRS"/>
      </ForeignKey>
      <ForeignKey Name="ACTA_FK_0" ReferredTableKey="" ReferredTable="J_1ADTYP" ReferredTableOwner="-1">
        <PKFKColumn Column="BUKRS" ReferredColumn="BUKRS"/>
        <PKFKColumn Column="GRIDT" ReferredColumn="J_1ADTYP"/>
      </ForeignKey>
      <ForeignKey Name="ACTA_FK_1" ReferredTableKey="" ReferredTable="J_1AGICD" ReferredTableOwner="-1">
        <PKFKColumn Column="GRICD" ReferredColumn="J_1AGICD"/>
      </ForeignKey>
      <ForeignKey Name="ACTA_FK_5" ReferredTableKey="" ReferredTable="SKB1" ReferredTableOwner="-1">
        <PKFKColumn Column="BUKRS" ReferredColumn="BUKRS"/>
        <PKFKColumn Column="AKONT" ReferredColumn="SAKNR"/>
      </ForeignKey>
      <ForeignKey Name="ACTA_FK_7" ReferredTableKey="" ReferredTable="T001S" ReferredTableOwner="-1">
        <PKFKColumn Column="BUKRS" ReferredColumn="BUKRS"/>
        <PKFKColumn Column="BUSAB" ReferredColumn="BUSAB"/>
      </ForeignKey>
      <ForeignKey Name="ACTA_FK_8" ReferredTableKey="" ReferredTable="T005Q" ReferredTableOwner="-1">
        <PKFKColumn Column="QLAND" ReferredColumn="QLAND"/>
      </ForeignKey>
      <ForeignKey Name="ACTA_FK_9" ReferredTableKey="" ReferredTable="T008" ReferredTableOwner="-1">
        <PKFKColumn Column="ZAHLS" ReferredColumn="ZAHLS"/>
      </ForeignKey>
      <ForeignKey Name="ACTA_FK_10" ReferredTableKey="" ReferredTable="T012" ReferredTableOwner="-1">
        <PKFKColumn Column="BUKRS" ReferredColumn="BUKRS"/>
        <PKFKColumn Column="HBKID" ReferredColumn="HBKID"/>
      </ForeignKey>
      <ForeignKey Name="ACTA_FK_11" ReferredTableKey="" ReferredTable="T035" ReferredTableOwner="-1">
        <PKFKColumn Column="FDGRV" ReferredColumn="GRUPP"/>
      </ForeignKey>
      <ForeignKey Name="ACTA_FK_12" ReferredTableKey="" ReferredTable="T042F" ReferredTableOwner="-1">
        <PKFKColumn Column="UZAWE" ReferredColumn="UZAWE"/>
      </ForeignKey>
      <ForeignKey Name="ACTA_FK_14" ReferredTableKey="" ReferredTable="T047R" ReferredTableOwner="-1">
        <PKFKColumn Column="MGRUP" ReferredColumn="MGRUP"/>
      </ForeignKey>
      <ForeignKey Name="ACTA_FK_15" ReferredTableKey="" ReferredTable="T048K" ReferredTableOwner="-1">
        <PKFKColumn Column="XAUSZ" ReferredColumn="XAUSZ"/>
      </ForeignKey>
      <ForeignKey Name="ACTA_FK_16" ReferredTableKey="" ReferredTable="T056" ReferredTableOwner="-1">
        <PKFKColumn Column="VZSKZ" ReferredColumn="VZSKZ"/>
      </ForeignKey>
      <ForeignKey Name="ACTA_FK_17" ReferredTableKey="" ReferredTable="T059A" ReferredTableOwner="-1">
        <PKFKColumn Column="QSREC" ReferredColumn="QSREC"/>
      </ForeignKey>
      <ForeignKey Name="ACTA_FK_18" ReferredTableKey="" ReferredTable="T059M" ReferredTableOwner="-1">
        <PKFKColumn Column="MINDK" ReferredColumn="MINDK"/>
      </ForeignKey>
      <ForeignKey Name="ACTA_FK_19" ReferredTableKey="" ReferredTable="T059Q" ReferredTableOwner="-1">
        <PKFKColumn Column="ZQSSKZ" ReferredColumn="QSSKZ"/>
      </ForeignKey>
      <ForeignKey Name="ACTA_FK_20" ReferredTableKey="" ReferredTable="T169L" ReferredTableOwner="-1">
        <PKFKColumn Column="BUKRS" ReferredColumn="BUKRS"/>
        <PKFKColumn Column="TOGRR" ReferredColumn="TOGRR"/>
      </ForeignKey>
      <ForeignKey Name="ACTA_FK_21" ReferredTableKey="" ReferredTable="TZGR" ReferredTableOwner="-1">
        <PKFKColumn Column="ZGRUP" ReferredColumn="ZGRUP"/>
      </ForeignKey>
      <ForeignKey Name="ACTA_FK_23" ReferredTableKey="" ReferredTable="VBWF08" ReferredTableOwner="-1">
        <PKFKColumn Column="FRGRP" ReferredColumn="FRGRP"/>
      </ForeignKey>
      <ForeignKey Name="ACTA_FK_24" ReferredTableKey="" ReferredTable="WRF_ASSIGN_GRP" ReferredTableOwner="-1">
        <PKFKColumn Column="ASSIGN_TEST" ReferredColumn="ASSIGN_GROUP"/>
      </ForeignKey>
    </Table>
  </MetadataObjects>
  <Status>
    <StatusCode>SUCCESS</StatusCode>
  </Status>
</MetadataReply>