<MetadataReply xmlns="http://www.sap.com/DataServices/DataServicesXSD">
  <ID>7450</ID>
  <MetadataObjects>
    <Table Name="T024E" Owner="" Description="Purchasing Organizations">
      <Attributes>
        <Attribute Name="SAP_Table_Class" Value="1"/>
        <Attribute Name="SAP_Table_Class_Name" Value="transparent"/>
        <Attribute Name="sap_row_size" Value="326"/>
        <Attribute Name="sap_table_size_category" Value="0"/>
        <Attribute Name="sap_table_type" Value="Transparent Table"/>
      </Attributes>
      <Column Name="MANDT" Nullable="false" DataType="varchar" Size="3" NativeType="varchar" Description="Client"/>
      <Column Name="EKORG" Nullable="false" DataType="varchar" Size="4" NativeType="varchar" Description="Purchasing Organization"/>
      <Column Name="EKOTX" Nullable="true" DataType="varchar" Size="20" NativeType="varchar" Description="Description of Purchasing Organization"/>
      <Column Name="BUKRS" Nullable="true" DataType="varchar" Size="4" NativeType="varchar" Description="Company Code"/>
      <Column Name="TXADR" Nullable="true" DataType="varchar" Size="70" NativeType="varchar" Description="Text Name: Sender Line"/>
      <Column Name="TXKOP" Nullable="true" DataType="varchar" Size="70" NativeType="varchar" Description="Text Name: Letter Heading"/>
      <Column Name="TXFUS" Nullable="true" DataType="varchar" Size="70" NativeType="varchar" Description="Text Name: Footer Lines"/>
      <Column Name="TXGRU" Nullable="true" DataType="varchar" Size="70" NativeType="varchar" Description="Text Name: Complimentary Close"/>
      <Column Name="KALSE" Nullable="true" DataType="varchar" Size="4" NativeType="varchar" Description="Group for Calculation Schema (Purchasing Organization)"/>
      <Column Name="MKALS" Nullable="true" DataType="varchar" Size="6" NativeType="varchar" Description="Calculation Schema for Market Price"/>
      <Column Name="BPEFF" Nullable="true" DataType="varchar" Size="1" NativeType="varchar" Description="Effective Price"/>
      <Column Name="BUKRS_NTR" Nullable="true" DataType="varchar" Size="4" NativeType="varchar" Description="Company code for subsequent settlement at plant level"/>
      <PrimaryKey>
        <PrimaryKeyColumn>MANDT</PrimaryKeyColumn>
        <PrimaryKeyColumn>EKORG</PrimaryKeyColumn>
      </PrimaryKey>
      <TableIndex Name="PRIMARY" isPrimary="true" Unique="true">
        <IndexColumn Name="MANDT"/>
        <IndexColumn Name="EKORG"/>
      </TableIndex>
      <ForeignKey Name="ACTA_FK_1" ReferredTableKey="" ReferredTable="T001" ReferredTableOwner="">
        <PKFKColumn Column="BUKRS_NTR" ReferredColumn="BUKRS"/>
      </ForeignKey>
      <ForeignKey Name="ACTA_FK_0" ReferredTableKey="" ReferredTable="T001" ReferredTableOwner="">
        <PKFKColumn Column="BUKRS" ReferredColumn="BUKRS"/>
      </ForeignKey>
      <ForeignKey Name="ACTA_FK_2" ReferredTableKey="" ReferredTable="T683" ReferredTableOwner="-1">
        <PKFKColumn Column="MKALS" ReferredColumn="KALSM"/>
      </ForeignKey>
      <ForeignKey Name="ACTA_FK_3" ReferredTableKey="" ReferredTable="TMKE" ReferredTableOwner="-1">
        <PKFKColumn Column="KALSE" ReferredColumn="KALSE"/>
      </ForeignKey>
    </Table>
  </MetadataObjects>
  <Status>
    <StatusCode>SUCCESS</StatusCode>
  </Status>
</MetadataReply>