<MetadataReply xmlns="http://www.sap.com/DataServices/DataServicesXSD">
  <ID>7474</ID>
  <MetadataObjects>
    <Table Name="ADRC" Owner="" Description="Addresses (Business Address Services)">
      <Attributes>
        <Attribute Name="SAP_Table_Class" Value="1"/>
        <Attribute Name="SAP_Table_Class_Name" Value="transparent"/>
        <Attribute Name="sap_row_size" Value="1506"/>
        <Attribute Name="sap_table_size_category" Value="4"/>
        <Attribute Name="sap_table_type" Value="Transparent Table"/>
      </Attributes>
      <Column Name="CLIENT" Nullable="false" DataType="varchar" Size="3" NativeType="varchar" Description="Client"/>
      <Column Name="ADDRNUMBER" Nullable="false" DataType="varchar" Size="10" NativeType="varchar" Description="Address number"/>
      <Column Name="DATE_FROM" Nullable="false" DataType="date" NativeType="date" Description="Valid-from date - in current Release only 00010101 possible"/>
      <Column Name="NATION" Nullable="false" DataType="varchar" Size="1" NativeType="varchar" Description="Version ID for International Addresses"/>
      <Column Name="DATE_TO" Nullable="false" DataType="date" NativeType="date" Description="Valid-to date in current Release only 99991231 possible"/>
      <Column Name="TITLE" Nullable="false" DataType="varchar" Size="4" NativeType="varchar" Description="Form-of-Address Key">
        <Attributes>
          <Attribute Name="Content_Type" Value="TITLE"/>
        </Attributes>
      </Column>
      <Column Name="NAME1" Nullable="false" DataType="varchar" Size="40" NativeType="varchar" Description="Name 1"/>
      <Column Name="NAME2" Nullable="false" DataType="varchar" Size="40" NativeType="varchar" Description="Name 2"/>
      <Column Name="NAME3" Nullable="false" DataType="varchar" Size="40" NativeType="varchar" Description="Name 3"/>
      <Column Name="NAME4" Nullable="false" DataType="varchar" Size="40" NativeType="varchar" Description="Name 4"/>
      <Column Name="NAME_TEXT" Nullable="true" DataType="varchar" Size="50" NativeType="varchar" Description="Converted name field (with form of address)"/>
      <Column Name="NAME_CO" Nullable="false" DataType="varchar" Size="40" NativeType="varchar" Description="c/o name"/>
      <Column Name="CITY1" Nullable="false" DataType="varchar" Size="40" NativeType="varchar" Description="City"/>
      <Column Name="CITY2" Nullable="false" DataType="varchar" Size="40" NativeType="varchar" Description="District"/>
      <Column Name="CITY_CODE" Nullable="false" DataType="varchar" Size="12" NativeType="varchar" Description="City code for city/street file"/>
      <Column Name="CITYP_CODE" Nullable="true" DataType="varchar" Size="8" NativeType="varchar" Description="District code for City and Street file"/>
      <Column Name="HOME_CITY" Nullable="true" DataType="varchar" Size="40" NativeType="varchar" Description="City (different from postal city)"/>
      <Column Name="CITYH_CODE" Nullable="true" DataType="varchar" Size="12" NativeType="varchar" Description="Different city for city/street file"/>
      <Column Name="CHCKSTATUS" Nullable="true" DataType="varchar" Size="1" NativeType="varchar" Description="City file test status"/>
      <Column Name="REGIOGROUP" Nullable="true" DataType="varchar" Size="8" NativeType="varchar" Description="Regional structure grouping"/>
      <Column Name="POST_CODE1" Nullable="false" DataType="varchar" Size="10" NativeType="varchar" Description="City postal code"/>
      <Column Name="POST_CODE2" Nullable="false" DataType="varchar" Size="10" NativeType="varchar" Description="PO Box Postal Code"/>
      <Column Name="POST_CODE3" Nullable="false" DataType="varchar" Size="10" NativeType="varchar" Description="Company Postal Code (for Large Customers)"/>
      <Column Name="PCODE1_EXT" Nullable="true" DataType="varchar" Size="10" NativeType="varchar" Description="(Not Supported)City Postal Code Extension, e.g. ZIP+4+2 Code"/>
      <Column Name="PCODE2_EXT" Nullable="true" DataType="varchar" Size="10" NativeType="varchar" Description="(Not Supported) PO Box Postal Code Extension"/>
      <Column Name="PCODE3_EXT" Nullable="true" DataType="varchar" Size="10" NativeType="varchar" Description="(Not Supported) Major Customer Postal Code Extension"/>
      <Column Name="PO_BOX" Nullable="false" DataType="varchar" Size="10" NativeType="varchar" Description="PO Box"/>
      <Column Name="DONT_USE_P" Nullable="true" DataType="varchar" Size="4" NativeType="varchar" Description="PO Box Address Undeliverable Flag"/>
      <Column Name="PO_BOX_NUM" Nullable="true" DataType="varchar" Size="1" NativeType="varchar" Description="Flag: PO Box Without Number"/>
      <Column Name="PO_BOX_LOC" Nullable="false" DataType="varchar" Size="40" NativeType="varchar" Description="PO Box city"/>
      <Column Name="CITY_CODE2" Nullable="true" DataType="varchar" Size="12" NativeType="varchar" Description="City PO box code (City file)"/>
      <Column Name="PO_BOX_REG" Nullable="true" DataType="varchar" Size="3" NativeType="varchar" Description="Region for PO Box (Country, State, Province, ...)"/>
      <Column Name="PO_BOX_CTY" Nullable="true" DataType="varchar" Size="3" NativeType="varchar" Description="PO box country"/>
      <Column Name="POSTALAREA" Nullable="false" DataType="varchar" Size="15" NativeType="varchar" Description="(Not Supported) Post Delivery District"/>
      <Column Name="TRANSPZONE" Nullable="false" DataType="varchar" Size="10" NativeType="varchar" Description="Transportation zone to or from which the goods are delivered"/>
      <Column Name="STREET" Nullable="false" DataType="varchar" Size="60" NativeType="varchar" Description="Street"/>
      <Column Name="DONT_USE_S" Nullable="true" DataType="varchar" Size="4" NativeType="varchar" Description="Street Address Undeliverable Flag"/>
      <Column Name="STREETCODE" Nullable="false" DataType="varchar" Size="12" NativeType="varchar" Description="Street Number for City/Street File"/>
      <Column Name="STREETABBR" Nullable="false" DataType="varchar" Size="2" NativeType="varchar" Description="(Not Supported) Abbreviation of Street Name"/>
      <Column Name="HOUSE_NUM1" Nullable="false" DataType="varchar" Size="10" NativeType="varchar" Description="House Number"/>
      <Column Name="HOUSE_NUM2" Nullable="false" DataType="varchar" Size="10" NativeType="varchar" Description="House number supplement"/>
      <Column Name="HOUSE_NUM3" Nullable="false" DataType="varchar" Size="10" NativeType="varchar" Description="(Not supported) House Number Range"/>
      <Column Name="STR_SUPPL1" Nullable="false" DataType="varchar" Size="40" NativeType="varchar" Description="Street 2"/>
      <Column Name="STR_SUPPL2" Nullable="false" DataType="varchar" Size="40" NativeType="varchar" Description="Street 3"/>
      <Column Name="STR_SUPPL3" Nullable="true" DataType="varchar" Size="40" NativeType="varchar" Description="Street 4"/>
      <Column Name="LOCATION" Nullable="false" DataType="varchar" Size="40" NativeType="varchar" Description="Street 5"/>
      <Column Name="BUILDING" Nullable="false" DataType="varchar" Size="20" NativeType="varchar" Description="Building (Number or Code)"/>
      <Column Name="FLOOR" Nullable="false" DataType="varchar" Size="10" NativeType="varchar" Description="Floor in building"/>
      <Column Name="ROOMNUMBER" Nullable="false" DataType="varchar" Size="10" NativeType="varchar" Description="Room or Appartment Number"/>
      <Column Name="COUNTRY" Nullable="false" DataType="varchar" Size="3" NativeType="varchar" Description="Country Key">
        <Attributes>
          <Attribute Name="Content_Type" Value="COUNTRY"/>
        </Attributes>
      </Column>
      <Column Name="LANGU" Nullable="false" DataType="varchar" Size="1" NativeType="varchar" Description="Language Key"/>
      <Column Name="REGION" Nullable="false" DataType="varchar" Size="3" NativeType="varchar" Description="Region (State, Province, County)">
        <Attributes>
          <Attribute Name="Content_Type" Value="REGION"/>
        </Attributes>
      </Column>
      <Column Name="ADDR_GROUP" Nullable="false" DataType="varchar" Size="4" NativeType="varchar" Description="Address Group (Key) (Business Address Services)"/>
      <Column Name="FLAGGROUPS" Nullable="true" DataType="varchar" Size="1" NativeType="varchar" Description="Flag: There are more address group assignments"/>
      <Column Name="PERS_ADDR" Nullable="false" DataType="varchar" Size="1" NativeType="varchar" Description="Flag: This is a personal address"/>
      <Column Name="SORT1" Nullable="false" DataType="varchar" Size="20" NativeType="varchar" Description="Search Term 1"/>
      <Column Name="SORT2" Nullable="false" DataType="varchar" Size="20" NativeType="varchar" Description="Search Term 2"/>
      <Column Name="SORT_PHN" Nullable="false" DataType="varchar" Size="20" NativeType="varchar" Description="(Not Supported) Phonetic Search Sort Field"/>
      <Column Name="DEFLT_COMM" Nullable="false" DataType="varchar" Size="3" NativeType="varchar" Description="Communication Method (Key) (Business Address Services)"/>
      <Column Name="TEL_NUMBER" Nullable="false" DataType="varchar" Size="30" NativeType="varchar" Description="First telephone no.: dialling code+number"/>
      <Column Name="TEL_EXTENS" Nullable="false" DataType="varchar" Size="10" NativeType="varchar" Description="First Telephone No.: Extension"/>
      <Column Name="FAX_NUMBER" Nullable="false" DataType="varchar" Size="30" NativeType="varchar" Description="First fax no.: dialling code+number"/>
      <Column Name="FAX_EXTENS" Nullable="false" DataType="varchar" Size="10" NativeType="varchar" Description="First fax no.: extension"/>
      <Column Name="FLAGCOMM2" Nullable="false" DataType="varchar" Size="1" NativeType="varchar" Description="Flag: Telephone number(s) maintained"/>
      <Column Name="FLAGCOMM3" Nullable="false" DataType="varchar" Size="1" NativeType="varchar" Description="Flag: Fax number(s) maintained"/>
      <Column Name="FLAGCOMM4" Nullable="false" DataType="varchar" Size="1" NativeType="varchar" Description="Flag: Teletex number(s) maintained"/>
      <Column Name="FLAGCOMM5" Nullable="false" DataType="varchar" Size="1" NativeType="varchar" Description="Flag: Telex number(s) maintained"/>
      <Column Name="FLAGCOMM6" Nullable="false" DataType="varchar" Size="1" NativeType="varchar" Description="Indicator: E-Mail Address(es) Maintained"/>
      <Column Name="FLAGCOMM7" Nullable="false" DataType="varchar" Size="1" NativeType="varchar" Description="Flag: RML (remote mail) addresse(s) maintained"/>
      <Column Name="FLAGCOMM8" Nullable="false" DataType="varchar" Size="1" NativeType="varchar" Description="Flag: X.400 addresse(s) maintained"/>
      <Column Name="FLAGCOMM9" Nullable="false" DataType="varchar" Size="1" NativeType="varchar" Description="Flag: RFC destination(s) maintained"/>
      <Column Name="FLAGCOMM10" Nullable="true" DataType="varchar" Size="1" NativeType="varchar" Description="Flag: Printer maintained"/>
      <Column Name="FLAGCOMM11" Nullable="true" DataType="varchar" Size="1" NativeType="varchar" Description="Flag: SSF maintained"/>
      <Column Name="FLAGCOMM12" Nullable="true" DataType="varchar" Size="1" NativeType="varchar" Description="Flag: URI/FTP address maintained"/>
      <Column Name="FLAGCOMM13" Nullable="true" DataType="varchar" Size="1" NativeType="varchar" Description="Flag: Pager address maintained"/>
      <Column Name="ADDRORIGIN" Nullable="false" DataType="varchar" Size="4" NativeType="varchar" Description="(Not Supported) Address Data Source (Key)"/>
      <Column Name="MC_NAME1" Nullable="false" DataType="varchar" Size="25" NativeType="varchar" Description="Name (field NAME1) in upper case for matchcode"/>
      <Column Name="MC_CITY1" Nullable="false" DataType="varchar" Size="25" NativeType="varchar" Description="City name in upper case for search help"/>
      <Column Name="MC_STREET" Nullable="false" DataType="varchar" Size="25" NativeType="varchar" Description="Street name in upper case for search help"/>
      <Column Name="EXTENSION1" Nullable="false" DataType="varchar" Size="40" NativeType="varchar" Description="Extension (only for data conversion) (e.g. data line)"/>
      <Column Name="EXTENSION2" Nullable="false" DataType="varchar" Size="40" NativeType="varchar" Description="Extension (only for data conversion) (e.g. telebox)"/>
      <Column Name="TIME_ZONE" Nullable="false" DataType="varchar" Size="6" NativeType="varchar" Description="Address time zone"/>
      <Column Name="TAXJURCODE" Nullable="false" DataType="varchar" Size="15" NativeType="varchar" Description="Tax Jurisdiction"/>
      <Column Name="ADDRESS_ID" Nullable="true" DataType="varchar" Size="10" NativeType="varchar" Description="(Not supported) Physical address ID"/>
      <Column Name="LANGU_CREA" Nullable="true" DataType="varchar" Size="1" NativeType="varchar" Description="Address record creation original language"/>
      <Column Name="ADRC_UUID" Nullable="true" DataType="varchar" Size="32" NativeType="varchar" Description="UUID Used in the Address"/>
      <Column Name="UUID_BELATED" Nullable="true" DataType="varchar" Size="1" NativeType="varchar" Description="Indicator: UUID was generated later"/>
      <Column Name="ID_CATEGORY" Nullable="true" DataType="varchar" Size="1" NativeType="varchar" Description="Category of an Address ID"/>
      <Column Name="ADRC_ERR_STATUS" Nullable="true" DataType="varchar" Size="1" NativeType="varchar" Description="Error Status of Address"/>
      <Column Name="PO_BOX_LOBBY" Nullable="true" DataType="varchar" Size="40" NativeType="varchar" Description="PO Box Lobby"/>
      <Column Name="DELI_SERV_TYPE" Nullable="true" DataType="varchar" Size="4" NativeType="varchar" Description="Type of Delivery Service"/>
      <Column Name="DELI_SERV_NUMBER" Nullable="true" DataType="varchar" Size="10" NativeType="varchar" Description="Number of Delivery Service"/>
      <Column Name="COUNTY_CODE" Nullable="true" DataType="varchar" Size="8" NativeType="varchar" Description="County code for county"/>
      <Column Name="COUNTY" Nullable="true" DataType="varchar" Size="40" NativeType="varchar" Description="County"/>
      <Column Name="TOWNSHIP_CODE" Nullable="true" DataType="varchar" Size="8" NativeType="varchar" Description="Township code for Township"/>
      <Column Name="TOWNSHIP" Nullable="true" DataType="varchar" Size="40" NativeType="varchar" Description="Township"/>
      <Column Name="MC_COUNTY" Nullable="true" DataType="varchar" Size="25" NativeType="varchar" Description="County name in upper case for search help"/>
      <Column Name="MC_TOWNSHIP" Nullable="true" DataType="varchar" Size="25" NativeType="varchar" Description="Township name in upper case for search help"/>
      <Column Name="XPCPT" Nullable="true" DataType="varchar" Size="1" NativeType="varchar" Description="Business Purpose Completed Flag"/>
      <PrimaryKey>
        <PrimaryKeyColumn>CLIENT</PrimaryKeyColumn>
        <PrimaryKeyColumn>ADDRNUMBER</PrimaryKeyColumn>
        <PrimaryKeyColumn>DATE_FROM</PrimaryKeyColumn>
        <PrimaryKeyColumn>NATION</PrimaryKeyColumn>
      </PrimaryKey>
      <TableIndex Name="PRIMARY" isPrimary="true" Unique="true">
        <IndexColumn Name="CLIENT"/>
        <IndexColumn Name="ADDRNUMBER"/>
        <IndexColumn Name="DATE_FROM"/>
        <IndexColumn Name="NATION"/>
      </TableIndex>
      <TableIndex Name="G" isPrimary="false" Unique="false">
        <IndexColumn Name="CLIENT"/>
        <IndexColumn Name="ADDR_GROUP"/>
        <IndexColumn Name="SORT1"/>
      </TableIndex>
      <TableIndex Name="I01" isPrimary="false" Unique="false">
        <IndexColumn Name="MC_NAME1"/>
      </TableIndex>
      <TableIndex Name="I02" isPrimary="false" Unique="false">
        <IndexColumn Name="NAME2"/>
      </TableIndex>
      <TableIndex Name="I03" isPrimary="false" Unique="false">
        <IndexColumn Name="MC_CITY1"/>
      </TableIndex>
      <TableIndex Name="I05" isPrimary="false" Unique="false">
        <IndexColumn Name="POST_CODE1"/>
      </TableIndex>
      <TableIndex Name="I09" isPrimary="false" Unique="false">
        <IndexColumn Name="MC_STREET"/>
      </TableIndex>
      <TableIndex Name="I10" isPrimary="false" Unique="false">
        <IndexColumn Name="CLIENT"/>
        <IndexColumn Name="ADRC_UUID"/>
      </TableIndex>
      <TableIndex Name="I11" isPrimary="false" Unique="false">
        <IndexColumn Name="COUNTRY"/>
      </TableIndex>
      <TableIndex Name="I13" isPrimary="false" Unique="false">
        <IndexColumn Name="SORT1"/>
      </TableIndex>
      <TableIndex Name="I14" isPrimary="false" Unique="false">
        <IndexColumn Name="SORT2"/>
      </TableIndex>
      <ForeignKey Name="ACTA_FK_10" ReferredTableKey="" ReferredTable="T005" ReferredTableOwner="">
        <PKFKColumn Column="CLIENT" ReferredColumn="MANDT"/>
        <PKFKColumn Column="COUNTRY" ReferredColumn="LAND1"/>
      </ForeignKey>
      <ForeignKey Name="ACTA_FK_11" ReferredTableKey="" ReferredTable="T005" ReferredTableOwner="">
        <PKFKColumn Column="CLIENT" ReferredColumn="MANDT"/>
        <PKFKColumn Column="PO_BOX_CTY" ReferredColumn="LAND1"/>
      </ForeignKey>
      <ForeignKey Name="ACTA_FK_0" ReferredTableKey="" ReferredTable="ADDRC_DELI_SERV" ReferredTableOwner="-1">
        <PKFKColumn Column="CLIENT" ReferredColumn="CLIENT"/>
        <PKFKColumn Column="DELI_SERV_TYPE" ReferredColumn="DELI_SERV_TYPE"/>
      </ForeignKey>
      <ForeignKey Name="ACTA_FK_1" ReferredTableKey="" ReferredTable="ADRCITY" ReferredTableOwner="-1">
        <PKFKColumn Column="CLIENT" ReferredColumn="CLIENT"/>
        <PKFKColumn Column="COUNTRY" ReferredColumn="COUNTRY"/>
        <PKFKColumn Column="CITYH_CODE" ReferredColumn="CITY_CODE"/>
      </ForeignKey>
      <ForeignKey Name="ACTA_FK_2" ReferredTableKey="" ReferredTable="ADRCITY" ReferredTableOwner="-1">
        <PKFKColumn Column="CLIENT" ReferredColumn="CLIENT"/>
        <PKFKColumn Column="COUNTRY" ReferredColumn="COUNTRY"/>
        <PKFKColumn Column="CITY_CODE" ReferredColumn="CITY_CODE"/>
      </ForeignKey>
      <ForeignKey Name="ACTA_FK_3" ReferredTableKey="" ReferredTable="ADRCITY" ReferredTableOwner="-1">
        <PKFKColumn Column="CLIENT" ReferredColumn="CLIENT"/>
        <PKFKColumn Column="CITY_CODE2" ReferredColumn="CITY_CODE"/>
      </ForeignKey>
      <ForeignKey Name="ACTA_FK_4" ReferredTableKey="" ReferredTable="ADRCITYPRT" ReferredTableOwner="-1">
        <PKFKColumn Column="CLIENT" ReferredColumn="CLIENT"/>
        <PKFKColumn Column="COUNTRY" ReferredColumn="COUNTRY"/>
        <PKFKColumn Column="CITY_CODE" ReferredColumn="CITY_CODE"/>
        <PKFKColumn Column="CITYP_CODE" ReferredColumn="CITYP_CODE"/>
      </ForeignKey>
      <ForeignKey Name="ACTA_FK_5" ReferredTableKey="" ReferredTable="ADRREGGRP" ReferredTableOwner="-1">
        <PKFKColumn Column="CLIENT" ReferredColumn="CLIENT"/>
        <PKFKColumn Column="REGIOGROUP" ReferredColumn="REGIOGROUP"/>
      </ForeignKey>
      <ForeignKey Name="ACTA_FK_6" ReferredTableKey="" ReferredTable="ADRSTREET" ReferredTableOwner="-1">
        <PKFKColumn Column="CLIENT" ReferredColumn="CLIENT"/>
        <PKFKColumn Column="COUNTRY" ReferredColumn="COUNTRY"/>
        <PKFKColumn Column="STREETCODE" ReferredColumn="STRT_CODE"/>
      </ForeignKey>
      <ForeignKey Name="ACTA_FK_7" ReferredTableKey="" ReferredTable="ADRSTRTYPE" ReferredTableOwner="-1">
        <PKFKColumn Column="CLIENT" ReferredColumn="CLIENT"/>
        <PKFKColumn Column="COUNTRY" ReferredColumn="COUNTRY"/>
        <PKFKColumn Column="STREETABBR" ReferredColumn="STRTYPEAB"/>
      </ForeignKey>
      <ForeignKey Name="ACTA_FK_8" ReferredTableKey="" ReferredTable="T000" ReferredTableOwner="-1">
        <PKFKColumn Column="CLIENT" ReferredColumn="MANDT"/>
      </ForeignKey>
      <ForeignKey Name="ACTA_FK_9" ReferredTableKey="" ReferredTable="T002" ReferredTableOwner="-1">
        <PKFKColumn Column="LANGU" ReferredColumn="SPRAS"/>
      </ForeignKey>
      <ForeignKey Name="ACTA_FK_12" ReferredTableKey="" ReferredTable="T005S" ReferredTableOwner="-1">
        <PKFKColumn Column="CLIENT" ReferredColumn="MANDT"/>
        <PKFKColumn Column="PO_BOX_CTY" ReferredColumn="LAND1"/>
        <PKFKColumn Column="PO_BOX_REG" ReferredColumn="BLAND"/>
      </ForeignKey>
      <ForeignKey Name="ACTA_FK_13" ReferredTableKey="" ReferredTable="T005S" ReferredTableOwner="-1">
        <PKFKColumn Column="CLIENT" ReferredColumn="MANDT"/>
        <PKFKColumn Column="COUNTRY" ReferredColumn="LAND1"/>
        <PKFKColumn Column="REGION" ReferredColumn="BLAND"/>
      </ForeignKey>
      <ForeignKey Name="ACTA_FK_14" ReferredTableKey="" ReferredTable="TSAC" ReferredTableOwner="-1">
        <PKFKColumn Column="DEFLT_COMM" ReferredColumn="COMM_TYPE"/>
      </ForeignKey>
      <ForeignKey Name="ACTA_FK_15" ReferredTableKey="" ReferredTable="TSAD12" ReferredTableOwner="-1">
        <PKFKColumn Column="CLIENT" ReferredColumn="CLIENT"/>
        <PKFKColumn Column="DONT_USE_P" ReferredColumn="UNDELIVER"/>
      </ForeignKey>
      <ForeignKey Name="ACTA_FK_16" ReferredTableKey="" ReferredTable="TSAD12" ReferredTableOwner="-1">
        <PKFKColumn Column="CLIENT" ReferredColumn="CLIENT"/>
        <PKFKColumn Column="DONT_USE_S" ReferredColumn="UNDELIVER"/>
      </ForeignKey>
      <ForeignKey Name="ACTA_FK_17" ReferredTableKey="" ReferredTable="TSAD3" ReferredTableOwner="-1">
        <PKFKColumn Column="CLIENT" ReferredColumn="CLIENT"/>
        <PKFKColumn Column="TITLE" ReferredColumn="TITLE"/>
      </ForeignKey>
      <ForeignKey Name="ACTA_FK_18" ReferredTableKey="" ReferredTable="TSAD6" ReferredTableOwner="-1">
        <PKFKColumn Column="CLIENT" ReferredColumn="CLIENT"/>
        <PKFKColumn Column="ADDRORIGIN" ReferredColumn="ORIGIN"/>
      </ForeignKey>
      <ForeignKey Name="ACTA_FK_19" ReferredTableKey="" ReferredTable="TSAD7" ReferredTableOwner="-1">
        <PKFKColumn Column="ADDR_GROUP" ReferredColumn="ADDR_GROUP"/>
      </ForeignKey>
      <ForeignKey Name="ACTA_FK_20" ReferredTableKey="" ReferredTable="TSADV" ReferredTableOwner="-1">
        <PKFKColumn Column="NATION" ReferredColumn="NATION"/>
      </ForeignKey>
      <ForeignKey Name="ACTA_FK_21" ReferredTableKey="" ReferredTable="TTZZ" ReferredTableOwner="-1">
        <PKFKColumn Column="CLIENT" ReferredColumn="CLIENT"/>
        <PKFKColumn Column="TIME_ZONE" ReferredColumn="TZONE"/>
      </ForeignKey>
      <ForeignKey Name="ACTA_FK_22" ReferredTableKey="" ReferredTable="TZONE" ReferredTableOwner="-1">
        <PKFKColumn Column="CLIENT" ReferredColumn="MANDT"/>
        <PKFKColumn Column="COUNTRY" ReferredColumn="LAND1"/>
        <PKFKColumn Column="TRANSPZONE" ReferredColumn="ZONE1"/>
      </ForeignKey>
    </Table>
  </MetadataObjects>
  <Status>
    <StatusCode>SUCCESS</StatusCode>
  </Status>
</MetadataReply>