<MetadataReply xmlns="http://www.sap.com/DataServices/DataServicesXSD">
  <ID>7425</ID>
  <MetadataObjects>
    <Table Name="LFM1" Owner="" Description="Vendor master record purchasing organization data">
      <Attributes>
        <Attribute Name="SAP_Table_Class" Value="1"/>
        <Attribute Name="SAP_Table_Class_Name" Value="transparent"/>
        <Attribute Name="sap_row_size" Value="241"/>
        <Attribute Name="sap_table_size_category" Value="2"/>
        <Attribute Name="sap_table_type" Value="Transparent Table"/>
      </Attributes>
      <Column Name="MANDT" Nullable="false" DataType="varchar" Size="3" NativeType="varchar" Description="Client"/>
      <Column Name="LIFNR" Nullable="false" DataType="varchar" Size="10" NativeType="varchar" Description="Vendor Account Number"/>
      <Column Name="EKORG" Nullable="false" DataType="varchar" Size="4" NativeType="varchar" Description="Purchasing Organization"/>
      <Column Name="ERDAT" Nullable="true" DataType="date" NativeType="date" Description="Date on Which Record Was Created"/>
      <Column Name="ERNAM" Nullable="true" DataType="varchar" Size="12" NativeType="varchar" Description="Name of Person who Created the Object"/>
      <Column Name="SPERM" Nullable="true" DataType="varchar" Size="1" NativeType="varchar" Description="Purchasing block at purchasing organization level"/>
      <Column Name="LOEVM" Nullable="true" DataType="varchar" Size="1" NativeType="varchar" Description="Delete flag for vendor at purchasing level"/>
      <Column Name="LFABC" Nullable="true" DataType="varchar" Size="1" NativeType="varchar" Description="ABC indicator"/>
      <Column Name="WAERS" Nullable="true" DataType="varchar" Size="5" NativeType="varchar" Description="Purchase order currency"/>
      <Column Name="VERKF" Nullable="true" DataType="varchar" Size="30" NativeType="varchar" Description="Responsible Salesperson at Vendor's Office"/>
      <Column Name="TELF1" Nullable="true" DataType="varchar" Size="16" NativeType="varchar" Description="Vendor's telephone number"/>
      <Column Name="MINBW" Nullable="true" DataType="decimal" Precision="13" Scale="2" NativeType="decimal" Description="Minimum order value"/>
      <Column Name="ZTERM" Nullable="true" DataType="varchar" Size="4" NativeType="varchar" Description="Terms of Payment Key"/>
      <Column Name="INCO1" Nullable="true" DataType="varchar" Size="3" NativeType="varchar" Description="Incoterms (Part 1)"/>
      <Column Name="INCO2" Nullable="true" DataType="varchar" Size="28" NativeType="varchar" Description="Incoterms (Part 2)"/>
      <Column Name="WEBRE" Nullable="true" DataType="varchar" Size="1" NativeType="varchar" Description="Indicator: GR-Based Invoice Verification"/>
      <Column Name="KZABS" Nullable="true" DataType="varchar" Size="1" NativeType="varchar" Description="Order Acknowledgment Requirement"/>
      <Column Name="KALSK" Nullable="true" DataType="varchar" Size="2" NativeType="varchar" Description="Group for Calculation Schema (Vendor)"/>
      <Column Name="KZAUT" Nullable="true" DataType="varchar" Size="1" NativeType="varchar" Description="Automatic Generation of Purchase Order Allowed"/>
      <Column Name="EXPVZ" Nullable="true" DataType="varchar" Size="1" NativeType="varchar" Description="Mode of Transport for Foreign Trade"/>
      <Column Name="ZOLLA" Nullable="true" DataType="varchar" Size="6" NativeType="varchar" Description="Customs Office: Office of Exit/Entry for Foreign Trade"/>
      <Column Name="MEPRF" Nullable="true" DataType="varchar" Size="1" NativeType="varchar" Description="Price Determination (Pricing) Date Control"/>
      <Column Name="EKGRP" Nullable="true" DataType="varchar" Size="3" NativeType="varchar" Description="Purchasing Group"/>
      <Column Name="XERSY" Nullable="true" DataType="varchar" Size="1" NativeType="varchar" Description="Evaluated Receipt Settlement (ERS)"/>
      <Column Name="PLIFZ" Nullable="true" DataType="decimal" Precision="3" Scale="0" NativeType="decimal" Description="Planned Delivery Time in Days"/>
      <Column Name="MRPPP" Nullable="true" DataType="varchar" Size="3" NativeType="varchar" Description="Planning calendar"/>
      <Column Name="LFRHY" Nullable="true" DataType="varchar" Size="3" NativeType="varchar" Description="Planning cycle"/>
      <Column Name="LIBES" Nullable="true" DataType="varchar" Size="1" NativeType="varchar" Description="Order entry by vendor"/>
      <Column Name="LIPRE" Nullable="true" DataType="varchar" Size="2" NativeType="varchar" Description="Price marking, vendor"/>
      <Column Name="LISER" Nullable="true" DataType="varchar" Size="1" NativeType="varchar" Description="Rack-jobbing: vendor"/>
      <Column Name="PRFRE" Nullable="true" DataType="varchar" Size="1" NativeType="varchar" Description="Indicator: &quot;relev. to price determination (vend. hierarchy)"/>
      <Column Name="NRGEW" Nullable="true" DataType="varchar" Size="1" NativeType="varchar" Description="Indicator whether discount in kind granted"/>
      <Column Name="BOIND" Nullable="true" DataType="varchar" Size="1" NativeType="varchar" Description="Indicator: index compilation for subseq. settlement active"/>
      <Column Name="BLIND" Nullable="true" DataType="varchar" Size="1" NativeType="varchar" Description="Indicator: Doc. index compilation active for purchase orders"/>
      <Column Name="KZRET" Nullable="true" DataType="varchar" Size="1" NativeType="varchar" Description="Indicates whether vendor is returns vendor"/>
      <Column Name="SKRIT" Nullable="true" DataType="varchar" Size="1" NativeType="varchar" Description="Vendor sort criterion for materials"/>
      <Column Name="BSTAE" Nullable="true" DataType="varchar" Size="4" NativeType="varchar" Description="Confirmation Control Key"/>
      <Column Name="RDPRF" Nullable="true" DataType="varchar" Size="4" NativeType="varchar" Description="Rounding Profile"/>
      <Column Name="MEGRU" Nullable="true" DataType="varchar" Size="4" NativeType="varchar" Description="Unit of Measure Group"/>
      <Column Name="VENSL" Nullable="true" DataType="decimal" Precision="4" Scale="1" NativeType="decimal" Description="Vendor service level"/>
      <Column Name="BOPNR" Nullable="true" DataType="varchar" Size="4" NativeType="varchar" Description="Restriction Profile for PO-Based Load Building"/>
      <Column Name="XERSR" Nullable="true" DataType="varchar" Size="1" NativeType="varchar" Description="Automatic evaluated receipt settlement for return items"/>
      <Column Name="EIKTO" Nullable="true" DataType="varchar" Size="12" NativeType="varchar" Description="Our account number with the vendor"/>
      <Column Name="ABUEB" Nullable="true" DataType="varchar" Size="4" NativeType="varchar" Description="Release Creation Profile"/>
      <Column Name="PAPRF" Nullable="true" DataType="varchar" Size="4" NativeType="varchar" Description="Profile for transferring material data via IDoc PROACT"/>
      <Column Name="AGREL" Nullable="true" DataType="varchar" Size="1" NativeType="varchar" Description="Indicator: Relevant for agency business"/>
      <Column Name="XNBWY" Nullable="true" DataType="varchar" Size="1" NativeType="varchar" Description="Revaluation allowed"/>
      <Column Name="VSBED" Nullable="true" DataType="varchar" Size="2" NativeType="varchar" Description="Shipping Conditions"/>
      <Column Name="LEBRE" Nullable="true" DataType="varchar" Size="1" NativeType="varchar" Description="Indicator for Service-Based Invoice Verification"/>
      <Column Name="BOLRE" Nullable="true" DataType="varchar" Size="1" NativeType="varchar" Description="Indicator: vendor subject to subseq. settlement accounting"/>
      <Column Name="UMSAE" Nullable="true" DataType="varchar" Size="1" NativeType="varchar" Description="Comparison/agreement of business volumes necessary"/>
      <Column Name="VENDOR_RMA_REQ" Nullable="true" DataType="varchar" Size="1" NativeType="varchar" Description="Vendor RMA Number Required"/>
      <Column Name="ACTIVITY_PROFIL" Nullable="true" DataType="varchar" Size="4" NativeType="varchar" Description="Activity Profile for PO Controlling"/>
      <Column Name="TRANSPORT_CHAIN" Nullable="true" DataType="varchar" Size="10" NativeType="varchar" Description="Transportation Chain"/>
      <Column Name="STAGING_TIME" Nullable="true" DataType="decimal" Precision="3" Scale="0" NativeType="decimal" Description="Staging Time in Days"/>
      <PrimaryKey>
        <PrimaryKeyColumn>MANDT</PrimaryKeyColumn>
        <PrimaryKeyColumn>LIFNR</PrimaryKeyColumn>
        <PrimaryKeyColumn>EKORG</PrimaryKeyColumn>
      </PrimaryKey>
      <TableIndex Name="PRIMARY" isPrimary="true" Unique="true">
        <IndexColumn Name="MANDT"/>
        <IndexColumn Name="LIFNR"/>
        <IndexColumn Name="EKORG"/>
      </TableIndex>
      <ForeignKey Name="ACTA_FK_0" ReferredTableKey="" ReferredTable="LFA1" ReferredTableOwner="">
        <PKFKColumn Column="LIFNR" ReferredColumn="LIFNR"/>
      </ForeignKey>
      <ForeignKey Name="ACTA_FK_3" ReferredTableKey="" ReferredTable="T024E" ReferredTableOwner="">
        <PKFKColumn Column="EKORG" ReferredColumn="EKORG"/>
      </ForeignKey>
      <ForeignKey Name="ACTA_FK_2" ReferredTableKey="" ReferredTable="T024" ReferredTableOwner="">
        <PKFKColumn Column="EKGRP" ReferredColumn="EKGRP"/>
      </ForeignKey>
      <ForeignKey Name="ACTA_FK_1" ReferredTableKey="" ReferredTable="RDPR" ReferredTableOwner="-1">
        <PKFKColumn Column="RDPRF" ReferredColumn="RDPRF"/>
      </ForeignKey>
      <ForeignKey Name="ACTA_FK_4" ReferredTableKey="" ReferredTable="T163L" ReferredTableOwner="-1">
        <PKFKColumn Column="BSTAE" ReferredColumn="BSTAE"/>
      </ForeignKey>
      <ForeignKey Name="ACTA_FK_5" ReferredTableKey="" ReferredTable="T439G" ReferredTableOwner="-1">
        <PKFKColumn Column="LFRHY" ReferredColumn="MRPPP"/>
      </ForeignKey>
      <ForeignKey Name="ACTA_FK_6" ReferredTableKey="" ReferredTable="T439G" ReferredTableOwner="-1">
        <PKFKColumn Column="MRPPP" ReferredColumn="MRPPP"/>
      </ForeignKey>
      <ForeignKey Name="ACTA_FK_7" ReferredTableKey="" ReferredTable="T615" ReferredTableOwner="-1">
        <PKFKColumn Column="ZOLLA" ReferredColumn="ZOLLA"/>
      </ForeignKey>
      <ForeignKey Name="ACTA_FK_8" ReferredTableKey="" ReferredTable="T618" ReferredTableOwner="-1">
        <PKFKColumn Column="EXPVZ" ReferredColumn="EXPVZ"/>
      </ForeignKey>
      <ForeignKey Name="ACTA_FK_9" ReferredTableKey="" ReferredTable="TCURC" ReferredTableOwner="-1">
        <PKFKColumn Column="WAERS" ReferredColumn="WAERS"/>
      </ForeignKey>
      <ForeignKey Name="ACTA_FK_10" ReferredTableKey="" ReferredTable="TINC" ReferredTableOwner="-1">
        <PKFKColumn Column="INCO1" ReferredColumn="INCO1"/>
      </ForeignKey>
      <ForeignKey Name="ACTA_FK_11" ReferredTableKey="" ReferredTable="TMKK" ReferredTableOwner="-1">
        <PKFKColumn Column="KALSK" ReferredColumn="KALSK"/>
      </ForeignKey>
      <ForeignKey Name="ACTA_FK_12" ReferredTableKey="" ReferredTable="TVSB" ReferredTableOwner="-1">
        <PKFKColumn Column="VSBED" ReferredColumn="VSBED"/>
      </ForeignKey>
      <ForeignKey Name="ACTA_FK_13" ReferredTableKey="" ReferredTable="TWBO1" ReferredTableOwner="-1">
        <PKFKColumn Column="BOPNR" ReferredColumn="BOPNR"/>
      </ForeignKey>
      <ForeignKey Name="ACTA_FK_14" ReferredTableKey="" ReferredTable="TWMEG" ReferredTableOwner="-1">
        <PKFKColumn Column="MEGRU" ReferredColumn="MEGRU"/>
      </ForeignKey>
      <ForeignKey Name="ACTA_FK_15" ReferredTableKey="" ReferredTable="TWVMO" ReferredTableOwner="-1">
        <PKFKColumn Column="PAPRF" ReferredColumn="PAPRF"/>
      </ForeignKey>
      <ForeignKey Name="ACTA_FK_16" ReferredTableKey="" ReferredTable="TWYAZ" ReferredTableOwner="-1">
        <PKFKColumn Column="LIPRE" ReferredColumn="LIPRE"/>
      </ForeignKey>
      <ForeignKey Name="ACTA_FK_17" ReferredTableKey="" ReferredTable="WRFT_ACT_PROF" ReferredTableOwner="-1">
        <PKFKColumn Column="ACTIVITY_PROFIL" ReferredColumn="ACT_PROF"/>
      </ForeignKey>
      <ForeignKey Name="ACTA_FK_18" ReferredTableKey="" ReferredTable="WRF_PSCD_TCHAINH" ReferredTableOwner="-1">
        <PKFKColumn Column="TRANSPORT_CHAIN" ReferredColumn="TC_ID"/>
      </ForeignKey>
    </Table>
  </MetadataObjects>
  <Status>
    <StatusCode>SUCCESS</StatusCode>
  </Status>
</MetadataReply>