<MetadataReply xmlns="http://www.sap.com/DataServices/DataServicesXSD">
  <ID>7438</ID>
  <MetadataObjects>
    <Table Name="T052" Owner="" Description="Terms of Payment">
      <Attributes>
        <Attribute Name="SAP_Table_Class" Value="1"/>
        <Attribute Name="SAP_Table_Class_Name" Value="transparent"/>
        <Attribute Name="sap_row_size" Value="61"/>
        <Attribute Name="sap_table_size_category" Value="0"/>
        <Attribute Name="sap_table_type" Value="Transparent Table"/>
      </Attributes>
      <Column Name="MANDT" Nullable="false" DataType="varchar" Size="3" NativeType="varchar" Description="Client"/>
      <Column Name="ZTERM" Nullable="false" DataType="varchar" Size="4" NativeType="varchar" Description="Terms of Payment Key"/>
      <Column Name="ZTAGG" Nullable="false" DataType="numeric" Precision="2" Scale="0" NativeType="numeric" Description="Day Limit"/>
      <Column Name="ZDART" Nullable="false" DataType="varchar" Size="1" NativeType="varchar" Description="Date Type"/>
      <Column Name="ZFAEL" Nullable="false" DataType="numeric" Precision="2" Scale="0" NativeType="numeric" Description="Calendar Day for the Baseline Date for Payment"/>
      <Column Name="ZMONA" Nullable="false" DataType="numeric" Precision="2" Scale="0" NativeType="numeric" Description="Additional Months"/>
      <Column Name="ZTAG1" Nullable="false" DataType="numeric" Precision="3" Scale="0" NativeType="numeric" Description="Days from Baseline Date for Payment"/>
      <Column Name="ZPRZ1" Nullable="false" DataType="decimal" Precision="5" Scale="3" NativeType="decimal" Description="Cash Discount Percentage Rate"/>
      <Column Name="ZTAG2" Nullable="false" DataType="numeric" Precision="3" Scale="0" NativeType="numeric" Description="Days from Baseline Date for Payment"/>
      <Column Name="ZPRZ2" Nullable="false" DataType="decimal" Precision="5" Scale="3" NativeType="decimal" Description="Cash Discount Percentage Rate"/>
      <Column Name="ZTAG3" Nullable="false" DataType="numeric" Precision="3" Scale="0" NativeType="numeric" Description="Days from Baseline Date for Payment"/>
      <Column Name="ZSTG1" Nullable="false" DataType="numeric" Precision="2" Scale="0" NativeType="numeric" Description="Due Date for Special Condition"/>
      <Column Name="ZSMN1" Nullable="false" DataType="numeric" Precision="2" Scale="0" NativeType="numeric" Description="Additional Months for Special Condition (Term 1)"/>
      <Column Name="ZSTG2" Nullable="false" DataType="numeric" Precision="2" Scale="0" NativeType="numeric" Description="Due Date for Special Condition"/>
      <Column Name="ZSMN2" Nullable="false" DataType="numeric" Precision="2" Scale="0" NativeType="numeric" Description="Additional Months for Special Condition (Term 2)"/>
      <Column Name="ZSTG3" Nullable="false" DataType="numeric" Precision="2" Scale="0" NativeType="numeric" Description="Due Date for Special Condition"/>
      <Column Name="ZSMN3" Nullable="false" DataType="numeric" Precision="2" Scale="0" NativeType="numeric" Description="Additional Months for Special Condition (Term 3)"/>
      <Column Name="XZBRV" Nullable="false" DataType="varchar" Size="1" NativeType="varchar" Description="Print terms of payment in RV papers"/>
      <Column Name="ZSCHF" Nullable="false" DataType="varchar" Size="1" NativeType="varchar" Description="Payment Block (Default Value)"/>
      <Column Name="XCHPB" Nullable="false" DataType="varchar" Size="1" NativeType="varchar" Description="Transfer payment block when changing terms of payment?"/>
      <Column Name="TXN08" Nullable="false" DataType="varchar" Size="8" NativeType="varchar" Description="Number of the standard text"/>
      <Column Name="ZLSCH" Nullable="false" DataType="varchar" Size="1" NativeType="varchar" Description="Payment Method"/>
      <Column Name="XCHPM" Nullable="false" DataType="varchar" Size="1" NativeType="varchar" Description="Transfer payment method when changing terms of payment?"/>
      <Column Name="KOART" Nullable="false" DataType="varchar" Size="1" NativeType="varchar" Description="Account Type of the Customer/Vendor"/>
      <Column Name="XSPLT" Nullable="false" DataType="varchar" Size="1" NativeType="varchar" Description="Indicator: Term for installment payment"/>
      <Column Name="XSCRC" Nullable="true" DataType="varchar" Size="1" NativeType="varchar" Description="Recurring Entries: Add Terms of Payment from Master Record"/>
      <PrimaryKey>
        <PrimaryKeyColumn>MANDT</PrimaryKeyColumn>
        <PrimaryKeyColumn>ZTERM</PrimaryKeyColumn>
        <PrimaryKeyColumn>ZTAGG</PrimaryKeyColumn>
      </PrimaryKey>
      <TableIndex Name="PRIMARY" isPrimary="true" Unique="true">
        <IndexColumn Name="MANDT"/>
        <IndexColumn Name="ZTERM"/>
        <IndexColumn Name="ZTAGG"/>
      </TableIndex>
      <ForeignKey Name="ACTA_FK_0" ReferredTableKey="" ReferredTable="T008" ReferredTableOwner="-1">
        <PKFKColumn Column="ZSCHF" ReferredColumn="ZAHLS"/>
      </ForeignKey>
      <ForeignKey Name="ACTA_FK_1" ReferredTableKey="" ReferredTable="T042Z" ReferredTableOwner="-1">
        <PKFKColumn Column="ZLSCH" ReferredColumn="ZLSCH"/>
      </ForeignKey>
    </Table>
  </MetadataObjects>
  <Status>
    <StatusCode>SUCCESS</StatusCode>
  </Status>
</MetadataReply>