<MetadataReply xmlns="http://www.sap.com/DataServices/DataServicesXSD">
  <ID>7454</ID>
  <MetadataObjects>
    <Table Name="T001W" Owner="" Description="Plants/Branches">
      <Attributes>
        <Attribute Name="SAP_Table_Class" Value="1"/>
        <Attribute Name="SAP_Table_Class_Name" Value="transparent"/>
        <Attribute Name="sap_row_size" Value="350"/>
        <Attribute Name="sap_table_size_category" Value="0"/>
        <Attribute Name="sap_table_type" Value="Transparent Table"/>
      </Attributes>
      <Column Name="MANDT" Nullable="false" DataType="varchar" Size="3" NativeType="varchar" Description="Client"/>
      <Column Name="WERKS" Nullable="false" DataType="varchar" Size="4" NativeType="varchar" Description="Plant"/>
      <Column Name="NAME1" Nullable="false" DataType="varchar" Size="30" NativeType="varchar" Description="Name"/>
      <Column Name="BWKEY" Nullable="false" DataType="varchar" Size="4" NativeType="varchar" Description="Valuation Area"/>
      <Column Name="KUNNR" Nullable="false" DataType="varchar" Size="10" NativeType="varchar" Description="Customer number of plant"/>
      <Column Name="LIFNR" Nullable="false" DataType="varchar" Size="10" NativeType="varchar" Description="Vendor number of plant"/>
      <Column Name="FABKL" Nullable="true" DataType="varchar" Size="2" NativeType="varchar" Description="Factory calendar key"/>
      <Column Name="NAME2" Nullable="true" DataType="varchar" Size="30" NativeType="varchar" Description="Name 2"/>
      <Column Name="STRAS" Nullable="true" DataType="varchar" Size="30" NativeType="varchar" Description="House number and street"/>
      <Column Name="PFACH" Nullable="true" DataType="varchar" Size="10" NativeType="varchar" Description="PO Box"/>
      <Column Name="PSTLZ" Nullable="true" DataType="varchar" Size="10" NativeType="varchar" Description="Postal Code"/>
      <Column Name="ORT01" Nullable="true" DataType="varchar" Size="25" NativeType="varchar" Description="City"/>
      <Column Name="EKORG" Nullable="true" DataType="varchar" Size="4" NativeType="varchar" Description="Purchasing Organization"/>
      <Column Name="VKORG" Nullable="true" DataType="varchar" Size="4" NativeType="varchar" Description="Sales organization for intercompany billing"/>
      <Column Name="CHAZV" Nullable="true" DataType="varchar" Size="1" NativeType="varchar" Description="Indicator: batch status management active"/>
      <Column Name="KKOWK" Nullable="true" DataType="varchar" Size="1" NativeType="varchar" Description="Indicator: Conditions at plant level"/>
      <Column Name="KORDB" Nullable="true" DataType="varchar" Size="1" NativeType="varchar" Description="Indicator: Source list requirement"/>
      <Column Name="BEDPL" Nullable="true" DataType="varchar" Size="1" NativeType="varchar" Description="Activating requirements planning"/>
      <Column Name="LAND1" Nullable="true" DataType="varchar" Size="3" NativeType="varchar" Description="Country Key"/>
      <Column Name="REGIO" Nullable="true" DataType="varchar" Size="3" NativeType="varchar" Description="Region (State, Province, County)"/>
      <Column Name="COUNC" Nullable="true" DataType="varchar" Size="3" NativeType="varchar" Description="County Code"/>
      <Column Name="CITYC" Nullable="true" DataType="varchar" Size="4" NativeType="varchar" Description="City Code"/>
      <Column Name="ADRNR" Nullable="true" DataType="varchar" Size="10" NativeType="varchar" Description="Address"/>
      <Column Name="IWERK" Nullable="true" DataType="varchar" Size="4" NativeType="varchar" Description="Maintenance Planning Plant"/>
      <Column Name="TXJCD" Nullable="true" DataType="varchar" Size="15" NativeType="varchar" Description="Tax Jurisdiction"/>
      <Column Name="VTWEG" Nullable="true" DataType="varchar" Size="2" NativeType="varchar" Description="Distribution channel for intercompany billing"/>
      <Column Name="SPART" Nullable="true" DataType="varchar" Size="2" NativeType="varchar" Description="Division for intercompany billing"/>
      <Column Name="SPRAS" Nullable="true" DataType="varchar" Size="1" NativeType="varchar" Description="Language Key"/>
      <Column Name="WKSOP" Nullable="true" DataType="varchar" Size="1" NativeType="varchar" Description="SOP plant"/>
      <Column Name="AWSLS" Nullable="true" DataType="varchar" Size="6" NativeType="varchar" Description="Variance Key"/>
      <Column Name="CHAZV_OLD" Nullable="true" DataType="varchar" Size="1" NativeType="varchar" Description="Indicator: batch status management active"/>
      <Column Name="VLFKZ" Nullable="true" DataType="varchar" Size="1" NativeType="varchar" Description="Plant category"/>
      <Column Name="BZIRK" Nullable="true" DataType="varchar" Size="6" NativeType="varchar" Description="Sales district"/>
      <Column Name="ZONE1" Nullable="true" DataType="varchar" Size="10" NativeType="varchar" Description="Supply region (region supplied)"/>
      <Column Name="TAXIW" Nullable="true" DataType="varchar" Size="1" NativeType="varchar" Description="Tax Indicator: Plant (Purchasing)"/>
      <Column Name="BZQHL" Nullable="true" DataType="varchar" Size="1" NativeType="varchar" Description="Take regular vendor into account"/>
      <Column Name="LET01" Nullable="true" DataType="decimal" Precision="3" Scale="0" NativeType="decimal" Description="Number of Days for First Reminder/Expediter"/>
      <Column Name="LET02" Nullable="true" DataType="decimal" Precision="3" Scale="0" NativeType="decimal" Description="Number of Days for Second Reminder/Expediter"/>
      <Column Name="LET03" Nullable="true" DataType="decimal" Precision="3" Scale="0" NativeType="decimal" Description="Number of Days for Third Reminder/Expediter"/>
      <Column Name="TXNAM_MA1" Nullable="true" DataType="varchar" Size="16" NativeType="varchar" Description="Text name of 1st dunning of vendor declarations"/>
      <Column Name="TXNAM_MA2" Nullable="true" DataType="varchar" Size="16" NativeType="varchar" Description="Text name of the 2nd dunning of vendor declarations"/>
      <Column Name="TXNAM_MA3" Nullable="true" DataType="varchar" Size="16" NativeType="varchar" Description="Text name of 3rd dunning of vendor declarations"/>
      <Column Name="BETOL" Nullable="true" DataType="numeric" Precision="3" Scale="0" NativeType="numeric" Description="Number of days for PO tolerance - Compress info records - SU"/>
      <Column Name="J_1BBRANCH" Nullable="true" DataType="varchar" Size="4" NativeType="varchar" Description="Business Place"/>
      <Column Name="VTBFI" Nullable="true" DataType="varchar" Size="2" NativeType="varchar" Description="Rule for determining the sales area for stock transfers"/>
      <Column Name="FPRFW" Nullable="true" DataType="varchar" Size="3" NativeType="varchar" Description="Distribution profile at plant level"/>
      <Column Name="ACHVM" Nullable="true" DataType="varchar" Size="1" NativeType="varchar" Description="Central archiving marker for master record"/>
      <Column Name="DVSART" Nullable="true" DataType="varchar" Size="1" NativeType="varchar" Description="Batch Record: Type of DMS Used"/>
      <Column Name="NODETYPE" Nullable="true" DataType="varchar" Size="3" NativeType="varchar" Description="Node type: supply chain network"/>
      <Column Name="NSCHEMA" Nullable="true" DataType="varchar" Size="4" NativeType="varchar" Description="Structure for name formation"/>
      <Column Name="PKOSA" Nullable="true" DataType="varchar" Size="1" NativeType="varchar" Description="Cost Object Controlling linking active"/>
      <Column Name="MISCH" Nullable="true" DataType="varchar" Size="1" NativeType="varchar" Description="Updating is active for mixed costing"/>
      <Column Name="MGVUPD" Nullable="true" DataType="varchar" Size="1" NativeType="varchar" Description="Updating is active in actual costing"/>
      <Column Name="VSTEL" Nullable="true" DataType="varchar" Size="4" NativeType="varchar" Description="Shipping Point/Receiving Point"/>
      <Column Name="MGVLAUPD" Nullable="true" DataType="varchar" Size="1" NativeType="varchar" Description="Update of Activity Consumption in the Quantity Structure"/>
      <Column Name="MGVLAREVAL" Nullable="true" DataType="varchar" Size="1" NativeType="varchar" Description="Control of Credit of Cost Centers"/>
      <Column Name="SOURCING" Nullable="true" DataType="varchar" Size="1" NativeType="varchar" Description="Invoke Added-Function Source Determination via ATP"/>
      <Column Name="OILIVAL" Nullable="true" DataType="varchar" Size="1" NativeType="varchar" Description="Exchange valuation indicator"/>
      <Column Name="OIHVTYPE" Nullable="true" DataType="varchar" Size="1" NativeType="varchar" Description="Vendor type (refinery/mill/other) (Brazil)"/>
      <Column Name="OIHCREDIPI" Nullable="true" DataType="varchar" Size="1" NativeType="varchar" Description="IPI credit allowed"/>
      <Column Name="STORETYPE" Nullable="true" DataType="varchar" Size="1" NativeType="varchar" Description="Store Category to Differentiate Store, Dep. Store, Shop"/>
      <Column Name="DEP_STORE" Nullable="true" DataType="varchar" Size="4" NativeType="varchar" Description="Superior Department Store"/>
      <PrimaryKey>
        <PrimaryKeyColumn>MANDT</PrimaryKeyColumn>
        <PrimaryKeyColumn>WERKS</PrimaryKeyColumn>
      </PrimaryKey>
      <TableIndex Name="PRIMARY" isPrimary="true" Unique="true">
        <IndexColumn Name="MANDT"/>
        <IndexColumn Name="WERKS"/>
      </TableIndex>
      <ForeignKey Name="ACTA_FK_18" ReferredTableKey="" ReferredTable="TTXJ" ReferredTableOwner="">
        <PKFKColumn Column="TXJCD" ReferredColumn="TXJCD"/>
      </ForeignKey>
      <ForeignKey Name="ACTA_FK_3" ReferredTableKey="" ReferredTable="LFA1" ReferredTableOwner="">
        <PKFKColumn Column="LIFNR" ReferredColumn="LIFNR"/>
      </ForeignKey>
      <ForeignKey Name="ACTA_FK_2" ReferredTableKey="" ReferredTable="KNA1" ReferredTableOwner="">
        <PKFKColumn Column="KUNNR" ReferredColumn="KUNNR"/>
      </ForeignKey>
      <ForeignKey Name="ACTA_FK_12" ReferredTableKey="" ReferredTable="T024E" ReferredTableOwner="">
        <PKFKColumn Column="EKORG" ReferredColumn="EKORG"/>
      </ForeignKey>
      <ForeignKey Name="ACTA_FK_6" ReferredTableKey="" ReferredTable="T001W" ReferredTableOwner="">
        <PKFKColumn Column="IWERK" ReferredColumn="WERKS"/>
      </ForeignKey>
      <ForeignKey Name="ACTA_FK_8" ReferredTableKey="" ReferredTable="T005" ReferredTableOwner="">
        <PKFKColumn Column="LAND1" ReferredColumn="LAND1"/>
      </ForeignKey>
      <ForeignKey Name="ACTA_FK_0" ReferredTableKey="" ReferredTable="CKMLMV007" ReferredTableOwner="-1">
        <PKFKColumn Column="NSCHEMA" ReferredColumn="NSCHEMA"/>
      </ForeignKey>
      <ForeignKey Name="ACTA_FK_1" ReferredTableKey="" ReferredTable="J_1BBRANCH" ReferredTableOwner="-1">
        <PKFKColumn Column="J_1BBRANCH" ReferredColumn="BRANCH"/>
      </ForeignKey>
      <ForeignKey Name="ACTA_FK_4" ReferredTableKey="" ReferredTable="MDRP_NODT" ReferredTableOwner="-1">
        <PKFKColumn Column="NODETYPE" ReferredColumn="NODETYPE"/>
      </ForeignKey>
      <ForeignKey Name="ACTA_FK_5" ReferredTableKey="" ReferredTable="T001K" ReferredTableOwner="-1">
        <PKFKColumn Column="BWKEY" ReferredColumn="BWKEY"/>
      </ForeignKey>
      <ForeignKey Name="ACTA_FK_7" ReferredTableKey="" ReferredTable="T002" ReferredTableOwner="-1">
        <PKFKColumn Column="SPRAS" ReferredColumn="SPRAS"/>
      </ForeignKey>
      <ForeignKey Name="ACTA_FK_9" ReferredTableKey="" ReferredTable="T005E" ReferredTableOwner="-1">
        <PKFKColumn Column="LAND1" ReferredColumn="LAND1"/>
        <PKFKColumn Column="REGIO" ReferredColumn="REGIO"/>
        <PKFKColumn Column="COUNC" ReferredColumn="COUNC"/>
      </ForeignKey>
      <ForeignKey Name="ACTA_FK_10" ReferredTableKey="" ReferredTable="T005G" ReferredTableOwner="-1">
        <PKFKColumn Column="LAND1" ReferredColumn="LAND1"/>
        <PKFKColumn Column="REGIO" ReferredColumn="REGIO"/>
        <PKFKColumn Column="CITYC" ReferredColumn="CITYC"/>
      </ForeignKey>
      <ForeignKey Name="ACTA_FK_11" ReferredTableKey="" ReferredTable="T005S" ReferredTableOwner="-1">
        <PKFKColumn Column="LAND1" ReferredColumn="LAND1"/>
        <PKFKColumn Column="REGIO" ReferredColumn="BLAND"/>
      </ForeignKey>
      <ForeignKey Name="ACTA_FK_13" ReferredTableKey="" ReferredTable="T171" ReferredTableOwner="-1">
        <PKFKColumn Column="BZIRK" ReferredColumn="BZIRK"/>
      </ForeignKey>
      <ForeignKey Name="ACTA_FK_14" ReferredTableKey="" ReferredTable="TFACD" ReferredTableOwner="-1">
        <PKFKColumn Column="FABKL" ReferredColumn="IDENT"/>
      </ForeignKey>
      <ForeignKey Name="ACTA_FK_15" ReferredTableKey="" ReferredTable="TKV01" ReferredTableOwner="-1">
        <PKFKColumn Column="AWSLS" ReferredColumn="AWSLS"/>
      </ForeignKey>
      <ForeignKey Name="ACTA_FK_16" ReferredTableKey="" ReferredTable="TMKW1" ReferredTableOwner="-1">
        <PKFKColumn Column="LAND1" ReferredColumn="LAND1"/>
        <PKFKColumn Column="TAXIW" ReferredColumn="TAXIW"/>
      </ForeignKey>
      <ForeignKey Name="ACTA_FK_17" ReferredTableKey="" ReferredTable="TSPA" ReferredTableOwner="-1">
        <PKFKColumn Column="SPART" ReferredColumn="SPART"/>
      </ForeignKey>
      <ForeignKey Name="ACTA_FK_19" ReferredTableKey="" ReferredTable="TVKO" ReferredTableOwner="-1">
        <PKFKColumn Column="VKORG" ReferredColumn="VKORG"/>
      </ForeignKey>
      <ForeignKey Name="ACTA_FK_20" ReferredTableKey="" ReferredTable="TVST" ReferredTableOwner="-1">
        <PKFKColumn Column="VSTEL" ReferredColumn="VSTEL"/>
      </ForeignKey>
      <ForeignKey Name="ACTA_FK_21" ReferredTableKey="" ReferredTable="TVTW" ReferredTableOwner="-1">
        <PKFKColumn Column="VTWEG" ReferredColumn="VTWEG"/>
      </ForeignKey>
      <ForeignKey Name="ACTA_FK_22" ReferredTableKey="" ReferredTable="TWFPF" ReferredTableOwner="-1">
        <PKFKColumn Column="FPRFW" ReferredColumn="FPRFW"/>
      </ForeignKey>
      <ForeignKey Name="ACTA_FK_23" ReferredTableKey="" ReferredTable="TZONE" ReferredTableOwner="-1">
        <PKFKColumn Column="LAND1" ReferredColumn="LAND1"/>
        <PKFKColumn Column="ZONE1" ReferredColumn="ZONE1"/>
      </ForeignKey>
    </Table>
  </MetadataObjects>
  <Status>
    <StatusCode>SUCCESS</StatusCode>
  </Status>
</MetadataReply>