<MetadataReply xmlns="http://www.sap.com/DataServices/DataServicesXSD">
  <ID>7456</ID>
  <MetadataObjects>
    <Table Name="TTXJ" Owner="" Description="Check Table for Tax Jurisdiction">
      <Attributes>
        <Attribute Name="SAP_Table_Class" Value="1"/>
        <Attribute Name="SAP_Table_Class_Name" Value="transparent"/>
        <Attribute Name="sap_row_size" Value="26"/>
        <Attribute Name="sap_table_size_category" Value="0"/>
        <Attribute Name="sap_table_type" Value="Transparent Table"/>
      </Attributes>
      <Column Name="MANDT" Nullable="false" DataType="varchar" Size="3" NativeType="varchar" Description="Client"/>
      <Column Name="KALSM" Nullable="false" DataType="varchar" Size="6" NativeType="varchar" Description="Costing Sheet"/>
      <Column Name="TXJCD" Nullable="false" DataType="varchar" Size="15" NativeType="varchar" Description="Tax Jurisdiction"/>
      <Column Name="XSKFN" Nullable="true" DataType="varchar" Size="1" NativeType="varchar" Description="Indicator: Discount base amount is the net value"/>
      <Column Name="XMWSN" Nullable="true" DataType="varchar" Size="1" NativeType="varchar" Description="Indicator: Base amount for tax is net of discount ?"/>
      <PrimaryKey>
        <PrimaryKeyColumn>MANDT</PrimaryKeyColumn>
        <PrimaryKeyColumn>KALSM</PrimaryKeyColumn>
        <PrimaryKeyColumn>TXJCD</PrimaryKeyColumn>
      </PrimaryKey>
      <TableIndex Name="PRIMARY" isPrimary="true" Unique="true">
        <IndexColumn Name="MANDT"/>
        <IndexColumn Name="KALSM"/>
        <IndexColumn Name="TXJCD"/>
      </TableIndex>
      <ForeignKey Name="ACTA_FK_0" ReferredTableKey="" ReferredTable="TTXD" ReferredTableOwner="-1">
        <PKFKColumn Column="KALSM" ReferredColumn="KALSM"/>
      </ForeignKey>
    </Table>
  </MetadataObjects>
  <Status>
    <StatusCode>SUCCESS</StatusCode>
  </Status>
</MetadataReply>