<MetadataReply xmlns="http://www.sap.com/DataServices/DataServicesXSD">
  <ID>7409</ID>
  <MetadataObjects>
    <Table Name="LFA1" Owner="" Description="Vendor Master (General Section)">
      <Attributes>
        <Attribute Name="SAP_Table_Class" Value="1"/>
        <Attribute Name="SAP_Table_Class_Name" Value="transparent"/>
        <Attribute Name="sap_row_size" Value="1668"/>
        <Attribute Name="sap_table_size_category" Value="3"/>
        <Attribute Name="sap_table_type" Value="Transparent Table"/>
      </Attributes>
      <Column Name="MANDT" Nullable="false" DataType="varchar" Size="3" NativeType="varchar" Description="Client"/>
      <Column Name="LIFNR" Nullable="false" DataType="varchar" Size="10" NativeType="varchar" Description="Account Number of Vendor or Creditor"/>
      <Column Name="LAND1" Nullable="true" DataType="varchar" Size="3" NativeType="varchar" Description="Country Key"/>
      <Column Name="NAME1" Nullable="true" DataType="varchar" Size="35" NativeType="varchar" Description="Name 1"/>
      <Column Name="NAME2" Nullable="true" DataType="varchar" Size="35" NativeType="varchar" Description="Name 2"/>
      <Column Name="NAME3" Nullable="true" DataType="varchar" Size="35" NativeType="varchar" Description="Name 3"/>
      <Column Name="NAME4" Nullable="true" DataType="varchar" Size="35" NativeType="varchar" Description="Name 4"/>
      <Column Name="ORT01" Nullable="true" DataType="varchar" Size="35" NativeType="varchar" Description="City"/>
      <Column Name="ORT02" Nullable="true" DataType="varchar" Size="35" NativeType="varchar" Description="District"/>
      <Column Name="PFACH" Nullable="true" DataType="varchar" Size="10" NativeType="varchar" Description="PO Box"/>
      <Column Name="PSTL2" Nullable="true" DataType="varchar" Size="10" NativeType="varchar" Description="P.O. Box Postal Code"/>
      <Column Name="PSTLZ" Nullable="true" DataType="varchar" Size="10" NativeType="varchar" Description="Postal Code"/>
      <Column Name="REGIO" Nullable="true" DataType="varchar" Size="3" NativeType="varchar" Description="Region (State, Province, County)"/>
      <Column Name="SORTL" Nullable="true" DataType="varchar" Size="10" NativeType="varchar" Description="Sort field"/>
      <Column Name="STRAS" Nullable="true" DataType="varchar" Size="35" NativeType="varchar" Description="House number and street"/>
      <Column Name="ADRNR" Nullable="true" DataType="varchar" Size="10" NativeType="varchar" Description="Address"/>
      <Column Name="MCOD1" Nullable="true" DataType="varchar" Size="25" NativeType="varchar" Description="Search term for matchcode search"/>
      <Column Name="MCOD2" Nullable="true" DataType="varchar" Size="25" NativeType="varchar" Description="Search term for matchcode search"/>
      <Column Name="MCOD3" Nullable="true" DataType="varchar" Size="25" NativeType="varchar" Description="Search term for matchcode search"/>
      <Column Name="ANRED" Nullable="true" DataType="varchar" Size="15" NativeType="varchar" Description="Title"/>
      <Column Name="BAHNS" Nullable="true" DataType="varchar" Size="25" NativeType="varchar" Description="Train station"/>
      <Column Name="BBBNR" Nullable="true" DataType="numeric" Precision="7" Scale="0" NativeType="numeric" Description="International location number  (part 1)"/>
      <Column Name="BBSNR" Nullable="true" DataType="numeric" Precision="5" Scale="0" NativeType="numeric" Description="International location number (Part 2)"/>
      <Column Name="BEGRU" Nullable="true" DataType="varchar" Size="4" NativeType="varchar" Description="Authorization Group"/>
      <Column Name="BRSCH" Nullable="true" DataType="varchar" Size="4" NativeType="varchar" Description="Industry key"/>
      <Column Name="BUBKZ" Nullable="true" DataType="numeric" Precision="1" Scale="0" NativeType="numeric" Description="Check digit for the international location number"/>
      <Column Name="DATLT" Nullable="true" DataType="varchar" Size="14" NativeType="varchar" Description="Data communication line no."/>
      <Column Name="DTAMS" Nullable="true" DataType="varchar" Size="1" NativeType="varchar" Description="Indicator for Data Medium Exchange"/>
      <Column Name="DTAWS" Nullable="true" DataType="varchar" Size="2" NativeType="varchar" Description="Instruction key for data medium exchange"/>
      <Column Name="ERDAT" Nullable="true" DataType="date" NativeType="date" Description="Date on which the Record Was Created"/>
      <Column Name="ERNAM" Nullable="true" DataType="varchar" Size="12" NativeType="varchar" Description="Name of Person who Created the Object"/>
      <Column Name="ESRNR" Nullable="true" DataType="varchar" Size="11" NativeType="varchar" Description="ISR Subscriber Number"/>
      <Column Name="KONZS" Nullable="true" DataType="varchar" Size="10" NativeType="varchar" Description="Group key"/>
      <Column Name="KTOKK" Nullable="true" DataType="varchar" Size="4" NativeType="varchar" Description="Vendor account group"/>
      <Column Name="KUNNR" Nullable="true" DataType="varchar" Size="10" NativeType="varchar" Description="Customer Number"/>
      <Column Name="LNRZA" Nullable="true" DataType="varchar" Size="10" NativeType="varchar" Description="Account Number of the Alternative Payee"/>
      <Column Name="LOEVM" Nullable="true" DataType="varchar" Size="1" NativeType="varchar" Description="Central Deletion Flag for Master Record"/>
      <Column Name="SPERR" Nullable="true" DataType="varchar" Size="1" NativeType="varchar" Description="Central posting block"/>
      <Column Name="SPERM" Nullable="true" DataType="varchar" Size="1" NativeType="varchar" Description="Centrally imposed purchasing block"/>
      <Column Name="SPRAS" Nullable="true" DataType="varchar" Size="1" NativeType="varchar" Description="Language Key"/>
      <Column Name="STCD1" Nullable="true" DataType="varchar" Size="16" NativeType="varchar" Description="Tax Number 1"/>
      <Column Name="STCD2" Nullable="true" DataType="varchar" Size="11" NativeType="varchar" Description="Tax Number 2"/>
      <Column Name="STKZA" Nullable="true" DataType="varchar" Size="1" NativeType="varchar" Description="Indicator: Business Partner Subject to Equalization Tax?"/>
      <Column Name="STKZU" Nullable="true" DataType="varchar" Size="1" NativeType="varchar" Description="Liable for VAT"/>
      <Column Name="TELBX" Nullable="true" DataType="varchar" Size="15" NativeType="varchar" Description="Telebox number"/>
      <Column Name="TELF1" Nullable="true" DataType="varchar" Size="16" NativeType="varchar" Description="First telephone number"/>
      <Column Name="TELF2" Nullable="true" DataType="varchar" Size="16" NativeType="varchar" Description="Second telephone number"/>
      <Column Name="TELFX" Nullable="true" DataType="varchar" Size="31" NativeType="varchar" Description="Fax Number"/>
      <Column Name="TELTX" Nullable="true" DataType="varchar" Size="30" NativeType="varchar" Description="Teletex number"/>
      <Column Name="TELX1" Nullable="true" DataType="varchar" Size="30" NativeType="varchar" Description="Telex number"/>
      <Column Name="XCPDK" Nullable="true" DataType="varchar" Size="1" NativeType="varchar" Description="Indicator: Is the account a one-time account?"/>
      <Column Name="XZEMP" Nullable="true" DataType="varchar" Size="1" NativeType="varchar" Description="Indicator: Alternative payee in document allowed ?"/>
      <Column Name="VBUND" Nullable="true" DataType="varchar" Size="6" NativeType="varchar" Description="Company ID of trading partner"/>
      <Column Name="FISKN" Nullable="true" DataType="varchar" Size="10" NativeType="varchar" Description="Account number of the master record with fiscal address"/>
      <Column Name="STCEG" Nullable="true" DataType="varchar" Size="20" NativeType="varchar" Description="VAT Registration Number"/>
      <Column Name="STKZN" Nullable="true" DataType="varchar" Size="1" NativeType="varchar" Description="Natural Person"/>
      <Column Name="SPERQ" Nullable="true" DataType="varchar" Size="2" NativeType="varchar" Description="Function That Will Be Blocked"/>
      <Column Name="GBORT" Nullable="true" DataType="varchar" Size="25" NativeType="varchar" Description="Place of birth of the person subject to withholding tax"/>
      <Column Name="GBDAT" Nullable="true" DataType="date" NativeType="date" Description="Date of birth of the person subject to withholding tax"/>
      <Column Name="SEXKZ" Nullable="true" DataType="varchar" Size="1" NativeType="varchar" Description="Key for the Sex of the Person Subject to Withholding Tax"/>
      <Column Name="KRAUS" Nullable="true" DataType="varchar" Size="11" NativeType="varchar" Description="Credit information number"/>
      <Column Name="REVDB" Nullable="true" DataType="date" NativeType="date" Description="Last review (external)"/>
      <Column Name="QSSYS" Nullable="true" DataType="varchar" Size="4" NativeType="varchar" Description="Vendor's QM system"/>
      <Column Name="KTOCK" Nullable="true" DataType="varchar" Size="4" NativeType="varchar" Description="Reference Account Group for One-Time Account (Vendor)"/>
      <Column Name="PFORT" Nullable="true" DataType="varchar" Size="35" NativeType="varchar" Description="PO Box city"/>
      <Column Name="WERKS" Nullable="true" DataType="varchar" Size="4" NativeType="varchar" Description="Plant (Own or External)"/>
      <Column Name="LTSNA" Nullable="true" DataType="varchar" Size="1" NativeType="varchar" Description="Indicator: vendor sub-range relevant"/>
      <Column Name="WERKR" Nullable="true" DataType="varchar" Size="1" NativeType="varchar" Description="Indicator: plant level relevant"/>
      <Column Name="PLKAL" Nullable="true" DataType="varchar" Size="2" NativeType="varchar" Description="Factory calendar key"/>
      <Column Name="DUEFL" Nullable="true" DataType="varchar" Size="1" NativeType="varchar" Description="Status of Data Transfer into Subsequent Release"/>
      <Column Name="TXJCD" Nullable="true" DataType="varchar" Size="15" NativeType="varchar" Description="Tax Jurisdiction"/>
      <Column Name="SPERZ" Nullable="true" DataType="varchar" Size="1" NativeType="varchar" Description="Payment Block"/>
      <Column Name="SCACD" Nullable="true" DataType="varchar" Size="4" NativeType="varchar" Description="Standard carrier access code"/>
      <Column Name="SFRGR" Nullable="true" DataType="varchar" Size="4" NativeType="varchar" Description="Forwarding agent freight group"/>
      <Column Name="LZONE" Nullable="true" DataType="varchar" Size="10" NativeType="varchar" Description="Transportation zone to or from which the goods are delivered"/>
      <Column Name="XLFZA" Nullable="true" DataType="varchar" Size="1" NativeType="varchar" Description="Indicator: Alternative payee using account number"/>
      <Column Name="DLGRP" Nullable="true" DataType="varchar" Size="4" NativeType="varchar" Description="Service agent procedure group"/>
      <Column Name="FITYP" Nullable="true" DataType="varchar" Size="2" NativeType="varchar" Description="Tax type"/>
      <Column Name="STCDT" Nullable="true" DataType="varchar" Size="2" NativeType="varchar" Description="Tax Number Type"/>
      <Column Name="REGSS" Nullable="true" DataType="varchar" Size="1" NativeType="varchar" Description="Registered for Social Insurance"/>
      <Column Name="ACTSS" Nullable="true" DataType="varchar" Size="3" NativeType="varchar" Description="Activity Code for Social Insurance"/>
      <Column Name="STCD3" Nullable="true" DataType="varchar" Size="18" NativeType="varchar" Description="Tax Number 3"/>
      <Column Name="STCD4" Nullable="true" DataType="varchar" Size="18" NativeType="varchar" Description="Tax Number 4"/>
      <Column Name="STCD5" Nullable="true" DataType="varchar" Size="60" NativeType="varchar" Description="Tax Number 5"/>
      <Column Name="IPISP" Nullable="true" DataType="varchar" Size="1" NativeType="varchar" Description="Tax Split"/>
      <Column Name="TAXBS" Nullable="true" DataType="numeric" Precision="1" Scale="0" NativeType="numeric" Description="Tax Base in Percentage"/>
      <Column Name="PROFS" Nullable="true" DataType="varchar" Size="30" NativeType="varchar" Description="Profession"/>
      <Column Name="STGDL" Nullable="true" DataType="varchar" Size="2" NativeType="varchar" Description="Shipment: statistics group, transportation service agent"/>
      <Column Name="EMNFR" Nullable="true" DataType="varchar" Size="10" NativeType="varchar" Description="External manufacturer code name or number"/>
      <Column Name="LFURL" Nullable="true" DataType="varchar" Size="132" NativeType="varchar" Description="Uniform Resource Locator"/>
      <Column Name="J_1KFREPRE" Nullable="true" DataType="varchar" Size="10" NativeType="varchar" Description="Name of Representative"/>
      <Column Name="J_1KFTBUS" Nullable="true" DataType="varchar" Size="30" NativeType="varchar" Description="Type of Business"/>
      <Column Name="J_1KFTIND" Nullable="true" DataType="varchar" Size="30" NativeType="varchar" Description="Type of Industry"/>
      <Column Name="CONFS" Nullable="false" DataType="varchar" Size="1" NativeType="varchar" Description="Status of Change Authorization (Central)"/>
      <Column Name="UPDAT" Nullable="true" DataType="date" NativeType="date" Description="Date on Which the Changes Were Confirmed"/>
      <Column Name="UPTIM" Nullable="true" DataType="time" NativeType="time" Description="Time of Last Change Confirmation"/>
      <Column Name="NODEL" Nullable="false" DataType="varchar" Size="1" NativeType="varchar" Description="Central deletion block for master record"/>
      <Column Name="QSSYSDAT" Nullable="true" DataType="date" NativeType="date" Description="Validity date of certification"/>
      <Column Name="PODKZB" Nullable="true" DataType="varchar" Size="1" NativeType="varchar" Description="Vendor indicator relevant for proof of delivery"/>
      <Column Name="FISKU" Nullable="true" DataType="varchar" Size="10" NativeType="varchar" Description="Account Number of Master Record of Tax Office Responsible"/>
      <Column Name="STENR" Nullable="true" DataType="varchar" Size="18" NativeType="varchar" Description="Tax Number at Responsible Tax Authority"/>
      <Column Name="CARRIER_CONF" Nullable="true" DataType="varchar" Size="1" NativeType="varchar" Description="Carrier confirmation is expected"/>
      <Column Name="MIN_COMP" Nullable="true" DataType="varchar" Size="1" NativeType="varchar" Description="Micro company indicator"/>
      <Column Name="TERM_LI" Nullable="true" DataType="varchar" Size="1" NativeType="varchar" Description="Terms of Liability"/>
      <Column Name="CRC_NUM" Nullable="true" DataType="varchar" Size="25" NativeType="varchar" Description="CRC number"/>
      <Column Name="CVP_XBLCK" Nullable="false" DataType="varchar" Size="1" NativeType="varchar" Description="Business Purpose Completed Flag"/>
      <Column Name="RG" Nullable="true" DataType="varchar" Size="11" NativeType="varchar" Description="RG Number"/>
      <Column Name="EXP" Nullable="true" DataType="varchar" Size="3" NativeType="varchar" Description="Issued by"/>
      <Column Name="UF" Nullable="true" DataType="varchar" Size="2" NativeType="varchar" Description="State"/>
      <Column Name="RGDATE" Nullable="true" DataType="date" NativeType="date" Description="RG Issue Date"/>
      <Column Name="RIC" Nullable="true" DataType="numeric" Precision="11" Scale="0" NativeType="numeric" Description="RIC Number"/>
      <Column Name="RNE" Nullable="true" DataType="varchar" Size="10" NativeType="varchar" Description="Foreign National Registration"/>
      <Column Name="RNEDATE" Nullable="true" DataType="date" NativeType="date" Description="RNE Issue Date"/>
      <Column Name="CNAE" Nullable="true" DataType="varchar" Size="7" NativeType="varchar" Description="CNAE"/>
      <Column Name="LEGALNAT" Nullable="true" DataType="numeric" Precision="4" Scale="0" NativeType="numeric" Description="Legal Nature"/>
      <Column Name="CRTN" Nullable="true" DataType="varchar" Size="1" NativeType="varchar" Description="CRT Number"/>
      <Column Name="ICMSTAXPAY" Nullable="true" DataType="varchar" Size="2" NativeType="varchar" Description="ICMS Taxpayer"/>
      <Column Name="INDTYP" Nullable="true" DataType="varchar" Size="2" NativeType="varchar" Description="Industry Main Type"/>
      <Column Name="TDT" Nullable="true" DataType="varchar" Size="2" NativeType="varchar" Description="Tax Declaration Type"/>
      <Column Name="COMSIZE" Nullable="true" DataType="varchar" Size="2" NativeType="varchar" Description="Company Size"/>
      <Column Name="DECREGPC" Nullable="true" DataType="varchar" Size="2" NativeType="varchar" Description="Declaration Regimen for PIS/COFINS"/>
      <Column Name="J_SC_CAPITAL" Nullable="true" DataType="decimal" Precision="15" Scale="2" NativeType="decimal" Description="Capital Amount"/>
      <Column Name="J_SC_CURRENCY" Nullable="true" DataType="varchar" Size="5" NativeType="varchar" Description="Currency"/>
      <Column Name="ALC" Nullable="true" DataType="varchar" Size="8" NativeType="varchar" Description="Agency Location Code"/>
      <Column Name="PMT_OFFICE" Nullable="true" DataType="varchar" Size="5" NativeType="varchar" Description="Payment Office"/>
      <Column Name="PPA_RELEVANT" Nullable="true" DataType="varchar" Size="1" NativeType="varchar" Description="Vendor is PPA relevant"/>
      <Column Name="PSOFG" Nullable="true" DataType="varchar" Size="10" NativeType="varchar" Description="Processor group"/>
      <Column Name="PSOIS" Nullable="true" DataType="varchar" Size="20" NativeType="varchar" Description="Subledger acct preprocessing procedure"/>
      <Column Name="PSON1" Nullable="true" DataType="varchar" Size="35" NativeType="varchar" Description="Name 1"/>
      <Column Name="PSON2" Nullable="true" DataType="varchar" Size="35" NativeType="varchar" Description="Name 2"/>
      <Column Name="PSON3" Nullable="true" DataType="varchar" Size="35" NativeType="varchar" Description="Name 3"/>
      <Column Name="PSOVN" Nullable="true" DataType="varchar" Size="35" NativeType="varchar" Description="First Name"/>
      <Column Name="PSOTL" Nullable="true" DataType="varchar" Size="20" NativeType="varchar" Description="Title"/>
      <Column Name="PSOHS" Nullable="true" DataType="varchar" Size="6" NativeType="varchar" Description="House number: is no longer used from Release 4.6B"/>
      <Column Name="PSOST" Nullable="true" DataType="varchar" Size="28" NativeType="varchar" Description="Street: No longer used from Release 4.6B"/>
      <Column Name="TRANSPORT_CHAIN" Nullable="true" DataType="varchar" Size="10" NativeType="varchar" Description="Transportation Chain"/>
      <Column Name="STAGING_TIME" Nullable="true" DataType="decimal" Precision="3" Scale="0" NativeType="decimal" Description="Staging Time in Days"/>
      <Column Name="SCHEDULING_TYPE" Nullable="true" DataType="varchar" Size="1" NativeType="varchar" Description="Scheduling Procedure"/>
      <Column Name="SUBMI_RELEVANT" Nullable="true" DataType="varchar" Size="1" NativeType="varchar" Description="Cross Docking: Relevant for Collective Numbering"/>
      <PrimaryKey>
        <PrimaryKeyColumn>MANDT</PrimaryKeyColumn>
        <PrimaryKeyColumn>LIFNR</PrimaryKeyColumn>
      </PrimaryKey>
      <TableIndex Name="PRIMARY" isPrimary="true" Unique="true">
        <IndexColumn Name="MANDT"/>
        <IndexColumn Name="LIFNR"/>
      </TableIndex>
      <TableIndex Name="001" isPrimary="false" Unique="false">
        <IndexColumn Name="CONFS"/>
      </TableIndex>
      <TableIndex Name="E" isPrimary="false" Unique="false">
        <IndexColumn Name="SORTL"/>
      </TableIndex>
      <TableIndex Name="FIS" isPrimary="false" Unique="false">
        <IndexColumn Name="FISKN"/>
      </TableIndex>
      <TableIndex Name="ILN" isPrimary="false" Unique="false">
        <IndexColumn Name="BBBNR"/>
        <IndexColumn Name="BBSNR"/>
        <IndexColumn Name="BUBKZ"/>
      </TableIndex>
      <TableIndex Name="MC3" isPrimary="false" Unique="false">
        <IndexColumn Name="MCOD3"/>
      </TableIndex>
      <TableIndex Name="MCD" isPrimary="false" Unique="false">
        <IndexColumn Name="MCOD1"/>
        <IndexColumn Name="MCOD2"/>
        <IndexColumn Name="MCOD3"/>
      </TableIndex>
      <TableIndex Name="PLZ" isPrimary="false" Unique="false">
        <IndexColumn Name="PSTLZ"/>
      </TableIndex>
      <TableIndex Name="R" isPrimary="false" Unique="false">
        <IndexColumn Name="ESRNR"/>
      </TableIndex>
      <TableIndex Name="Z" isPrimary="false" Unique="false">
        <IndexColumn Name="LAND1"/>
      </TableIndex>
      <ForeignKey Name="ACTA_FK_17" ReferredTableKey="" ReferredTable="LFA1" ReferredTableOwner="">
        <PKFKColumn Column="LNRZA" ReferredColumn="LIFNR"/>
      </ForeignKey>
      <ForeignKey Name="ACTA_FK_31" ReferredTableKey="" ReferredTable="TTXJ" ReferredTableOwner="">
        <PKFKColumn Column="TXJCD" ReferredColumn="TXJCD"/>
      </ForeignKey>
      <ForeignKey Name="ACTA_FK_20" ReferredTableKey="" ReferredTable="T005" ReferredTableOwner="">
        <PKFKColumn Column="LAND1" ReferredColumn="LAND1"/>
      </ForeignKey>
      <ForeignKey Name="ACTA_FK_22" ReferredTableKey="" ReferredTable="T016" ReferredTableOwner="">
        <PKFKColumn Column="BRSCH" ReferredColumn="BRSCH"/>
      </ForeignKey>
      <ForeignKey Name="ACTA_FK_14" ReferredTableKey="" ReferredTable="KNA1" ReferredTableOwner="">
        <PKFKColumn Column="KUNNR" ReferredColumn="KUNNR"/>
      </ForeignKey>
      <ForeignKey Name="ACTA_FK_15" ReferredTableKey="" ReferredTable="LFA1" ReferredTableOwner="">
        <PKFKColumn Column="FISKN" ReferredColumn="LIFNR"/>
      </ForeignKey>
      <ForeignKey Name="ACTA_FK_16" ReferredTableKey="" ReferredTable="LFA1" ReferredTableOwner="">
        <PKFKColumn Column="FISKU" ReferredColumn="LIFNR"/>
      </ForeignKey>
      <ForeignKey Name="ACTA_FK_0" ReferredTableKey="" ReferredTable="BUSTYPE" ReferredTableOwner="-1">
        <PKFKColumn Column="J_1KFTBUS" ReferredColumn="GESTYP"/>
      </ForeignKey>
      <ForeignKey Name="ACTA_FK_1" ReferredTableKey="" ReferredTable="FMFGT_ALC" ReferredTableOwner="-1">
        <PKFKColumn Column="ALC" ReferredColumn="ALC"/>
      </ForeignKey>
      <ForeignKey Name="ACTA_FK_2" ReferredTableKey="" ReferredTable="FMFGT_PO" ReferredTableOwner="-1">
        <PKFKColumn Column="PMT_OFFICE" ReferredColumn="PMT_OFFICE"/>
      </ForeignKey>
      <ForeignKey Name="ACTA_FK_3" ReferredTableKey="" ReferredTable="INDUSTYPE" ReferredTableOwner="-1">
        <PKFKColumn Column="J_1KFTIND" ReferredColumn="INDTYPE"/>
      </ForeignKey>
      <ForeignKey Name="ACTA_FK_4" ReferredTableKey="" ReferredTable="J_1AACT" ReferredTableOwner="-1">
        <PKFKColumn Column="ACTSS" ReferredColumn="J_1AACT"/>
      </ForeignKey>
      <ForeignKey Name="ACTA_FK_5" ReferredTableKey="" ReferredTable="J_1AFITP" ReferredTableOwner="-1">
        <PKFKColumn Column="FITYP" ReferredColumn="J_1AFITP"/>
      </ForeignKey>
      <ForeignKey Name="ACTA_FK_6" ReferredTableKey="" ReferredTable="J_1ATODC" ReferredTableOwner="-1">
        <PKFKColumn Column="STCDT" ReferredColumn="J_1ATODC"/>
      </ForeignKey>
      <ForeignKey Name="ACTA_FK_7" ReferredTableKey="" ReferredTable="J_1BTCNAE" ReferredTableOwner="-1">
        <PKFKColumn Column="CNAE" ReferredColumn="J_1BCNAE"/>
      </ForeignKey>
      <ForeignKey Name="ACTA_FK_8" ReferredTableKey="" ReferredTable="J_1BTCOMSIZE" ReferredTableOwner="-1">
        <PKFKColumn Column="COMSIZE" ReferredColumn="J_1BCOMSIZE"/>
      </ForeignKey>
      <ForeignKey Name="ACTA_FK_9" ReferredTableKey="" ReferredTable="J_1BTDECREGPC" ReferredTableOwner="-1">
        <PKFKColumn Column="DECREGPC" ReferredColumn="J_1BDECREGPC"/>
      </ForeignKey>
      <ForeignKey Name="ACTA_FK_10" ReferredTableKey="" ReferredTable="J_1BTICMSTAXPAY" ReferredTableOwner="-1">
        <PKFKColumn Column="ICMSTAXPAY" ReferredColumn="J_1BICMSTAXPAY"/>
      </ForeignKey>
      <ForeignKey Name="ACTA_FK_11" ReferredTableKey="" ReferredTable="J_1BTINDTYP" ReferredTableOwner="-1">
        <PKFKColumn Column="INDTYP" ReferredColumn="J_1BINDTYP"/>
      </ForeignKey>
      <ForeignKey Name="ACTA_FK_12" ReferredTableKey="" ReferredTable="J_1BTLEGALNAT" ReferredTableOwner="-1">
        <PKFKColumn Column="LEGALNAT" ReferredColumn="J_1BLEGALNAT"/>
      </ForeignKey>
      <ForeignKey Name="ACTA_FK_13" ReferredTableKey="" ReferredTable="J_1BTTDT" ReferredTableOwner="-1">
        <PKFKColumn Column="TDT" ReferredColumn="J_1BTDT"/>
      </ForeignKey>
      <ForeignKey Name="ACTA_FK_18" ReferredTableKey="" ReferredTable="PSO19" ReferredTableOwner="-1">
        <PKFKColumn Column="PSOFG" ReferredColumn="PSOFG"/>
      </ForeignKey>
      <ForeignKey Name="ACTA_FK_19" ReferredTableKey="" ReferredTable="T002" ReferredTableOwner="-1">
        <PKFKColumn Column="SPRAS" ReferredColumn="SPRAS"/>
      </ForeignKey>
      <ForeignKey Name="ACTA_FK_21" ReferredTableKey="" ReferredTable="T005S" ReferredTableOwner="-1">
        <PKFKColumn Column="LAND1" ReferredColumn="LAND1"/>
        <PKFKColumn Column="REGIO" ReferredColumn="BLAND"/>
      </ForeignKey>
      <ForeignKey Name="ACTA_FK_23" ReferredTableKey="" ReferredTable="T077K" ReferredTableOwner="-1">
        <PKFKColumn Column="KTOCK" ReferredColumn="KTOKK"/>
      </ForeignKey>
      <ForeignKey Name="ACTA_FK_24" ReferredTableKey="" ReferredTable="T077K" ReferredTableOwner="-1">
        <PKFKColumn Column="KTOKK" ReferredColumn="KTOKK"/>
      </ForeignKey>
      <ForeignKey Name="ACTA_FK_25" ReferredTableKey="" ReferredTable="T880" ReferredTableOwner="-1">
        <PKFKColumn Column="VBUND" ReferredColumn="RCOMP"/>
      </ForeignKey>
      <ForeignKey Name="ACTA_FK_26" ReferredTableKey="" ReferredTable="TCURC" ReferredTableOwner="-1">
        <PKFKColumn Column="J_SC_CURRENCY" ReferredColumn="WAERS"/>
      </ForeignKey>
      <ForeignKey Name="ACTA_FK_27" ReferredTableKey="" ReferredTable="TFACD" ReferredTableOwner="-1">
        <PKFKColumn Column="PLKAL" ReferredColumn="IDENT"/>
      </ForeignKey>
      <ForeignKey Name="ACTA_FK_28" ReferredTableKey="" ReferredTable="TQ02B" ReferredTableOwner="-1">
        <PKFKColumn Column="QSSYS" ReferredColumn="QSSYSFAM"/>
      </ForeignKey>
      <ForeignKey Name="ACTA_FK_29" ReferredTableKey="" ReferredTable="TQ04A" ReferredTableOwner="-1">
        <PKFKColumn Column="SPERQ" ReferredColumn="SPERRFKT"/>
      </ForeignKey>
      <ForeignKey Name="ACTA_FK_30" ReferredTableKey="" ReferredTable="TSFG" ReferredTableOwner="-1">
        <PKFKColumn Column="SFRGR" ReferredColumn="SFRGR"/>
      </ForeignKey>
      <ForeignKey Name="ACTA_FK_32" ReferredTableKey="" ReferredTable="TVFCD" ReferredTableOwner="-1">
        <PKFKColumn Column="DLGRP" ReferredColumn="DLGRP"/>
      </ForeignKey>
      <ForeignKey Name="ACTA_FK_33" ReferredTableKey="" ReferredTable="TZONE" ReferredTableOwner="-1">
        <PKFKColumn Column="LAND1" ReferredColumn="LAND1"/>
        <PKFKColumn Column="LZONE" ReferredColumn="ZONE1"/>
      </ForeignKey>
      <ForeignKey Name="ACTA_FK_34" ReferredTableKey="" ReferredTable="VTSGD" ReferredTableOwner="-1">
        <PKFKColumn Column="STGDL" ReferredColumn="STGDL"/>
      </ForeignKey>
      <ForeignKey Name="ACTA_FK_35" ReferredTableKey="" ReferredTable="WRF_PSCD_TCHAINH" ReferredTableOwner="-1">
        <PKFKColumn Column="TRANSPORT_CHAIN" ReferredColumn="TC_ID"/>
      </ForeignKey>
    </Table>
  </MetadataObjects>
  <Status>
    <StatusCode>SUCCESS</StatusCode>
  </Status>
</MetadataReply>