<MetadataReply xmlns="http://www.sap.com/DataServices/DataServicesXSD">
  <ID>7430</ID>
  <MetadataObjects>
    <Table Name="LFBW" Owner="" Description="Vendor master record (withholding tax types) X">
      <Attributes>
        <Attribute Name="SAP_Table_Class" Value="1"/>
        <Attribute Name="SAP_Table_Class_Name" Value="transparent"/>
        <Attribute Name="sap_row_size" Value="88"/>
        <Attribute Name="sap_table_size_category" Value="1"/>
        <Attribute Name="sap_table_type" Value="Transparent Table"/>
      </Attributes>
      <Column Name="MANDT" Nullable="false" DataType="varchar" Size="3" NativeType="varchar" Description="Client"/>
      <Column Name="LIFNR" Nullable="false" DataType="varchar" Size="10" NativeType="varchar" Description="Account Number of Vendor or Creditor"/>
      <Column Name="BUKRS" Nullable="false" DataType="varchar" Size="4" NativeType="varchar" Description="Company Code"/>
      <Column Name="WITHT" Nullable="false" DataType="varchar" Size="2" NativeType="varchar" Description="Indicator for withholding tax type"/>
      <Column Name="WT_SUBJCT" Nullable="true" DataType="varchar" Size="1" NativeType="varchar" Description="Indicator: Subject to withholding tax?"/>
      <Column Name="QSREC" Nullable="true" DataType="varchar" Size="2" NativeType="varchar" Description="Type of recipient"/>
      <Column Name="WT_WTSTCD" Nullable="true" DataType="varchar" Size="16" NativeType="varchar" Description="Withholding tax identification number"/>
      <Column Name="WT_WITHCD" Nullable="true" DataType="varchar" Size="2" NativeType="varchar" Description="Withholding tax code"/>
      <Column Name="WT_EXNR" Nullable="true" DataType="varchar" Size="25" NativeType="varchar" Description="Exemption certificate number"/>
      <Column Name="WT_EXRT" Nullable="true" DataType="decimal" Precision="5" Scale="2" NativeType="decimal" Description="Exemption rate"/>
      <Column Name="WT_EXDF" Nullable="true" DataType="date" NativeType="date" Description="Date on which exemption begins"/>
      <Column Name="WT_EXDT" Nullable="true" DataType="date" NativeType="date" Description="Date on which exemption ends"/>
      <Column Name="WT_WTEXRS" Nullable="true" DataType="varchar" Size="2" NativeType="varchar" Description="Reason for exemption"/>
      <PrimaryKey>
        <PrimaryKeyColumn>MANDT</PrimaryKeyColumn>
        <PrimaryKeyColumn>LIFNR</PrimaryKeyColumn>
        <PrimaryKeyColumn>BUKRS</PrimaryKeyColumn>
        <PrimaryKeyColumn>WITHT</PrimaryKeyColumn>
      </PrimaryKey>
      <TableIndex Name="PRIMARY" isPrimary="true" Unique="true">
        <IndexColumn Name="MANDT"/>
        <IndexColumn Name="LIFNR"/>
        <IndexColumn Name="BUKRS"/>
        <IndexColumn Name="WITHT"/>
      </TableIndex>
      <ForeignKey Name="ACTA_FK_1" ReferredTableKey="" ReferredTable="T001" ReferredTableOwner="">
        <PKFKColumn Column="BUKRS" ReferredColumn="BUKRS"/>
      </ForeignKey>
      <ForeignKey Name="ACTA_FK_0" ReferredTableKey="" ReferredTable="LFA1" ReferredTableOwner="">
        <PKFKColumn Column="LIFNR" ReferredColumn="LIFNR"/>
      </ForeignKey>
      <ForeignKey Name="ACTA_FK_3" ReferredTableKey="" ReferredTable="T059P" ReferredTableOwner="">
        <PKFKColumn Column="WITHT" ReferredColumn="WITHT"/>
      </ForeignKey>
      <ForeignKey Name="ACTA_FK_5" ReferredTableKey="" ReferredTable="T059Z" ReferredTableOwner="">
        <PKFKColumn Column="WITHT" ReferredColumn="WITHT"/>
        <PKFKColumn Column="WT_WITHCD" ReferredColumn="WT_WITHCD"/>
      </ForeignKey>
      <ForeignKey Name="ACTA_FK_2" ReferredTableKey="" ReferredTable="T059C" ReferredTableOwner="-1">
        <PKFKColumn Column="WITHT" ReferredColumn="WITHT"/>
        <PKFKColumn Column="QSREC" ReferredColumn="QSREC"/>
      </ForeignKey>
      <ForeignKey Name="ACTA_FK_4" ReferredTableKey="" ReferredTable="T059V" ReferredTableOwner="-1">
        <PKFKColumn Column="WT_WTEXRS" ReferredColumn="WT_WTEXRS"/>
      </ForeignKey>
    </Table>
  </MetadataObjects>
  <Status>
    <StatusCode>SUCCESS</StatusCode>
  </Status>
</MetadataReply>