<?xml version="1.0" encoding="utf-8" ?> <RuleExport xmlns="http://www.sap.com/ICC/Rule" version="14.2.14.2834"><RuleInfo> <rule:Rule guid="22094369-37B8-4301-99A9-C94DE4CCC4E2" xmlns:rule="http://www.sap.com/ICC/Rule">
<rule:name>RL_REGIO_Region_KNA1_lkp</rule:name>
<rule:grammar_version>1.0.0</rule:grammar_version>
<rule:description>Rule to check if Region value for Customer master data is valid according to the available values in the appropriate reference table in a standard SAP ECC 6.0 system.</rule:description>
<rule:Categories><rule:Category name="CA.rule dimension">Integrity</rule:Category></rule:Categories><rule:Parameters>
<rule:Parameter score="true">
<rule:technical_name>$PR_REGIO_KNA1</rule:technical_name>
<rule:description>Region reference parameter</rule:description>
<rule:data_type>varchar</rule:data_type>
<rule:content_type/>
</rule:Parameter>
<rule:Parameter score="true">
<rule:technical_name>$PR_LAND1_KNA1</rule:technical_name>
<rule:description/>
<rule:data_type>varchar</rule:data_type>
<rule:content_type>NONE</rule:content_type>
</rule:Parameter>
</rule:Parameters>
<rule:ValidationDefinition usage="expression">
<rule:expression>BEGIN
   RETURN exists('SAP_ECC', 'T005S', 'LAND1', $PR_LAND1_KNA1,'BLAND', $PR_REGIO_KNA1);
END</rule:expression>
</rule:ValidationDefinition>
<rule:FilterDefinition usage="expression">
<rule:expression>$PR_REGIO_KNA1 IS NOT NULL
AND $PR_REGIO_KNA1 != ''</rule:expression>
</rule:FilterDefinition>

</rule:Rule></RuleInfo> </RuleExport> 