<?xml version="1.0" encoding="utf-8" ?> <RuleExport xmlns="http://www.sap.com/ICC/Rule" version="14.2.14.2834"><RuleInfo> <rule:Rule guid="2CFBFD65-CA58-45AC-89C9-09F2C0952E30" xmlns:rule="http://www.sap.com/ICC/Rule">
<rule:name>RL_ZINRT_InterestCycleDomain_KNB1_cstm</rule:name>
<rule:grammar_version>1.0.0</rule:grammar_version>
<rule:description>Rule to check if Interest Cycle value for a Customer is valid according to the appropriate reference domain or value range for a standard SAP ECC 6.0 system.</rule:description>
<rule:Categories><rule:Category name="CA.rule dimension">Integrity</rule:Category></rule:Categories><rule:Parameters>
<rule:Parameter score="true">
<rule:technical_name>$PR_ZINRT_KNB1</rule:technical_name>
<rule:description>Interest Cycle domain reference parameter</rule:description>
<rule:data_type>varchar</rule:data_type>
<rule:content_type/>
</rule:Parameter>
</rule:Parameters>
<rule:ValidationDefinition usage="expression">
<rule:expression>BEGIN RETURN
$PR_ZINRT_KNB1 IS NULL
OR length($PR_ZINRT_KNB1 ) = 0
OR $PR_ZINRT_KNB1 IN ('01', '02', '03', '04', '05', '06', '07', '08', '09', '10', '11', '12');
END</rule:expression>
</rule:ValidationDefinition>
<rule:FilterDefinition usage="expression">
<rule:expression>$PR_ZINRT_KNB1 IS NOT NULL
AND $PR_ZINRT_KNB1 != ''</rule:expression>
</rule:FilterDefinition>
</rule:Rule></RuleInfo> </RuleExport> 