<?xml version="1.0" encoding="utf-8" ?> <RuleExport xmlns="http://www.sap.com/ICC/Rule" version="14.2.14.2834"><RuleInfo> <rule:Rule guid="3A461744-3B34-4FAC-8D2E-0E25A71B8FFB" xmlns:rule="http://www.sap.com/ICC/Rule">
<rule:name>RL_ANRED_TitleDomainReference_KNA1_lkp</rule:name>
<rule:grammar_version>1.0.0</rule:grammar_version>
<rule:description>TitleDomainReference should exist in TSAD3T</rule:description>
<rule:Categories><rule:Category name="CA.rule dimension">Integrity</rule:Category></rule:Categories><rule:Parameters>
<rule:Parameter score="true">
<rule:technical_name>$PR_ANRED_KNA1</rule:technical_name>
<rule:description>Title domain reference parameter</rule:description>
<rule:data_type>varchar</rule:data_type>
<rule:content_type/>
</rule:Parameter>
<rule:Parameter score="true">
<rule:technical_name>$PR_SPRAS_KNA1</rule:technical_name>
<rule:description/>
<rule:data_type>varchar</rule:data_type>
<rule:content_type/>
</rule:Parameter>
</rule:Parameters>
<rule:ValidationDefinition usage="expression">
<rule:expression>BEGIN RETURN
exists('SAP_ECC', 'TSAD3T', 'TITLE_MEDI', $PR_ANRED_KNA1)
OR $PR_SPRAS_KNA1 IS NULL OR $PR_SPRAS_KNA1='';
END</rule:expression>
</rule:ValidationDefinition>
<rule:FilterDefinition usage="expression">
<rule:expression>$PR_ANRED_KNA1 IS NOT NULL
AND $PR_ANRED_KNA1 != ''</rule:expression>
</rule:FilterDefinition>

</rule:Rule></RuleInfo> </RuleExport> 