<?xml version="1.0" encoding="utf-8" ?> <RuleExport xmlns="http://www.sap.com/ICC/Rule" version="14.2.14.2834"><RuleInfo> <rule:Rule guid="A014C2FB-8478-4366-807B-602FCD574A97" xmlns:rule="http://www.sap.com/ICC/Rule">
<rule:name>RL_PODKZ_PODRelevantDomain_KNVV_cstm</rule:name>
<rule:grammar_version>1.0.0</rule:grammar_version>
<rule:description>Rule to check if POD Relevant value for a Customer is valid according to the appropriate reference domain or value range for a standard SAP ECC 6.0 system.</rule:description>
<rule:Categories><rule:Category name="CA.rule dimension">Integrity</rule:Category></rule:Categories><rule:Parameters>
<rule:Parameter score="true">
<rule:technical_name>$PR_PODKZ_KNVV</rule:technical_name>
<rule:description>POD Relevant domain reference parameter</rule:description>
<rule:data_type>varchar</rule:data_type>
<rule:content_type/>
</rule:Parameter>
</rule:Parameters>
<rule:ValidationDefinition usage="expression">
<rule:expression>BEGIN RETURN
$PR_PODKZ_KNVV IS NULL
OR length($PR_PODKZ_KNVV ) = 0
OR $PR_PODKZ_KNVV IN ('A', 'B');
END</rule:expression>
</rule:ValidationDefinition>
<rule:FilterDefinition usage="expression">
<rule:expression>$PR_PODKZ_KNVV IS NOT NULL
AND $PR_PODKZ_KNVV != ''</rule:expression>
</rule:FilterDefinition>
</rule:Rule></RuleInfo> </RuleExport> 