<?xml version="1.0" encoding="utf-8" ?> <RuleExport xmlns="http://www.sap.com/ICC/Rule" version="14.2.14.2834"><RuleInfo> <rule:Rule guid="A9C28FA4-1FE3-4B71-A978-46250090A87A" xmlns:rule="http://www.sap.com/ICC/Rule">
<rule:name>RL_XAUSZ_BankStatementIndicatorRef_KNB1_lkp</rule:name>
<rule:grammar_version>1.0.0</rule:grammar_version>
<rule:description>Rule to check if Bank Statement Indicator value for Customer master data is valid according to the available values in the appropriate reference table in a standard SAP ECC 6.0 system.</rule:description>
<rule:Categories><rule:Category name="CA.rule dimension">Integrity</rule:Category></rule:Categories><rule:Parameters>
<rule:Parameter score="true">
<rule:technical_name>$PR_XAUSZ_KNB1</rule:technical_name>
<rule:description>Bank Statement Indicator reference parameter</rule:description>
<rule:data_type>varchar</rule:data_type>
<rule:content_type/>
</rule:Parameter>
</rule:Parameters>
<rule:ValidationDefinition usage="expression">
<rule:expression>BEGIN
   RETURN exists('SAP_ECC', 'T048K', 'XAUSZ', $PR_XAUSZ_KNB1);
END</rule:expression>
</rule:ValidationDefinition>
<rule:FilterDefinition usage="expression">
<rule:expression>$PR_XAUSZ_KNB1 IS NOT NULL
AND $PR_XAUSZ_KNB1 != ''</rule:expression>
</rule:FilterDefinition>

</rule:Rule></RuleInfo> </RuleExport> 