<?xml version="1.0" encoding="utf-8" ?> <RuleExport xmlns="http://www.sap.com/ICC/Rule" version="14.2.14.2834"><RuleInfo> <rule:Rule guid="CB906C8D-F43C-4DAD-9880-9BBCEFD159A8" xmlns:rule="http://www.sap.com/ICC/Rule">
<rule:name>RL_CIVVE_CivilianUseDomainReference_KNA1_cstm</rule:name>
<rule:grammar_version>1.0.0</rule:grammar_version>
<rule:description>Rule to check if Civilian Use value for a Customer is valid according to the appropriate reference domain or value range for a standard SAP ECC 6.0 system.</rule:description>
<rule:Categories><rule:Category name="CA.rule dimension">Integrity</rule:Category></rule:Categories><rule:Parameters>
<rule:Parameter score="true">
<rule:technical_name>$PR_CIVVE_KNA1</rule:technical_name>
<rule:description>Civilian Use domain reference parameter</rule:description>
<rule:data_type>varchar</rule:data_type>
<rule:content_type/>
</rule:Parameter>
</rule:Parameters>
<rule:ValidationDefinition usage="expression">
<rule:expression>BEGIN RETURN
$PR_CIVVE_KNA1 IS NULL
OR length($PR_CIVVE_KNA1 ) = 0
OR $PR_CIVVE_KNA1 = 'X';
END</rule:expression>
</rule:ValidationDefinition>
<rule:FilterDefinition usage="expression">
<rule:expression>$PR_CIVVE_KNA1 IS NOT NULL
AND $PR_CIVVE_KNA1 != ''</rule:expression>
</rule:FilterDefinition>
</rule:Rule></RuleInfo> </RuleExport> 