<?xml version="1.0" encoding="utf-8" ?> <RuleExport xmlns="http://www.sap.com/ICC/Rule" version="14.2.14.2834"><RuleInfo> <rule:Rule guid="D39F3C8A-AA2A-4DC2-83B8-FB63732E675A" xmlns:rule="http://www.sap.com/ICC/Rule">
<rule:name>RL_KALKS_PricingProcedure_KNVV_lkp</rule:name>
<rule:grammar_version>1.0.0</rule:grammar_version>
<rule:description>Rule to check if Pricing Procedure value for Customer master data is valid according to the available values in the appropriate reference table in a standard SAP ECC 6.0 system.</rule:description>
<rule:Categories><rule:Category name="CA.rule dimension">Integrity</rule:Category></rule:Categories><rule:Parameters>
<rule:Parameter score="true">
<rule:technical_name>$PR_KALKS_KNVV</rule:technical_name>
<rule:description>Pricing Procedure reference parameter</rule:description>
<rule:data_type>varchar</rule:data_type>
<rule:content_type/>
</rule:Parameter>
</rule:Parameters>
<rule:ValidationDefinition usage="expression">
<rule:expression>BEGIN
   RETURN exists('SAP_ECC', 'TVKD', 'KALKS', $PR_KALKS_KNVV);
END</rule:expression>
</rule:ValidationDefinition>
<rule:FilterDefinition usage="expression">
<rule:expression>$PR_KALKS_KNVV IS NOT NULL
AND $PR_KALKS_KNVV != ''</rule:expression>
</rule:FilterDefinition>

</rule:Rule></RuleInfo> </RuleExport> 