<MetadataReply xmlns="http://www.sap.com/DataServices/DataServicesXSD">
  <ID>1170</ID>
  <MetadataObjects>
    <Table Name="KNBK" Owner="" Description="">
      <Column Name="MANDT" Nullable="false" DataType="varchar" Size="3" NativeType="varchar" Description=""/>
      <Column Name="KUNNR" Nullable="false" DataType="varchar" Size="10" NativeType="varchar" Description=""/>
      <Column Name="BANKS" Nullable="false" DataType="varchar" Size="3" NativeType="varchar" Description=""/>
      <Column Name="BANKL" Nullable="false" DataType="varchar" Size="15" NativeType="varchar" Description=""/>
      <Column Name="BANKN" Nullable="false" DataType="varchar" Size="18" NativeType="varchar" Description=""/>
      <Column Name="BKONT" Nullable="true" DataType="varchar" Size="2" NativeType="varchar" Description=""/>
      <Column Name="BVTYP" Nullable="true" DataType="varchar" Size="4" NativeType="varchar" Description=""/>
      <Column Name="XEZER" Nullable="true" DataType="varchar" Size="1" NativeType="varchar" Description=""/>
      <Column Name="BKREF" Nullable="true" DataType="varchar" Size="20" NativeType="varchar" Description=""/>
      <Column Name="KOINH" Nullable="true" DataType="varchar" Size="60" NativeType="varchar" Description=""/>
      <Column Name="EBPP_ACCNAME" Nullable="true" DataType="varchar" Size="40" NativeType="varchar" Description=""/>
      <Column Name="EBPP_BVSTATUS" Nullable="true" DataType="varchar" Size="1" NativeType="varchar" Description=""/>
      <Column Name="KOVON" Nullable="true" DataType="date" NativeType="date" Description=""/>
      <Column Name="KOBIS" Nullable="true" DataType="date" NativeType="date" Description=""/>
      <PrimaryKey>
        <PrimaryKeyColumn>MANDT</PrimaryKeyColumn>
        <PrimaryKeyColumn>KUNNR</PrimaryKeyColumn>
        <PrimaryKeyColumn>BANKS</PrimaryKeyColumn>
        <PrimaryKeyColumn>BANKL</PrimaryKeyColumn>
        <PrimaryKeyColumn>BANKN</PrimaryKeyColumn>
      </PrimaryKey>
    </Table>
  </MetadataObjects>
  <Status>
    <StatusCode>SUCCESS</StatusCode>
  </Status>
</MetadataReply>