<MetadataReply xmlns="http://www.sap.com/DataServices/DataServicesXSD">
  <ID>1219</ID>
  <MetadataObjects>
    <Table Name="T002" Owner="" Description="">
      <Column Name="SPRAS" Nullable="false" DataType="varchar" Size="1" NativeType="varchar" Description=""/>
      <Column Name="LASPEZ" Nullable="false" DataType="varchar" Size="1" NativeType="varchar" Description=""/>
      <Column Name="LAHQ" Nullable="true" DataType="varchar" Size="1" NativeType="varchar" Description=""/>
      <Column Name="LAISO" Nullable="true" DataType="varchar" Size="2" NativeType="varchar" Description=""/>
      <PrimaryKey>
        <PrimaryKeyColumn>SPRAS</PrimaryKeyColumn>
      </PrimaryKey>
    </Table>
  </MetadataObjects>
  <Status>
    <StatusCode>SUCCESS</StatusCode>
  </Status>
</MetadataReply>