<MetadataReply xmlns="http://www.sap.com/DataServices/DataServicesXSD">
  <ID>1216</ID>
  <MetadataObjects>
    <Table Name="KNVP" Owner="" Description="">
      <Column Name="MANDT" Nullable="false" DataType="varchar" Size="3" NativeType="varchar" Description=""/>
      <Column Name="KUNNR" Nullable="false" DataType="varchar" Size="10" NativeType="varchar" Description=""/>
      <Column Name="VKORG" Nullable="false" DataType="varchar" Size="4" NativeType="varchar" Description=""/>
      <Column Name="VTWEG" Nullable="false" DataType="varchar" Size="2" NativeType="varchar" Description=""/>
      <Column Name="SPART" Nullable="false" DataType="varchar" Size="2" NativeType="varchar" Description=""/>
      <Column Name="PARVW" Nullable="false" DataType="varchar" Size="2" NativeType="varchar" Description=""/>
      <Column Name="PARZA" Nullable="false" DataType="numeric" Precision="3" Scale="0" NativeType="numeric" Description=""/>
      <Column Name="KUNN2" Nullable="true" DataType="varchar" Size="10" NativeType="varchar" Description=""/>
      <Column Name="LIFNR" Nullable="true" DataType="varchar" Size="10" NativeType="varchar" Description=""/>
      <Column Name="PERNR" Nullable="true" DataType="numeric" Precision="8" Scale="0" NativeType="numeric" Description=""/>
      <Column Name="PARNR" Nullable="true" DataType="numeric" Precision="10" Scale="0" NativeType="numeric" Description=""/>
      <Column Name="KNREF" Nullable="true" DataType="varchar" Size="30" NativeType="varchar" Description=""/>
      <Column Name="DEFPA" Nullable="true" DataType="varchar" Size="1" NativeType="varchar" Description=""/>
      <PrimaryKey>
        <PrimaryKeyColumn>MANDT</PrimaryKeyColumn>
        <PrimaryKeyColumn>KUNNR</PrimaryKeyColumn>
        <PrimaryKeyColumn>VKORG</PrimaryKeyColumn>
        <PrimaryKeyColumn>VTWEG</PrimaryKeyColumn>
        <PrimaryKeyColumn>SPART</PrimaryKeyColumn>
        <PrimaryKeyColumn>PARVW</PrimaryKeyColumn>
        <PrimaryKeyColumn>PARZA</PrimaryKeyColumn>
      </PrimaryKey>
    </Table>
  </MetadataObjects>
  <Status>
    <StatusCode>SUCCESS</StatusCode>
  </Status>
</MetadataReply>