<MetadataReply xmlns="http://www.sap.com/DataServices/DataServicesXSD">
  <ID>1039</ID>
  <MetadataObjects>
    <Table Name="T137" Owner="" Description="">
      <Column Name="MANDT" Nullable="false" DataType="varchar" Size="3" NativeType="varchar" Description=""/>
      <Column Name="MBRSH" Nullable="false" DataType="varchar" Size="1" NativeType="varchar" Description=""/>
      <Column Name="BRARE" Nullable="false" DataType="varchar" Size="1" NativeType="varchar" Description=""/>
      <Column Name="BBREF" Nullable="false" DataType="varchar" Size="1" NativeType="varchar" Description=""/>
      <Column Name="FLREF" Nullable="false" DataType="varchar" Size="4" NativeType="varchar" Description=""/>
      <PrimaryKey>
        <PrimaryKeyColumn>MANDT</PrimaryKeyColumn>
        <PrimaryKeyColumn>MBRSH</PrimaryKeyColumn>
      </PrimaryKey>
    </Table>
  </MetadataObjects>
  <Status>
    <StatusCode>SUCCESS</StatusCode>
  </Status>
</MetadataReply>