<MetadataReply xmlns="http://www.sap.com/DataServices/DataServicesXSD">
  <ID>1105</ID>
  <MetadataObjects>
    <Table Name="TZGR" Owner="" Description="">
      <Column Name="ZGRUP" Nullable="true" DataType="varchar" Size="2" NativeType="varchar" Description=""/>
      <Column Name="NAME1" Nullable="true" DataType="varchar" Size="30" NativeType="varchar" Description=""/>
      <Column Name="OFFS1" Nullable="true" DataType="numeric" Precision="2" Scale="0" NativeType="numeric" Description=""/>
      <Column Name="LENG1" Nullable="true" DataType="numeric" Precision="2" Scale="0" NativeType="numeric" Description=""/>
      <Column Name="NAME2" Nullable="true" DataType="varchar" Size="30" NativeType="varchar" Description=""/>
      <Column Name="OFFS2" Nullable="true" DataType="numeric" Precision="2" Scale="0" NativeType="numeric" Description=""/>
      <Column Name="LENG2" Nullable="true" DataType="numeric" Precision="2" Scale="0" NativeType="numeric" Description=""/>
      <Column Name="NAME3" Nullable="true" DataType="varchar" Size="30" NativeType="varchar" Description=""/>
      <Column Name="OFFS3" Nullable="true" DataType="numeric" Precision="2" Scale="0" NativeType="numeric" Description=""/>
      <Column Name="LENG3" Nullable="true" DataType="numeric" Precision="2" Scale="0" NativeType="numeric" Description=""/>
      <Column Name="XDEBI" Nullable="true" DataType="varchar" Size="1" NativeType="varchar" Description=""/>
      <Column Name="XKRED" Nullable="true" DataType="varchar" Size="1" NativeType="varchar" Description=""/>
      <PrimaryKey>
        <PrimaryKeyColumn>ZGRUP</PrimaryKeyColumn>
      </PrimaryKey>
    </Table>
  </MetadataObjects>
  <Status>
    <StatusCode>SUCCESS</StatusCode>
  </Status>
</MetadataReply>