<MetadataReply xmlns="http://www.sap.com/DataServices/DataServicesXSD">
  <ID>1239</ID>
  <MetadataObjects>
    <Table Name="T005T" Owner="" Description="">
      <Column Name="MANDT" Nullable="false" DataType="varchar" Size="3" NativeType="varchar" Description=""/>
      <Column Name="SPRAS" Nullable="false" DataType="varchar" Size="1" NativeType="varchar" Description=""/>
      <Column Name="LAND1" Nullable="false" DataType="varchar" Size="3" NativeType="varchar" Description=""/>
      <Column Name="LANDX" Nullable="false" DataType="varchar" Size="15" NativeType="varchar" Description=""/>
      <Column Name="NATIO" Nullable="false" DataType="varchar" Size="15" NativeType="varchar" Description=""/>
      <Column Name="LANDX50" Nullable="true" DataType="varchar" Size="50" NativeType="varchar" Description=""/>
      <Column Name="NATIO50" Nullable="true" DataType="varchar" Size="50" NativeType="varchar" Description=""/>
      <Column Name="PRQ_SPREGT" Nullable="true" DataType="varchar" Size="30" NativeType="varchar" Description=""/>
      <PrimaryKey>
        <PrimaryKeyColumn>MANDT</PrimaryKeyColumn>
        <PrimaryKeyColumn>SPRAS</PrimaryKeyColumn>
        <PrimaryKeyColumn>LAND1</PrimaryKeyColumn>
      </PrimaryKey>
    </Table>
  </MetadataObjects>
  <Status>
    <StatusCode>SUCCESS</StatusCode>
  </Status>
</MetadataReply>