<MetadataReply xmlns="http://www.sap.com/DataServices/DataServicesXSD">
  <ID>1034</ID>
  <MetadataObjects>
    <Table Name="MVKE" Owner="" Description="">
      <Column Name="MANDT" Nullable="false" DataType="varchar" Size="3" NativeType="varchar" Description=""/>
      <Column Name="MATNR" Nullable="false" DataType="varchar" Size="18" NativeType="varchar" Description=""/>
      <Column Name="VKORG" Nullable="false" DataType="varchar" Size="4" NativeType="varchar" Description=""/>
      <Column Name="VTWEG" Nullable="false" DataType="varchar" Size="2" NativeType="varchar" Description=""/>
      <Column Name="LVORM" Nullable="true" DataType="varchar" Size="1" NativeType="varchar" Description=""/>
      <Column Name="VERSG" Nullable="true" DataType="varchar" Size="1" NativeType="varchar" Description=""/>
      <Column Name="BONUS" Nullable="true" DataType="varchar" Size="2" NativeType="varchar" Description=""/>
      <Column Name="PROVG" Nullable="true" DataType="varchar" Size="2" NativeType="varchar" Description=""/>
      <Column Name="SKTOF" Nullable="true" DataType="varchar" Size="1" NativeType="varchar" Description=""/>
      <Column Name="VMSTA" Nullable="true" DataType="varchar" Size="2" NativeType="varchar" Description=""/>
      <Column Name="VMSTD" Nullable="true" DataType="date" NativeType="date" Description=""/>
      <Column Name="AUMNG" Nullable="true" DataType="decimal" Precision="13" Scale="0" NativeType="decimal" Description=""/>
      <Column Name="LFMNG" Nullable="true" DataType="decimal" Precision="13" Scale="0" NativeType="decimal" Description=""/>
      <Column Name="EFMNG" Nullable="true" DataType="decimal" Precision="13" Scale="0" NativeType="decimal" Description=""/>
      <Column Name="SCMNG" Nullable="true" DataType="decimal" Precision="13" Scale="0" NativeType="decimal" Description=""/>
      <Column Name="SCHME" Nullable="true" DataType="varchar" Size="3" NativeType="varchar" Description=""/>
      <Column Name="VRKME" Nullable="true" DataType="varchar" Size="3" NativeType="varchar" Description=""/>
      <Column Name="MTPOS" Nullable="true" DataType="varchar" Size="4" NativeType="varchar" Description=""/>
      <Column Name="DWERK" Nullable="true" DataType="varchar" Size="4" NativeType="varchar" Description=""/>
      <Column Name="PRODH" Nullable="true" DataType="varchar" Size="18" NativeType="varchar" Description=""/>
      <Column Name="PMATN" Nullable="true" DataType="varchar" Size="18" NativeType="varchar" Description=""/>
      <Column Name="KONDM" Nullable="true" DataType="varchar" Size="2" NativeType="varchar" Description=""/>
      <Column Name="KTGRM" Nullable="true" DataType="varchar" Size="2" NativeType="varchar" Description=""/>
      <Column Name="MVGR1" Nullable="true" DataType="varchar" Size="3" NativeType="varchar" Description=""/>
      <Column Name="MVGR2" Nullable="true" DataType="varchar" Size="3" NativeType="varchar" Description=""/>
      <Column Name="MVGR3" Nullable="true" DataType="varchar" Size="3" NativeType="varchar" Description=""/>
      <Column Name="MVGR4" Nullable="true" DataType="varchar" Size="3" NativeType="varchar" Description=""/>
      <Column Name="MVGR5" Nullable="true" DataType="varchar" Size="3" NativeType="varchar" Description=""/>
      <Column Name="SSTUF" Nullable="true" DataType="varchar" Size="2" NativeType="varchar" Description=""/>
      <Column Name="PFLKS" Nullable="true" DataType="varchar" Size="1" NativeType="varchar" Description=""/>
      <Column Name="LSTFL" Nullable="true" DataType="varchar" Size="2" NativeType="varchar" Description=""/>
      <Column Name="LSTVZ" Nullable="true" DataType="varchar" Size="2" NativeType="varchar" Description=""/>
      <Column Name="LSTAK" Nullable="true" DataType="varchar" Size="1" NativeType="varchar" Description=""/>
      <Column Name="LDVFL" Nullable="true" DataType="date" NativeType="date" Description=""/>
      <Column Name="LDBFL" Nullable="true" DataType="date" NativeType="date" Description=""/>
      <Column Name="LDVZL" Nullable="true" DataType="date" NativeType="date" Description=""/>
      <Column Name="LDBZL" Nullable="true" DataType="date" NativeType="date" Description=""/>
      <Column Name="VDVFL" Nullable="true" DataType="date" NativeType="date" Description=""/>
      <Column Name="VDBFL" Nullable="true" DataType="date" NativeType="date" Description=""/>
      <Column Name="VDVZL" Nullable="true" DataType="date" NativeType="date" Description=""/>
      <Column Name="VDBZL" Nullable="true" DataType="date" NativeType="date" Description=""/>
      <Column Name="PRAT1" Nullable="true" DataType="varchar" Size="1" NativeType="varchar" Description=""/>
      <Column Name="PRAT2" Nullable="true" DataType="varchar" Size="1" NativeType="varchar" Description=""/>
      <Column Name="PRAT3" Nullable="true" DataType="varchar" Size="1" NativeType="varchar" Description=""/>
      <Column Name="PRAT4" Nullable="true" DataType="varchar" Size="1" NativeType="varchar" Description=""/>
      <Column Name="PRAT5" Nullable="true" DataType="varchar" Size="1" NativeType="varchar" Description=""/>
      <Column Name="PRAT6" Nullable="true" DataType="varchar" Size="1" NativeType="varchar" Description=""/>
      <Column Name="PRAT7" Nullable="true" DataType="varchar" Size="1" NativeType="varchar" Description=""/>
      <Column Name="PRAT8" Nullable="true" DataType="varchar" Size="1" NativeType="varchar" Description=""/>
      <Column Name="PRAT9" Nullable="true" DataType="varchar" Size="1" NativeType="varchar" Description=""/>
      <Column Name="PRATA" Nullable="true" DataType="varchar" Size="1" NativeType="varchar" Description=""/>
      <Column Name="RDPRF" Nullable="true" DataType="varchar" Size="4" NativeType="varchar" Description=""/>
      <Column Name="MEGRU" Nullable="true" DataType="varchar" Size="4" NativeType="varchar" Description=""/>
      <Column Name="LFMAX" Nullable="true" DataType="decimal" Precision="13" Scale="0" NativeType="decimal" Description=""/>
      <Column Name="RJART" Nullable="true" DataType="varchar" Size="1" NativeType="varchar" Description=""/>
      <Column Name="PBIND" Nullable="true" DataType="varchar" Size="1" NativeType="varchar" Description=""/>
      <Column Name="VAVME" Nullable="true" DataType="varchar" Size="1" NativeType="varchar" Description=""/>
      <Column Name="MATKC" Nullable="true" DataType="varchar" Size="1" NativeType="varchar" Description=""/>
      <Column Name="PVMSO" Nullable="true" DataType="numeric" Precision="8" Scale="0" NativeType="numeric" Description=""/>
      <Column Name="/BEV1/EMLGRP" Nullable="true" DataType="varchar" Size="4" NativeType="varchar" Description=""/>
      <Column Name="/BEV1/EMDRCKSPL" Nullable="true" DataType="numeric" Precision="1" Scale="0" NativeType="numeric" Description=""/>
      <Column Name="/BEV1/RPBEZME" Nullable="true" DataType="varchar" Size="3" NativeType="varchar" Description=""/>
      <Column Name="/BEV1/RPSNS" Nullable="true" DataType="varchar" Size="1" NativeType="varchar" Description=""/>
      <Column Name="/BEV1/RPSFA" Nullable="true" DataType="varchar" Size="1" NativeType="varchar" Description=""/>
      <Column Name="/BEV1/RPSKI" Nullable="true" DataType="varchar" Size="1" NativeType="varchar" Description=""/>
      <Column Name="/BEV1/RPSCO" Nullable="true" DataType="varchar" Size="1" NativeType="varchar" Description=""/>
      <Column Name="/BEV1/RPSSO" Nullable="true" DataType="varchar" Size="1" NativeType="varchar" Description=""/>
      <Column Name="PLGTP" Nullable="true" DataType="varchar" Size="2" NativeType="varchar" Description=""/>
      <PrimaryKey>
        <PrimaryKeyColumn>MANDT</PrimaryKeyColumn>
        <PrimaryKeyColumn>MATNR</PrimaryKeyColumn>
        <PrimaryKeyColumn>VKORG</PrimaryKeyColumn>
        <PrimaryKeyColumn>VTWEG</PrimaryKeyColumn>
      </PrimaryKey>
    </Table>
  </MetadataObjects>
  <Status>
    <StatusCode>SUCCESS</StatusCode>
  </Status>
</MetadataReply>