<MetadataReply xmlns="http://www.sap.com/DataServices/DataServicesXSD">
  <ID>1043</ID>
  <MetadataObjects>
    <Table Name="SKB1" Owner="" Description="">
      <Column Name="MANDT" Nullable="false" DataType="varchar" Size="3" NativeType="varchar" Description=""/>
      <Column Name="BUKRS" Nullable="false" DataType="varchar" Size="4" NativeType="varchar" Description=""/>
      <Column Name="SAKNR" Nullable="false" DataType="varchar" Size="10" NativeType="varchar" Description=""/>
      <Column Name="BEGRU" Nullable="true" DataType="varchar" Size="4" NativeType="varchar" Description=""/>
      <Column Name="BUSAB" Nullable="true" DataType="varchar" Size="2" NativeType="varchar" Description=""/>
      <Column Name="DATLZ" Nullable="true" DataType="date" NativeType="date" Description=""/>
      <Column Name="ERDAT" Nullable="true" DataType="date" NativeType="date" Description=""/>
      <Column Name="ERNAM" Nullable="true" DataType="varchar" Size="12" NativeType="varchar" Description=""/>
      <Column Name="FDGRV" Nullable="true" DataType="varchar" Size="10" NativeType="varchar" Description=""/>
      <Column Name="FDLEV" Nullable="true" DataType="varchar" Size="2" NativeType="varchar" Description=""/>
      <Column Name="FIPLS" Nullable="true" DataType="numeric" Precision="3" Scale="0" NativeType="numeric" Description=""/>
      <Column Name="FSTAG" Nullable="true" DataType="varchar" Size="4" NativeType="varchar" Description=""/>
      <Column Name="HBKID" Nullable="true" DataType="varchar" Size="5" NativeType="varchar" Description=""/>
      <Column Name="HKTID" Nullable="true" DataType="varchar" Size="5" NativeType="varchar" Description=""/>
      <Column Name="KDFSL" Nullable="true" DataType="varchar" Size="4" NativeType="varchar" Description=""/>
      <Column Name="MITKZ" Nullable="true" DataType="varchar" Size="1" NativeType="varchar" Description=""/>
      <Column Name="MWSKZ" Nullable="true" DataType="varchar" Size="2" NativeType="varchar" Description=""/>
      <Column Name="STEXT" Nullable="true" DataType="varchar" Size="50" NativeType="varchar" Description=""/>
      <Column Name="VZSKZ" Nullable="true" DataType="varchar" Size="2" NativeType="varchar" Description=""/>
      <Column Name="WAERS" Nullable="true" DataType="varchar" Size="5" NativeType="varchar" Description=""/>
      <Column Name="WMETH" Nullable="true" DataType="varchar" Size="2" NativeType="varchar" Description=""/>
      <Column Name="XGKON" Nullable="true" DataType="varchar" Size="1" NativeType="varchar" Description=""/>
      <Column Name="XINTB" Nullable="true" DataType="varchar" Size="1" NativeType="varchar" Description=""/>
      <Column Name="XKRES" Nullable="true" DataType="varchar" Size="1" NativeType="varchar" Description=""/>
      <Column Name="XLOEB" Nullable="true" DataType="varchar" Size="1" NativeType="varchar" Description=""/>
      <Column Name="XNKON" Nullable="true" DataType="varchar" Size="1" NativeType="varchar" Description=""/>
      <Column Name="XOPVW" Nullable="true" DataType="varchar" Size="1" NativeType="varchar" Description=""/>
      <Column Name="XSPEB" Nullable="true" DataType="varchar" Size="1" NativeType="varchar" Description=""/>
      <Column Name="ZINDT" Nullable="true" DataType="date" NativeType="date" Description=""/>
      <Column Name="ZINRT" Nullable="true" DataType="numeric" Precision="2" Scale="0" NativeType="numeric" Description=""/>
      <Column Name="ZUAWA" Nullable="true" DataType="varchar" Size="3" NativeType="varchar" Description=""/>
      <Column Name="ALTKT" Nullable="true" DataType="varchar" Size="10" NativeType="varchar" Description=""/>
      <Column Name="XMITK" Nullable="true" DataType="varchar" Size="1" NativeType="varchar" Description=""/>
      <Column Name="RECID" Nullable="true" DataType="varchar" Size="2" NativeType="varchar" Description=""/>
      <Column Name="FIPOS" Nullable="true" DataType="varchar" Size="14" NativeType="varchar" Description=""/>
      <Column Name="XMWNO" Nullable="true" DataType="varchar" Size="1" NativeType="varchar" Description=""/>
      <Column Name="XSALH" Nullable="true" DataType="varchar" Size="1" NativeType="varchar" Description=""/>
      <Column Name="BEWGP" Nullable="true" DataType="varchar" Size="10" NativeType="varchar" Description=""/>
      <Column Name="INFKY" Nullable="true" DataType="varchar" Size="8" NativeType="varchar" Description=""/>
      <Column Name="TOGRU" Nullable="true" DataType="varchar" Size="4" NativeType="varchar" Description=""/>
      <PrimaryKey>
        <PrimaryKeyColumn>MANDT</PrimaryKeyColumn>
        <PrimaryKeyColumn>BUKRS</PrimaryKeyColumn>
        <PrimaryKeyColumn>SAKNR</PrimaryKeyColumn>
      </PrimaryKey>
    </Table>
  </MetadataObjects>
  <Status>
    <StatusCode>SUCCESS</StatusCode>
  </Status>
</MetadataReply>