<MetadataReply xmlns="http://www.sap.com/DataServices/DataServicesXSD">
  <ID>1188</ID>
  <MetadataObjects>
    <Table Name="KNVV" Owner="" Description="">
      <Column Name="MANDT" Nullable="false" DataType="varchar" Size="3" NativeType="varchar" Description=""/>
      <Column Name="KUNNR" Nullable="false" DataType="varchar" Size="10" NativeType="varchar" Description=""/>
      <Column Name="VKORG" Nullable="false" DataType="varchar" Size="4" NativeType="varchar" Description=""/>
      <Column Name="VTWEG" Nullable="false" DataType="varchar" Size="2" NativeType="varchar" Description=""/>
      <Column Name="SPART" Nullable="false" DataType="varchar" Size="2" NativeType="varchar" Description=""/>
      <Column Name="ERNAM" Nullable="true" DataType="varchar" Size="12" NativeType="varchar" Description=""/>
      <Column Name="ERDAT" Nullable="true" DataType="date" NativeType="date" Description=""/>
      <Column Name="BEGRU" Nullable="true" DataType="varchar" Size="4" NativeType="varchar" Description=""/>
      <Column Name="LOEVM" Nullable="true" DataType="varchar" Size="1" NativeType="varchar" Description=""/>
      <Column Name="VERSG" Nullable="true" DataType="varchar" Size="1" NativeType="varchar" Description=""/>
      <Column Name="AUFSD" Nullable="true" DataType="varchar" Size="2" NativeType="varchar" Description=""/>
      <Column Name="KALKS" Nullable="true" DataType="varchar" Size="1" NativeType="varchar" Description=""/>
      <Column Name="KDGRP" Nullable="true" DataType="varchar" Size="2" NativeType="varchar" Description=""/>
      <Column Name="BZIRK" Nullable="true" DataType="varchar" Size="6" NativeType="varchar" Description=""/>
      <Column Name="KONDA" Nullable="true" DataType="varchar" Size="2" NativeType="varchar" Description=""/>
      <Column Name="PLTYP" Nullable="true" DataType="varchar" Size="2" NativeType="varchar" Description=""/>
      <Column Name="AWAHR" Nullable="true" DataType="numeric" Precision="3" Scale="0" NativeType="numeric" Description=""/>
      <Column Name="INCO1" Nullable="true" DataType="varchar" Size="3" NativeType="varchar" Description=""/>
      <Column Name="INCO2" Nullable="true" DataType="varchar" Size="28" NativeType="varchar" Description=""/>
      <Column Name="LIFSD" Nullable="true" DataType="varchar" Size="2" NativeType="varchar" Description=""/>
      <Column Name="AUTLF" Nullable="true" DataType="varchar" Size="1" NativeType="varchar" Description=""/>
      <Column Name="ANTLF" Nullable="true" DataType="decimal" Precision="1" Scale="0" NativeType="decimal" Description=""/>
      <Column Name="KZTLF" Nullable="true" DataType="varchar" Size="1" NativeType="varchar" Description=""/>
      <Column Name="KZAZU" Nullable="true" DataType="varchar" Size="1" NativeType="varchar" Description=""/>
      <Column Name="CHSPL" Nullable="true" DataType="varchar" Size="1" NativeType="varchar" Description=""/>
      <Column Name="LPRIO" Nullable="true" DataType="numeric" Precision="2" Scale="0" NativeType="numeric" Description=""/>
      <Column Name="EIKTO" Nullable="true" DataType="varchar" Size="12" NativeType="varchar" Description=""/>
      <Column Name="VSBED" Nullable="true" DataType="varchar" Size="2" NativeType="varchar" Description=""/>
      <Column Name="FAKSD" Nullable="true" DataType="varchar" Size="2" NativeType="varchar" Description=""/>
      <Column Name="MRNKZ" Nullable="true" DataType="varchar" Size="1" NativeType="varchar" Description=""/>
      <Column Name="PERFK" Nullable="true" DataType="varchar" Size="2" NativeType="varchar" Description=""/>
      <Column Name="PERRL" Nullable="true" DataType="varchar" Size="2" NativeType="varchar" Description=""/>
      <Column Name="KVAKZ" Nullable="true" DataType="varchar" Size="1" NativeType="varchar" Description=""/>
      <Column Name="KVAWT" Nullable="true" DataType="decimal" Precision="13" Scale="0" NativeType="decimal" Description=""/>
      <Column Name="WAERS" Nullable="true" DataType="varchar" Size="5" NativeType="varchar" Description=""/>
      <Column Name="KLABC" Nullable="true" DataType="varchar" Size="2" NativeType="varchar" Description=""/>
      <Column Name="KTGRD" Nullable="true" DataType="varchar" Size="2" NativeType="varchar" Description=""/>
      <Column Name="ZTERM" Nullable="true" DataType="varchar" Size="4" NativeType="varchar" Description=""/>
      <Column Name="VWERK" Nullable="true" DataType="varchar" Size="4" NativeType="varchar" Description=""/>
      <Column Name="VKGRP" Nullable="true" DataType="varchar" Size="3" NativeType="varchar" Description=""/>
      <Column Name="VKBUR" Nullable="true" DataType="varchar" Size="4" NativeType="varchar" Description=""/>
      <Column Name="VSORT" Nullable="true" DataType="varchar" Size="10" NativeType="varchar" Description=""/>
      <Column Name="KVGR1" Nullable="true" DataType="varchar" Size="3" NativeType="varchar" Description=""/>
      <Column Name="KVGR2" Nullable="true" DataType="varchar" Size="3" NativeType="varchar" Description=""/>
      <Column Name="KVGR3" Nullable="true" DataType="varchar" Size="3" NativeType="varchar" Description=""/>
      <Column Name="KVGR4" Nullable="true" DataType="varchar" Size="3" NativeType="varchar" Description=""/>
      <Column Name="KVGR5" Nullable="true" DataType="varchar" Size="3" NativeType="varchar" Description=""/>
      <Column Name="BOKRE" Nullable="true" DataType="varchar" Size="1" NativeType="varchar" Description=""/>
      <Column Name="BOIDT" Nullable="true" DataType="date" NativeType="date" Description=""/>
      <Column Name="KURST" Nullable="true" DataType="varchar" Size="4" NativeType="varchar" Description=""/>
      <Column Name="PRFRE" Nullable="true" DataType="varchar" Size="1" NativeType="varchar" Description=""/>
      <Column Name="PRAT1" Nullable="true" DataType="varchar" Size="1" NativeType="varchar" Description=""/>
      <Column Name="PRAT2" Nullable="true" DataType="varchar" Size="1" NativeType="varchar" Description=""/>
      <Column Name="PRAT3" Nullable="true" DataType="varchar" Size="1" NativeType="varchar" Description=""/>
      <Column Name="PRAT4" Nullable="true" DataType="varchar" Size="1" NativeType="varchar" Description=""/>
      <Column Name="PRAT5" Nullable="true" DataType="varchar" Size="1" NativeType="varchar" Description=""/>
      <Column Name="PRAT6" Nullable="true" DataType="varchar" Size="1" NativeType="varchar" Description=""/>
      <Column Name="PRAT7" Nullable="true" DataType="varchar" Size="1" NativeType="varchar" Description=""/>
      <Column Name="PRAT8" Nullable="true" DataType="varchar" Size="1" NativeType="varchar" Description=""/>
      <Column Name="PRAT9" Nullable="true" DataType="varchar" Size="1" NativeType="varchar" Description=""/>
      <Column Name="PRATA" Nullable="true" DataType="varchar" Size="1" NativeType="varchar" Description=""/>
      <Column Name="KABSS" Nullable="true" DataType="varchar" Size="4" NativeType="varchar" Description=""/>
      <Column Name="KKBER" Nullable="true" DataType="varchar" Size="4" NativeType="varchar" Description=""/>
      <Column Name="CASSD" Nullable="true" DataType="varchar" Size="2" NativeType="varchar" Description=""/>
      <Column Name="RDOFF" Nullable="true" DataType="varchar" Size="1" NativeType="varchar" Description=""/>
      <Column Name="AGREL" Nullable="true" DataType="varchar" Size="1" NativeType="varchar" Description=""/>
      <Column Name="MEGRU" Nullable="true" DataType="varchar" Size="4" NativeType="varchar" Description=""/>
      <Column Name="UEBTO" Nullable="true" DataType="decimal" Precision="3" Scale="0" NativeType="decimal" Description=""/>
      <Column Name="UNTTO" Nullable="true" DataType="decimal" Precision="3" Scale="0" NativeType="decimal" Description=""/>
      <Column Name="UEBTK" Nullable="true" DataType="varchar" Size="1" NativeType="varchar" Description=""/>
      <Column Name="PVKSM" Nullable="true" DataType="varchar" Size="2" NativeType="varchar" Description=""/>
      <Column Name="PODKZ" Nullable="true" DataType="varchar" Size="1" NativeType="varchar" Description=""/>
      <Column Name="PODTG" Nullable="true" DataType="decimal" Precision="11" Scale="0" NativeType="decimal" Description=""/>
      <Column Name="BLIND" Nullable="true" DataType="varchar" Size="1" NativeType="varchar" Description=""/>
      <Column Name="CARRIER_NOTIF" Nullable="true" DataType="varchar" Size="1" NativeType="varchar" Description=""/>
      <Column Name="/BEV1/EMLGPFAND" Nullable="true" DataType="varchar" Size="1" NativeType="varchar" Description=""/>
      <Column Name="/BEV1/EMLGFORTS" Nullable="true" DataType="varchar" Size="1" NativeType="varchar" Description=""/>
      <PrimaryKey>
        <PrimaryKeyColumn>MANDT</PrimaryKeyColumn>
        <PrimaryKeyColumn>KUNNR</PrimaryKeyColumn>
        <PrimaryKeyColumn>VKORG</PrimaryKeyColumn>
        <PrimaryKeyColumn>VTWEG</PrimaryKeyColumn>
        <PrimaryKeyColumn>SPART</PrimaryKeyColumn>
      </PrimaryKey>
    </Table>
  </MetadataObjects>
  <Status>
    <StatusCode>SUCCESS</StatusCode>
  </Status>
</MetadataReply>