<MetadataReply xmlns="http://www.sap.com/DataServices/DataServicesXSD">
  <ID>1171</ID>
  <MetadataObjects>
    <Table Name="MARC" Owner="" Description="">
      <Column Name="MANDT" Nullable="false" DataType="varchar" Size="3" NativeType="varchar" Description=""/>
      <Column Name="MATNR" Nullable="false" DataType="varchar" Size="18" NativeType="varchar" Description=""/>
      <Column Name="WERKS" Nullable="false" DataType="varchar" Size="4" NativeType="varchar" Description=""/>
      <Column Name="PSTAT" Nullable="true" DataType="varchar" Size="15" NativeType="varchar" Description=""/>
      <Column Name="LVORM" Nullable="true" DataType="varchar" Size="1" NativeType="varchar" Description=""/>
      <Column Name="BWTTY" Nullable="true" DataType="varchar" Size="1" NativeType="varchar" Description=""/>
      <Column Name="XCHAR" Nullable="true" DataType="varchar" Size="1" NativeType="varchar" Description=""/>
      <Column Name="MMSTA" Nullable="true" DataType="varchar" Size="2" NativeType="varchar" Description=""/>
      <Column Name="MMSTD" Nullable="true" DataType="date" NativeType="date" Description=""/>
      <Column Name="MAABC" Nullable="true" DataType="varchar" Size="1" NativeType="varchar" Description=""/>
      <Column Name="KZKRI" Nullable="true" DataType="varchar" Size="1" NativeType="varchar" Description=""/>
      <Column Name="EKGRP" Nullable="true" DataType="varchar" Size="3" NativeType="varchar" Description=""/>
      <Column Name="AUSME" Nullable="true" DataType="varchar" Size="3" NativeType="varchar" Description=""/>
      <Column Name="DISPR" Nullable="true" DataType="varchar" Size="4" NativeType="varchar" Description=""/>
      <Column Name="DISMM" Nullable="true" DataType="varchar" Size="2" NativeType="varchar" Description=""/>
      <Column Name="DISPO" Nullable="true" DataType="varchar" Size="3" NativeType="varchar" Description=""/>
      <Column Name="KZDIE" Nullable="true" DataType="varchar" Size="1" NativeType="varchar" Description=""/>
      <Column Name="PLIFZ" Nullable="true" DataType="decimal" Precision="3" Scale="0" NativeType="decimal" Description=""/>
      <Column Name="WEBAZ" Nullable="true" DataType="decimal" Precision="3" Scale="0" NativeType="decimal" Description=""/>
      <Column Name="PERKZ" Nullable="true" DataType="varchar" Size="1" NativeType="varchar" Description=""/>
      <Column Name="AUSSS" Nullable="true" DataType="decimal" Precision="5" Scale="0" NativeType="decimal" Description=""/>
      <Column Name="DISLS" Nullable="true" DataType="varchar" Size="2" NativeType="varchar" Description=""/>
      <Column Name="BESKZ" Nullable="true" DataType="varchar" Size="1" NativeType="varchar" Description=""/>
      <Column Name="SOBSL" Nullable="true" DataType="varchar" Size="2" NativeType="varchar" Description=""/>
      <Column Name="MINBE" Nullable="true" DataType="decimal" Precision="13" Scale="0" NativeType="decimal" Description=""/>
      <Column Name="EISBE" Nullable="true" DataType="decimal" Precision="13" Scale="0" NativeType="decimal" Description=""/>
      <Column Name="BSTMI" Nullable="true" DataType="decimal" Precision="13" Scale="0" NativeType="decimal" Description=""/>
      <Column Name="BSTMA" Nullable="true" DataType="decimal" Precision="13" Scale="0" NativeType="decimal" Description=""/>
      <Column Name="BSTFE" Nullable="true" DataType="decimal" Precision="13" Scale="0" NativeType="decimal" Description=""/>
      <Column Name="BSTRF" Nullable="true" DataType="decimal" Precision="13" Scale="0" NativeType="decimal" Description=""/>
      <Column Name="MABST" Nullable="true" DataType="decimal" Precision="13" Scale="0" NativeType="decimal" Description=""/>
      <Column Name="LOSFX" Nullable="true" DataType="decimal" Precision="11" Scale="0" NativeType="decimal" Description=""/>
      <Column Name="SBDKZ" Nullable="true" DataType="varchar" Size="1" NativeType="varchar" Description=""/>
      <Column Name="LAGPR" Nullable="true" DataType="varchar" Size="1" NativeType="varchar" Description=""/>
      <Column Name="ALTSL" Nullable="true" DataType="varchar" Size="1" NativeType="varchar" Description=""/>
      <Column Name="KZAUS" Nullable="true" DataType="varchar" Size="1" NativeType="varchar" Description=""/>
      <Column Name="AUSDT" Nullable="true" DataType="date" NativeType="date" Description=""/>
      <Column Name="NFMAT" Nullable="true" DataType="varchar" Size="18" NativeType="varchar" Description=""/>
      <Column Name="KZBED" Nullable="true" DataType="varchar" Size="1" NativeType="varchar" Description=""/>
      <Column Name="MISKZ" Nullable="true" DataType="varchar" Size="1" NativeType="varchar" Description=""/>
      <Column Name="FHORI" Nullable="true" DataType="varchar" Size="3" NativeType="varchar" Description=""/>
      <Column Name="PFREI" Nullable="true" DataType="varchar" Size="1" NativeType="varchar" Description=""/>
      <Column Name="FFREI" Nullable="true" DataType="varchar" Size="1" NativeType="varchar" Description=""/>
      <Column Name="RGEKZ" Nullable="true" DataType="varchar" Size="1" NativeType="varchar" Description=""/>
      <Column Name="FEVOR" Nullable="true" DataType="varchar" Size="3" NativeType="varchar" Description=""/>
      <Column Name="BEARZ" Nullable="true" DataType="decimal" Precision="5" Scale="0" NativeType="decimal" Description=""/>
      <Column Name="RUEZT" Nullable="true" DataType="decimal" Precision="5" Scale="0" NativeType="decimal" Description=""/>
      <Column Name="TRANZ" Nullable="true" DataType="decimal" Precision="5" Scale="0" NativeType="decimal" Description=""/>
      <Column Name="BASMG" Nullable="true" DataType="decimal" Precision="13" Scale="0" NativeType="decimal" Description=""/>
      <Column Name="DZEIT" Nullable="true" DataType="decimal" Precision="3" Scale="0" NativeType="decimal" Description=""/>
      <Column Name="MAXLZ" Nullable="true" DataType="decimal" Precision="5" Scale="0" NativeType="decimal" Description=""/>
      <Column Name="LZEIH" Nullable="true" DataType="varchar" Size="3" NativeType="varchar" Description=""/>
      <Column Name="KZPRO" Nullable="true" DataType="varchar" Size="1" NativeType="varchar" Description=""/>
      <Column Name="GPMKZ" Nullable="true" DataType="varchar" Size="1" NativeType="varchar" Description=""/>
      <Column Name="UEETO" Nullable="true" DataType="decimal" Precision="3" Scale="0" NativeType="decimal" Description=""/>
      <Column Name="UEETK" Nullable="true" DataType="varchar" Size="1" NativeType="varchar" Description=""/>
      <Column Name="UNETO" Nullable="true" DataType="decimal" Precision="3" Scale="0" NativeType="decimal" Description=""/>
      <Column Name="WZEIT" Nullable="true" DataType="decimal" Precision="3" Scale="0" NativeType="decimal" Description=""/>
      <Column Name="ATPKZ" Nullable="true" DataType="varchar" Size="1" NativeType="varchar" Description=""/>
      <Column Name="VZUSL" Nullable="true" DataType="decimal" Precision="5" Scale="0" NativeType="decimal" Description=""/>
      <Column Name="HERBL" Nullable="true" DataType="varchar" Size="2" NativeType="varchar" Description=""/>
      <Column Name="INSMK" Nullable="true" DataType="varchar" Size="1" NativeType="varchar" Description=""/>
      <Column Name="SPROZ" Nullable="true" DataType="decimal" Precision="3" Scale="0" NativeType="decimal" Description=""/>
      <Column Name="QUAZT" Nullable="true" DataType="decimal" Precision="3" Scale="0" NativeType="decimal" Description=""/>
      <Column Name="SSQSS" Nullable="true" DataType="varchar" Size="8" NativeType="varchar" Description=""/>
      <Column Name="MPDAU" Nullable="true" DataType="decimal" Precision="5" Scale="0" NativeType="decimal" Description=""/>
      <Column Name="KZPPV" Nullable="true" DataType="varchar" Size="1" NativeType="varchar" Description=""/>
      <Column Name="KZDKZ" Nullable="true" DataType="varchar" Size="1" NativeType="varchar" Description=""/>
      <Column Name="WSTGH" Nullable="true" DataType="decimal" Precision="9" Scale="0" NativeType="decimal" Description=""/>
      <Column Name="PRFRQ" Nullable="true" DataType="decimal" Precision="5" Scale="0" NativeType="decimal" Description=""/>
      <Column Name="NKMPR" Nullable="true" DataType="date" NativeType="date" Description=""/>
      <Column Name="UMLMC" Nullable="true" DataType="decimal" Precision="13" Scale="0" NativeType="decimal" Description=""/>
      <Column Name="LADGR" Nullable="true" DataType="varchar" Size="4" NativeType="varchar" Description=""/>
      <Column Name="XCHPF" Nullable="true" DataType="varchar" Size="1" NativeType="varchar" Description=""/>
      <Column Name="USEQU" Nullable="true" DataType="varchar" Size="1" NativeType="varchar" Description=""/>
      <Column Name="LGRAD" Nullable="true" DataType="decimal" Precision="3" Scale="0" NativeType="decimal" Description=""/>
      <Column Name="AUFTL" Nullable="true" DataType="varchar" Size="1" NativeType="varchar" Description=""/>
      <Column Name="PLVAR" Nullable="true" DataType="varchar" Size="2" NativeType="varchar" Description=""/>
      <Column Name="OTYPE" Nullable="true" DataType="varchar" Size="2" NativeType="varchar" Description=""/>
      <Column Name="OBJID" Nullable="true" DataType="numeric" Precision="8" Scale="0" NativeType="numeric" Description=""/>
      <Column Name="MTVFP" Nullable="true" DataType="varchar" Size="2" NativeType="varchar" Description=""/>
      <Column Name="PERIV" Nullable="true" DataType="varchar" Size="2" NativeType="varchar" Description=""/>
      <Column Name="KZKFK" Nullable="true" DataType="varchar" Size="1" NativeType="varchar" Description=""/>
      <Column Name="VRVEZ" Nullable="true" DataType="decimal" Precision="5" Scale="0" NativeType="decimal" Description=""/>
      <Column Name="VBAMG" Nullable="true" DataType="decimal" Precision="13" Scale="0" NativeType="decimal" Description=""/>
      <Column Name="VBEAZ" Nullable="true" DataType="decimal" Precision="5" Scale="0" NativeType="decimal" Description=""/>
      <Column Name="LIZYK" Nullable="true" DataType="varchar" Size="4" NativeType="varchar" Description=""/>
      <Column Name="BWSCL" Nullable="true" DataType="varchar" Size="1" NativeType="varchar" Description=""/>
      <Column Name="KAUTB" Nullable="true" DataType="varchar" Size="1" NativeType="varchar" Description=""/>
      <Column Name="KORDB" Nullable="true" DataType="varchar" Size="1" NativeType="varchar" Description=""/>
      <Column Name="STAWN" Nullable="true" DataType="varchar" Size="17" NativeType="varchar" Description=""/>
      <Column Name="HERKL" Nullable="true" DataType="varchar" Size="3" NativeType="varchar" Description=""/>
      <Column Name="HERKR" Nullable="true" DataType="varchar" Size="3" NativeType="varchar" Description=""/>
      <Column Name="EXPME" Nullable="true" DataType="varchar" Size="3" NativeType="varchar" Description=""/>
      <Column Name="MTVER" Nullable="true" DataType="varchar" Size="4" NativeType="varchar" Description=""/>
      <Column Name="PRCTR" Nullable="true" DataType="varchar" Size="10" NativeType="varchar" Description=""/>
      <Column Name="TRAME" Nullable="true" DataType="decimal" Precision="13" Scale="0" NativeType="decimal" Description=""/>
      <Column Name="MRPPP" Nullable="true" DataType="varchar" Size="3" NativeType="varchar" Description=""/>
      <Column Name="SAUFT" Nullable="true" DataType="varchar" Size="1" NativeType="varchar" Description=""/>
      <Column Name="FXHOR" Nullable="true" DataType="numeric" Precision="3" Scale="0" NativeType="numeric" Description=""/>
      <Column Name="VRMOD" Nullable="true" DataType="varchar" Size="1" NativeType="varchar" Description=""/>
      <Column Name="VINT1" Nullable="true" DataType="numeric" Precision="3" Scale="0" NativeType="numeric" Description=""/>
      <Column Name="VINT2" Nullable="true" DataType="numeric" Precision="3" Scale="0" NativeType="numeric" Description=""/>
      <Column Name="VERKZ" Nullable="true" DataType="varchar" Size="1" NativeType="varchar" Description=""/>
      <Column Name="STLAL" Nullable="true" DataType="varchar" Size="2" NativeType="varchar" Description=""/>
      <Column Name="STLAN" Nullable="true" DataType="varchar" Size="1" NativeType="varchar" Description=""/>
      <Column Name="PLNNR" Nullable="true" DataType="varchar" Size="8" NativeType="varchar" Description=""/>
      <Column Name="APLAL" Nullable="true" DataType="varchar" Size="2" NativeType="varchar" Description=""/>
      <Column Name="LOSGR" Nullable="true" DataType="decimal" Precision="13" Scale="0" NativeType="decimal" Description=""/>
      <Column Name="SOBSK" Nullable="true" DataType="varchar" Size="2" NativeType="varchar" Description=""/>
      <Column Name="FRTME" Nullable="true" DataType="varchar" Size="3" NativeType="varchar" Description=""/>
      <Column Name="LGPRO" Nullable="true" DataType="varchar" Size="4" NativeType="varchar" Description=""/>
      <Column Name="DISGR" Nullable="true" DataType="varchar" Size="4" NativeType="varchar" Description=""/>
      <Column Name="KAUSF" Nullable="true" DataType="decimal" Precision="5" Scale="0" NativeType="decimal" Description=""/>
      <Column Name="QZGTP" Nullable="true" DataType="varchar" Size="4" NativeType="varchar" Description=""/>
      <Column Name="QMATV" Nullable="true" DataType="varchar" Size="1" NativeType="varchar" Description=""/>
      <Column Name="TAKZT" Nullable="true" DataType="decimal" Precision="3" Scale="0" NativeType="decimal" Description=""/>
      <Column Name="RWPRO" Nullable="true" DataType="varchar" Size="3" NativeType="varchar" Description=""/>
      <Column Name="COPAM" Nullable="true" DataType="varchar" Size="10" NativeType="varchar" Description=""/>
      <Column Name="ABCIN" Nullable="true" DataType="varchar" Size="1" NativeType="varchar" Description=""/>
      <Column Name="AWSLS" Nullable="true" DataType="varchar" Size="6" NativeType="varchar" Description=""/>
      <Column Name="SERNP" Nullable="true" DataType="varchar" Size="4" NativeType="varchar" Description=""/>
      <Column Name="CUOBJ" Nullable="true" DataType="numeric" Precision="18" Scale="0" NativeType="numeric" Description=""/>
      <Column Name="STDPD" Nullable="true" DataType="varchar" Size="18" NativeType="varchar" Description=""/>
      <Column Name="SFEPR" Nullable="true" DataType="varchar" Size="4" NativeType="varchar" Description=""/>
      <Column Name="XMCNG" Nullable="true" DataType="varchar" Size="1" NativeType="varchar" Description=""/>
      <Column Name="QSSYS" Nullable="true" DataType="varchar" Size="4" NativeType="varchar" Description=""/>
      <Column Name="LFRHY" Nullable="true" DataType="varchar" Size="3" NativeType="varchar" Description=""/>
      <Column Name="RDPRF" Nullable="true" DataType="varchar" Size="4" NativeType="varchar" Description=""/>
      <Column Name="VRBMT" Nullable="true" DataType="varchar" Size="18" NativeType="varchar" Description=""/>
      <Column Name="VRBWK" Nullable="true" DataType="varchar" Size="4" NativeType="varchar" Description=""/>
      <Column Name="VRBDT" Nullable="true" DataType="date" NativeType="date" Description=""/>
      <Column Name="VRBFK" Nullable="true" DataType="decimal" Precision="4" Scale="0" NativeType="decimal" Description=""/>
      <Column Name="AUTRU" Nullable="true" DataType="varchar" Size="1" NativeType="varchar" Description=""/>
      <Column Name="PREFE" Nullable="true" DataType="varchar" Size="1" NativeType="varchar" Description=""/>
      <Column Name="PRENC" Nullable="true" DataType="varchar" Size="1" NativeType="varchar" Description=""/>
      <Column Name="PRENO" Nullable="true" DataType="varchar" Size="8" NativeType="varchar" Description=""/>
      <Column Name="PREND" Nullable="true" DataType="date" NativeType="date" Description=""/>
      <Column Name="PRENE" Nullable="true" DataType="varchar" Size="1" NativeType="varchar" Description=""/>
      <Column Name="PRENG" Nullable="true" DataType="date" NativeType="date" Description=""/>
      <Column Name="ITARK" Nullable="true" DataType="varchar" Size="1" NativeType="varchar" Description=""/>
      <Column Name="SERVG" Nullable="true" DataType="varchar" Size="1" NativeType="varchar" Description=""/>
      <Column Name="KZKUP" Nullable="true" DataType="varchar" Size="1" NativeType="varchar" Description=""/>
      <Column Name="STRGR" Nullable="true" DataType="varchar" Size="2" NativeType="varchar" Description=""/>
      <Column Name="CUOBV" Nullable="true" DataType="numeric" Precision="18" Scale="0" NativeType="numeric" Description=""/>
      <Column Name="LGFSB" Nullable="true" DataType="varchar" Size="4" NativeType="varchar" Description=""/>
      <Column Name="SCHGT" Nullable="true" DataType="varchar" Size="1" NativeType="varchar" Description=""/>
      <Column Name="CCFIX" Nullable="true" DataType="varchar" Size="1" NativeType="varchar" Description=""/>
      <Column Name="EPRIO" Nullable="true" DataType="varchar" Size="4" NativeType="varchar" Description=""/>
      <Column Name="QMATA" Nullable="true" DataType="varchar" Size="6" NativeType="varchar" Description=""/>
      <Column Name="RESVP" Nullable="true" DataType="decimal" Precision="3" Scale="0" NativeType="decimal" Description=""/>
      <Column Name="PLNTY" Nullable="true" DataType="varchar" Size="1" NativeType="varchar" Description=""/>
      <Column Name="UOMGR" Nullable="true" DataType="varchar" Size="3" NativeType="varchar" Description=""/>
      <Column Name="UMRSL" Nullable="true" DataType="varchar" Size="4" NativeType="varchar" Description=""/>
      <Column Name="ABFAC" Nullable="true" DataType="decimal" Precision="2" Scale="0" NativeType="decimal" Description=""/>
      <Column Name="SFCPF" Nullable="true" DataType="varchar" Size="6" NativeType="varchar" Description=""/>
      <Column Name="SHFLG" Nullable="true" DataType="varchar" Size="1" NativeType="varchar" Description=""/>
      <Column Name="SHZET" Nullable="true" DataType="numeric" Precision="2" Scale="0" NativeType="numeric" Description=""/>
      <Column Name="MDACH" Nullable="true" DataType="varchar" Size="2" NativeType="varchar" Description=""/>
      <Column Name="KZECH" Nullable="true" DataType="varchar" Size="1" NativeType="varchar" Description=""/>
      <Column Name="MEGRU" Nullable="true" DataType="varchar" Size="4" NativeType="varchar" Description=""/>
      <Column Name="MFRGR" Nullable="true" DataType="varchar" Size="8" NativeType="varchar" Description=""/>
      <Column Name="VKUMC" Nullable="true" DataType="decimal" Precision="13" Scale="0" NativeType="decimal" Description=""/>
      <Column Name="VKTRW" Nullable="true" DataType="decimal" Precision="13" Scale="0" NativeType="decimal" Description=""/>
      <Column Name="KZAGL" Nullable="true" DataType="varchar" Size="1" NativeType="varchar" Description=""/>
      <Column Name="FVIDK" Nullable="true" DataType="varchar" Size="4" NativeType="varchar" Description=""/>
      <Column Name="FXPRU" Nullable="true" DataType="varchar" Size="1" NativeType="varchar" Description=""/>
      <Column Name="LOGGR" Nullable="true" DataType="varchar" Size="4" NativeType="varchar" Description=""/>
      <Column Name="FPRFM" Nullable="true" DataType="varchar" Size="3" NativeType="varchar" Description=""/>
      <Column Name="GLGMG" Nullable="true" DataType="decimal" Precision="13" Scale="0" NativeType="decimal" Description=""/>
      <Column Name="VKGLG" Nullable="true" DataType="decimal" Precision="13" Scale="0" NativeType="decimal" Description=""/>
      <Column Name="INDUS" Nullable="true" DataType="varchar" Size="2" NativeType="varchar" Description=""/>
      <Column Name="MOWNR" Nullable="true" DataType="varchar" Size="12" NativeType="varchar" Description=""/>
      <Column Name="MOGRU" Nullable="true" DataType="varchar" Size="6" NativeType="varchar" Description=""/>
      <Column Name="CASNR" Nullable="true" DataType="varchar" Size="15" NativeType="varchar" Description=""/>
      <Column Name="GPNUM" Nullable="true" DataType="varchar" Size="9" NativeType="varchar" Description=""/>
      <Column Name="STEUC" Nullable="true" DataType="varchar" Size="16" NativeType="varchar" Description=""/>
      <Column Name="FABKZ" Nullable="true" DataType="varchar" Size="1" NativeType="varchar" Description=""/>
      <Column Name="MATGR" Nullable="true" DataType="varchar" Size="20" NativeType="varchar" Description=""/>
      <Column Name="VSPVB" Nullable="true" DataType="varchar" Size="10" NativeType="varchar" Description=""/>
      <Column Name="DPLFS" Nullable="true" DataType="varchar" Size="2" NativeType="varchar" Description=""/>
      <Column Name="DPLPU" Nullable="true" DataType="varchar" Size="1" NativeType="varchar" Description=""/>
      <Column Name="DPLHO" Nullable="true" DataType="decimal" Precision="3" Scale="0" NativeType="decimal" Description=""/>
      <Column Name="MINLS" Nullable="true" DataType="decimal" Precision="13" Scale="0" NativeType="decimal" Description=""/>
      <Column Name="MAXLS" Nullable="true" DataType="decimal" Precision="13" Scale="0" NativeType="decimal" Description=""/>
      <Column Name="FIXLS" Nullable="true" DataType="decimal" Precision="13" Scale="0" NativeType="decimal" Description=""/>
      <Column Name="LTINC" Nullable="true" DataType="decimal" Precision="13" Scale="0" NativeType="decimal" Description=""/>
      <Column Name="COMPL" Nullable="true" DataType="numeric" Precision="2" Scale="0" NativeType="numeric" Description=""/>
      <Column Name="CONVT" Nullable="true" DataType="varchar" Size="2" NativeType="varchar" Description=""/>
      <Column Name="SHPRO" Nullable="true" DataType="varchar" Size="3" NativeType="varchar" Description=""/>
      <Column Name="AHDIS" Nullable="true" DataType="varchar" Size="1" NativeType="varchar" Description=""/>
      <Column Name="DIBER" Nullable="true" DataType="varchar" Size="1" NativeType="varchar" Description=""/>
      <Column Name="KZPSP" Nullable="true" DataType="varchar" Size="1" NativeType="varchar" Description=""/>
      <Column Name="OCMPF" Nullable="true" DataType="varchar" Size="6" NativeType="varchar" Description=""/>
      <Column Name="APOKZ" Nullable="true" DataType="varchar" Size="1" NativeType="varchar" Description=""/>
      <Column Name="MCRUE" Nullable="true" DataType="varchar" Size="1" NativeType="varchar" Description=""/>
      <Column Name="LFMON" Nullable="true" DataType="numeric" Precision="2" Scale="0" NativeType="numeric" Description=""/>
      <Column Name="LFGJA" Nullable="true" DataType="numeric" Precision="4" Scale="0" NativeType="numeric" Description=""/>
      <Column Name="EISLO" Nullable="true" DataType="decimal" Precision="13" Scale="0" NativeType="decimal" Description=""/>
      <Column Name="NCOST" Nullable="true" DataType="varchar" Size="1" NativeType="varchar" Description=""/>
      <Column Name="ROTATION_DATE" Nullable="true" DataType="varchar" Size="1" NativeType="varchar" Description=""/>
      <Column Name="UCHKZ" Nullable="true" DataType="varchar" Size="1" NativeType="varchar" Description=""/>
      <Column Name="UCMAT" Nullable="true" DataType="varchar" Size="18" NativeType="varchar" Description=""/>
      <Column Name="BWESB" Nullable="false" DataType="decimal" Precision="13" Scale="0" NativeType="decimal" Description=""/>
      <Column Name="/VSO/R_PKGRP" Nullable="true" DataType="varchar" Size="18" NativeType="varchar" Description=""/>
      <Column Name="/VSO/R_LANE_NUM" Nullable="true" DataType="varchar" Size="3" NativeType="varchar" Description=""/>
      <Column Name="/VSO/R_PAL_VEND" Nullable="true" DataType="varchar" Size="18" NativeType="varchar" Description=""/>
      <Column Name="/VSO/R_FORK_DIR" Nullable="true" DataType="varchar" Size="1" NativeType="varchar" Description=""/>
      <Column Name="CONS_PROCG" Nullable="true" DataType="varchar" Size="1" NativeType="varchar" Description=""/>
      <Column Name="GI_PR_TIME" Nullable="true" DataType="decimal" Precision="3" Scale="0" NativeType="decimal" Description=""/>
      <Column Name="MULTIPLE_EKGRP" Nullable="true" DataType="varchar" Size="1" NativeType="varchar" Description=""/>
      <Column Name="REF_SCHEMA" Nullable="true" DataType="varchar" Size="2" NativeType="varchar" Description=""/>
      <Column Name="MIN_TROC" Nullable="true" DataType="numeric" Precision="3" Scale="0" NativeType="numeric" Description=""/>
      <Column Name="MAX_TROC" Nullable="true" DataType="numeric" Precision="3" Scale="0" NativeType="numeric" Description=""/>
      <Column Name="TARGET_STOCK" Nullable="true" DataType="decimal" Precision="13" Scale="0" NativeType="decimal" Description=""/>
      <PrimaryKey>
        <PrimaryKeyColumn>MANDT</PrimaryKeyColumn>
        <PrimaryKeyColumn>MATNR</PrimaryKeyColumn>
        <PrimaryKeyColumn>WERKS</PrimaryKeyColumn>
      </PrimaryKey>
    </Table>
  </MetadataObjects>
  <Status>
    <StatusCode>SUCCESS</StatusCode>
  </Status>
</MetadataReply>