<MetadataReply xmlns="http://www.sap.com/DataServices/DataServicesXSD">
  <ID>1140</ID>
  <MetadataObjects>
    <Table Name="KNVK" Owner="" Description="">
      <Column Name="MANDT" Nullable="false" DataType="varchar" Size="3" NativeType="varchar" Description=""/>
      <Column Name="PARNR" Nullable="false" DataType="numeric" Precision="10" Scale="0" NativeType="numeric" Description=""/>
      <Column Name="KUNNR" Nullable="true" DataType="varchar" Size="10" NativeType="varchar" Description=""/>
      <Column Name="NAMEV" Nullable="true" DataType="varchar" Size="35" NativeType="varchar" Description=""/>
      <Column Name="NAME1" Nullable="true" DataType="varchar" Size="35" NativeType="varchar" Description=""/>
      <Column Name="ORT01" Nullable="true" DataType="varchar" Size="35" NativeType="varchar" Description=""/>
      <Column Name="ADRND" Nullable="true" DataType="varchar" Size="10" NativeType="varchar" Description=""/>
      <Column Name="ADRNP" Nullable="true" DataType="varchar" Size="10" NativeType="varchar" Description=""/>
      <Column Name="ABTPA" Nullable="true" DataType="varchar" Size="12" NativeType="varchar" Description=""/>
      <Column Name="ABTNR" Nullable="true" DataType="varchar" Size="4" NativeType="varchar" Description=""/>
      <Column Name="UEPAR" Nullable="true" DataType="numeric" Precision="10" Scale="0" NativeType="numeric" Description=""/>
      <Column Name="TELF1" Nullable="true" DataType="varchar" Size="16" NativeType="varchar" Description=""/>
      <Column Name="ANRED" Nullable="true" DataType="varchar" Size="30" NativeType="varchar" Description=""/>
      <Column Name="PAFKT" Nullable="true" DataType="varchar" Size="2" NativeType="varchar" Description=""/>
      <Column Name="PARVO" Nullable="true" DataType="varchar" Size="1" NativeType="varchar" Description=""/>
      <Column Name="PAVIP" Nullable="true" DataType="varchar" Size="1" NativeType="varchar" Description=""/>
      <Column Name="PARGE" Nullable="true" DataType="varchar" Size="1" NativeType="varchar" Description=""/>
      <Column Name="PARLA" Nullable="true" DataType="varchar" Size="1" NativeType="varchar" Description=""/>
      <Column Name="GBDAT" Nullable="true" DataType="date" NativeType="date" Description=""/>
      <Column Name="VRTNR" Nullable="true" DataType="numeric" Precision="10" Scale="0" NativeType="numeric" Description=""/>
      <Column Name="BRYTH" Nullable="true" DataType="varchar" Size="4" NativeType="varchar" Description=""/>
      <Column Name="AKVER" Nullable="true" DataType="varchar" Size="2" NativeType="varchar" Description=""/>
      <Column Name="NMAIL" Nullable="true" DataType="varchar" Size="1" NativeType="varchar" Description=""/>
      <Column Name="PARAU" Nullable="true" DataType="varchar" Size="40" NativeType="varchar" Description=""/>
      <Column Name="PARH1" Nullable="true" DataType="varchar" Size="2" NativeType="varchar" Description=""/>
      <Column Name="PARH2" Nullable="true" DataType="varchar" Size="2" NativeType="varchar" Description=""/>
      <Column Name="PARH3" Nullable="true" DataType="varchar" Size="2" NativeType="varchar" Description=""/>
      <Column Name="PARH4" Nullable="true" DataType="varchar" Size="2" NativeType="varchar" Description=""/>
      <Column Name="PARH5" Nullable="true" DataType="varchar" Size="2" NativeType="varchar" Description=""/>
      <Column Name="MOAB1" Nullable="true" DataType="time" NativeType="time" Description=""/>
      <Column Name="MOBI1" Nullable="true" DataType="time" NativeType="time" Description=""/>
      <Column Name="MOAB2" Nullable="true" DataType="time" NativeType="time" Description=""/>
      <Column Name="MOBI2" Nullable="true" DataType="time" NativeType="time" Description=""/>
      <Column Name="DIAB1" Nullable="true" DataType="time" NativeType="time" Description=""/>
      <Column Name="DIBI1" Nullable="true" DataType="time" NativeType="time" Description=""/>
      <Column Name="DIAB2" Nullable="true" DataType="time" NativeType="time" Description=""/>
      <Column Name="DIBI2" Nullable="true" DataType="time" NativeType="time" Description=""/>
      <Column Name="MIAB1" Nullable="true" DataType="time" NativeType="time" Description=""/>
      <Column Name="MIBI1" Nullable="true" DataType="time" NativeType="time" Description=""/>
      <Column Name="MIAB2" Nullable="true" DataType="time" NativeType="time" Description=""/>
      <Column Name="MIBI2" Nullable="true" DataType="time" NativeType="time" Description=""/>
      <Column Name="DOAB1" Nullable="true" DataType="time" NativeType="time" Description=""/>
      <Column Name="DOBI1" Nullable="true" DataType="time" NativeType="time" Description=""/>
      <Column Name="DOAB2" Nullable="true" DataType="time" NativeType="time" Description=""/>
      <Column Name="DOBI2" Nullable="true" DataType="time" NativeType="time" Description=""/>
      <Column Name="FRAB1" Nullable="true" DataType="time" NativeType="time" Description=""/>
      <Column Name="FRBI1" Nullable="true" DataType="time" NativeType="time" Description=""/>
      <Column Name="FRAB2" Nullable="true" DataType="time" NativeType="time" Description=""/>
      <Column Name="FRBI2" Nullable="true" DataType="time" NativeType="time" Description=""/>
      <Column Name="SAAB1" Nullable="true" DataType="time" NativeType="time" Description=""/>
      <Column Name="SABI1" Nullable="true" DataType="time" NativeType="time" Description=""/>
      <Column Name="SAAB2" Nullable="true" DataType="time" NativeType="time" Description=""/>
      <Column Name="SABI2" Nullable="true" DataType="time" NativeType="time" Description=""/>
      <Column Name="SOAB1" Nullable="true" DataType="time" NativeType="time" Description=""/>
      <Column Name="SOBI1" Nullable="true" DataType="time" NativeType="time" Description=""/>
      <Column Name="SOAB2" Nullable="true" DataType="time" NativeType="time" Description=""/>
      <Column Name="SOBI2" Nullable="true" DataType="time" NativeType="time" Description=""/>
      <Column Name="PAKN1" Nullable="true" DataType="varchar" Size="3" NativeType="varchar" Description=""/>
      <Column Name="PAKN2" Nullable="true" DataType="varchar" Size="3" NativeType="varchar" Description=""/>
      <Column Name="PAKN3" Nullable="true" DataType="varchar" Size="3" NativeType="varchar" Description=""/>
      <Column Name="PAKN4" Nullable="true" DataType="varchar" Size="3" NativeType="varchar" Description=""/>
      <Column Name="PAKN5" Nullable="true" DataType="varchar" Size="3" NativeType="varchar" Description=""/>
      <Column Name="SORTL" Nullable="true" DataType="varchar" Size="10" NativeType="varchar" Description=""/>
      <Column Name="FAMST" Nullable="true" DataType="varchar" Size="1" NativeType="varchar" Description=""/>
      <Column Name="SPNAM" Nullable="true" DataType="varchar" Size="10" NativeType="varchar" Description=""/>
      <Column Name="TITEL_AP" Nullable="true" DataType="varchar" Size="35" NativeType="varchar" Description=""/>
      <Column Name="ERDAT" Nullable="true" DataType="date" NativeType="date" Description=""/>
      <Column Name="ERNAM" Nullable="true" DataType="varchar" Size="12" NativeType="varchar" Description=""/>
      <Column Name="DUEFL" Nullable="true" DataType="varchar" Size="1" NativeType="varchar" Description=""/>
      <Column Name="LIFNR" Nullable="true" DataType="varchar" Size="10" NativeType="varchar" Description=""/>
      <Column Name="LOEVM" Nullable="true" DataType="varchar" Size="1" NativeType="varchar" Description=""/>
      <Column Name="KZHERK" Nullable="true" DataType="varchar" Size="1" NativeType="varchar" Description=""/>
      <Column Name="ADRNP_2" Nullable="true" DataType="varchar" Size="10" NativeType="varchar" Description=""/>
      <Column Name="PRSNR" Nullable="true" DataType="varchar" Size="10" NativeType="varchar" Description=""/>
      <PrimaryKey>
        <PrimaryKeyColumn>MANDT</PrimaryKeyColumn>
        <PrimaryKeyColumn>PARNR</PrimaryKeyColumn>
      </PrimaryKey>
    </Table>
  </MetadataObjects>
  <Status>
    <StatusCode>SUCCESS</StatusCode>
  </Status>
</MetadataReply>