<MetadataReply xmlns="http://www.sap.com/DataServices/DataServicesXSD">
  <ID>1040</ID>
  <MetadataObjects>
    <Table Name="M_PLKSA" Owner="" Description="">
      <Column Name="MANDT" Nullable="true" DataType="varchar" Size="3" NativeType="varchar" Description=""/>
      <Column Name="PLNTY" Nullable="true" DataType="varchar" Size="1" NativeType="varchar" Description=""/>
      <Column Name="PLNNR" Nullable="true" DataType="varchar" Size="8" NativeType="varchar" Description=""/>
      <Column Name="PLNAL" Nullable="true" DataType="varchar" Size="2" NativeType="varchar" Description=""/>
      <Column Name="DATUV" Nullable="true" DataType="date" NativeType="date" Description=""/>
      <Column Name="KTEXT" Nullable="true" DataType="varchar" Size="40" NativeType="varchar" Description=""/>
      <PrimaryKey>
        <PrimaryKeyColumn>MANDT</PrimaryKeyColumn>
        <PrimaryKeyColumn>PLNTY</PrimaryKeyColumn>
        <PrimaryKeyColumn>PLNNR</PrimaryKeyColumn>
        <PrimaryKeyColumn>PLNAL</PrimaryKeyColumn>
        <PrimaryKeyColumn>DATUV</PrimaryKeyColumn>
        <PrimaryKeyColumn>KTEXT</PrimaryKeyColumn>
      </PrimaryKey>
    </Table>
  </MetadataObjects>
  <Status>
    <StatusCode>SUCCESS</StatusCode>
  </Status>
</MetadataReply>