<MetadataReply xmlns="http://www.sap.com/DataServices/DataServicesXSD">
  <ID>1206</ID>
  <MetadataObjects>
    <Table Name="T171" Owner="" Description="">
      <Column Name="MANDT" Nullable="false" DataType="varchar" Size="3" NativeType="varchar" Description=""/>
      <Column Name="BZIRK" Nullable="false" DataType="varchar" Size="6" NativeType="varchar" Description=""/>
      <PrimaryKey>
        <PrimaryKeyColumn>MANDT</PrimaryKeyColumn>
        <PrimaryKeyColumn>BZIRK</PrimaryKeyColumn>
      </PrimaryKey>
    </Table>
  </MetadataObjects>
  <Status>
    <StatusCode>SUCCESS</StatusCode>
  </Status>
</MetadataReply>