<MetadataReply xmlns="http://www.sap.com/DataServices/DataServicesXSD">
  <ID>1060</ID>
  <MetadataObjects>
    <Table Name="T052" Owner="" Description="">
      <Column Name="MANDT" Nullable="false" DataType="varchar" Size="3" NativeType="varchar" Description=""/>
      <Column Name="ZTERM" Nullable="false" DataType="varchar" Size="4" NativeType="varchar" Description=""/>
      <Column Name="ZTAGG" Nullable="false" DataType="numeric" Precision="2" Scale="0" NativeType="numeric" Description=""/>
      <Column Name="ZDART" Nullable="false" DataType="varchar" Size="1" NativeType="varchar" Description=""/>
      <Column Name="ZFAEL" Nullable="false" DataType="numeric" Precision="2" Scale="0" NativeType="numeric" Description=""/>
      <Column Name="ZMONA" Nullable="false" DataType="numeric" Precision="2" Scale="0" NativeType="numeric" Description=""/>
      <Column Name="ZTAG1" Nullable="false" DataType="numeric" Precision="3" Scale="0" NativeType="numeric" Description=""/>
      <Column Name="ZPRZ1" Nullable="false" DataType="decimal" Precision="5" Scale="0" NativeType="decimal" Description=""/>
      <Column Name="ZTAG2" Nullable="false" DataType="numeric" Precision="3" Scale="0" NativeType="numeric" Description=""/>
      <Column Name="ZPRZ2" Nullable="false" DataType="decimal" Precision="5" Scale="0" NativeType="decimal" Description=""/>
      <Column Name="ZTAG3" Nullable="false" DataType="numeric" Precision="3" Scale="0" NativeType="numeric" Description=""/>
      <Column Name="ZSTG1" Nullable="false" DataType="numeric" Precision="2" Scale="0" NativeType="numeric" Description=""/>
      <Column Name="ZSMN1" Nullable="false" DataType="numeric" Precision="2" Scale="0" NativeType="numeric" Description=""/>
      <Column Name="ZSTG2" Nullable="false" DataType="numeric" Precision="2" Scale="0" NativeType="numeric" Description=""/>
      <Column Name="ZSMN2" Nullable="false" DataType="numeric" Precision="2" Scale="0" NativeType="numeric" Description=""/>
      <Column Name="ZSTG3" Nullable="false" DataType="numeric" Precision="2" Scale="0" NativeType="numeric" Description=""/>
      <Column Name="ZSMN3" Nullable="false" DataType="numeric" Precision="2" Scale="0" NativeType="numeric" Description=""/>
      <Column Name="XZBRV" Nullable="false" DataType="varchar" Size="1" NativeType="varchar" Description=""/>
      <Column Name="ZSCHF" Nullable="false" DataType="varchar" Size="1" NativeType="varchar" Description=""/>
      <Column Name="XCHPB" Nullable="false" DataType="varchar" Size="1" NativeType="varchar" Description=""/>
      <Column Name="TXN08" Nullable="false" DataType="varchar" Size="8" NativeType="varchar" Description=""/>
      <Column Name="ZLSCH" Nullable="false" DataType="varchar" Size="1" NativeType="varchar" Description=""/>
      <Column Name="XCHPM" Nullable="false" DataType="varchar" Size="1" NativeType="varchar" Description=""/>
      <Column Name="KOART" Nullable="false" DataType="varchar" Size="1" NativeType="varchar" Description=""/>
      <Column Name="XSPLT" Nullable="false" DataType="varchar" Size="1" NativeType="varchar" Description=""/>
      <Column Name="XSCRC" Nullable="true" DataType="varchar" Size="1" NativeType="varchar" Description=""/>
      <PrimaryKey>
        <PrimaryKeyColumn>MANDT</PrimaryKeyColumn>
        <PrimaryKeyColumn>ZTERM</PrimaryKeyColumn>
        <PrimaryKeyColumn>ZTAGG</PrimaryKeyColumn>
      </PrimaryKey>
    </Table>
  </MetadataObjects>
  <Status>
    <StatusCode>SUCCESS</StatusCode>
  </Status>
</MetadataReply>