<MetadataReply xmlns="http://www.sap.com/DataServices/DataServicesXSD">
  <ID>1062</ID>
  <MetadataObjects>
    <Table Name="TVKBT" Owner="" Description="">
      <Column Name="MANDT" Nullable="false" DataType="varchar" Size="3" NativeType="varchar" Description=""/>
      <Column Name="SPRAS" Nullable="false" DataType="varchar" Size="1" NativeType="varchar" Description=""/>
      <Column Name="VKBUR" Nullable="false" DataType="varchar" Size="4" NativeType="varchar" Description=""/>
      <Column Name="BEZEI" Nullable="false" DataType="varchar" Size="20" NativeType="varchar" Description=""/>
      <PrimaryKey>
        <PrimaryKeyColumn>MANDT</PrimaryKeyColumn>
        <PrimaryKeyColumn>SPRAS</PrimaryKeyColumn>
        <PrimaryKeyColumn>VKBUR</PrimaryKeyColumn>
      </PrimaryKey>
    </Table>
  </MetadataObjects>
  <Status>
    <StatusCode>SUCCESS</StatusCode>
  </Status>
</MetadataReply>