<MetadataReply xmlns="http://www.sap.com/DataServices/DataServicesXSD">
  <ID>1167</ID>
  <MetadataObjects>
    <Table Name="TVZBT" Owner="" Description="">
      <Column Name="MANDT" Nullable="false" DataType="varchar" Size="3" NativeType="varchar" Description=""/>
      <Column Name="SPRAS" Nullable="false" DataType="varchar" Size="1" NativeType="varchar" Description=""/>
      <Column Name="ZTERM" Nullable="false" DataType="varchar" Size="4" NativeType="varchar" Description=""/>
      <Column Name="VTEXT" Nullable="true" DataType="varchar" Size="30" NativeType="varchar" Description=""/>
      <PrimaryKey>
        <PrimaryKeyColumn>MANDT</PrimaryKeyColumn>
        <PrimaryKeyColumn>SPRAS</PrimaryKeyColumn>
        <PrimaryKeyColumn>ZTERM</PrimaryKeyColumn>
      </PrimaryKey>
    </Table>
  </MetadataObjects>
  <Status>
    <StatusCode>SUCCESS</StatusCode>
  </Status>
</MetadataReply>