<MetadataReply xmlns="http://www.sap.com/DataServices/DataServicesXSD">
  <ID>1215</ID>
  <MetadataObjects>
    <Table Name="T685T" Owner="" Description="">
      <Column Name="MANDT" Nullable="false" DataType="varchar" Size="3" NativeType="varchar" Description=""/>
      <Column Name="SPRAS" Nullable="false" DataType="varchar" Size="1" NativeType="varchar" Description=""/>
      <Column Name="KVEWE" Nullable="false" DataType="varchar" Size="1" NativeType="varchar" Description=""/>
      <Column Name="KAPPL" Nullable="false" DataType="varchar" Size="2" NativeType="varchar" Description=""/>
      <Column Name="KSCHL" Nullable="false" DataType="varchar" Size="4" NativeType="varchar" Description=""/>
      <Column Name="VTEXT" Nullable="false" DataType="varchar" Size="20" NativeType="varchar" Description=""/>
      <PrimaryKey>
        <PrimaryKeyColumn>MANDT</PrimaryKeyColumn>
        <PrimaryKeyColumn>SPRAS</PrimaryKeyColumn>
        <PrimaryKeyColumn>KVEWE</PrimaryKeyColumn>
        <PrimaryKeyColumn>KAPPL</PrimaryKeyColumn>
        <PrimaryKeyColumn>KSCHL</PrimaryKeyColumn>
      </PrimaryKey>
    </Table>
  </MetadataObjects>
  <Status>
    <StatusCode>SUCCESS</StatusCode>
  </Status>
</MetadataReply>