<MetadataReply xmlns="http://www.sap.com/DataServices/DataServicesXSD">
  <ID>1174</ID>
  <MetadataObjects>
    <Table Name="TQ02B" Owner="" Description="">
      <Column Name="MANDT" Nullable="false" DataType="varchar" Size="3" NativeType="varchar" Description=""/>
      <Column Name="QSSYSFAM" Nullable="false" DataType="varchar" Size="4" NativeType="varchar" Description=""/>
      <Column Name="QSSYSZERT" Nullable="true" DataType="varchar" Size="1" NativeType="varchar" Description=""/>
      <Column Name="QSSYSBEW" Nullable="false" DataType="numeric" Precision="3" Scale="0" NativeType="numeric" Description=""/>
      <PrimaryKey>
        <PrimaryKeyColumn>MANDT</PrimaryKeyColumn>
        <PrimaryKeyColumn>QSSYSFAM</PrimaryKeyColumn>
      </PrimaryKey>
    </Table>
  </MetadataObjects>
  <Status>
    <StatusCode>SUCCESS</StatusCode>
  </Status>
</MetadataReply>