<MetadataReply xmlns="http://www.sap.com/DataServices/DataServicesXSD">
  <ID>1116</ID>
  <MetadataObjects>
    <Table Name="T190S" Owner="" Description="">
      <Column Name="MANDT" Nullable="false" DataType="varchar" Size="3" NativeType="varchar" Description=""/>
      <Column Name="KOSCH" Nullable="false" DataType="varchar" Size="18" NativeType="varchar" Description=""/>
      <Column Name="KOMTH" Nullable="true" DataType="varchar" Size="1" NativeType="varchar" Description=""/>
      <PrimaryKey>
        <PrimaryKeyColumn>MANDT</PrimaryKeyColumn>
        <PrimaryKeyColumn>KOSCH</PrimaryKeyColumn>
      </PrimaryKey>
    </Table>
  </MetadataObjects>
  <Status>
    <StatusCode>SUCCESS</StatusCode>
  </Status>
</MetadataReply>