<MetadataReply xmlns="http://www.sap.com/DataServices/DataServicesXSD">
  <ID>1205</ID>
  <MetadataObjects>
    <Table Name="T134" Owner="" Description="">
      <Column Name="MANDT" Nullable="false" DataType="varchar" Size="3" NativeType="varchar" Description=""/>
      <Column Name="MTART" Nullable="false" DataType="varchar" Size="4" NativeType="varchar" Description=""/>
      <Column Name="MTREF" Nullable="true" DataType="varchar" Size="4" NativeType="varchar" Description=""/>
      <Column Name="MBREF" Nullable="true" DataType="varchar" Size="4" NativeType="varchar" Description=""/>
      <Column Name="FLREF" Nullable="true" DataType="varchar" Size="4" NativeType="varchar" Description=""/>
      <Column Name="NUMKI" Nullable="true" DataType="varchar" Size="2" NativeType="varchar" Description=""/>
      <Column Name="NUMKE" Nullable="true" DataType="varchar" Size="2" NativeType="varchar" Description=""/>
      <Column Name="ENVOP" Nullable="true" DataType="varchar" Size="1" NativeType="varchar" Description=""/>
      <Column Name="BSEXT" Nullable="true" DataType="varchar" Size="1" NativeType="varchar" Description=""/>
      <Column Name="BSINT" Nullable="true" DataType="varchar" Size="1" NativeType="varchar" Description=""/>
      <Column Name="PSTAT" Nullable="true" DataType="varchar" Size="15" NativeType="varchar" Description=""/>
      <Column Name="KKREF" Nullable="true" DataType="varchar" Size="4" NativeType="varchar" Description=""/>
      <Column Name="VPRSV" Nullable="true" DataType="varchar" Size="1" NativeType="varchar" Description=""/>
      <Column Name="KZVPR" Nullable="true" DataType="varchar" Size="1" NativeType="varchar" Description=""/>
      <Column Name="VMTPO" Nullable="true" DataType="varchar" Size="4" NativeType="varchar" Description=""/>
      <Column Name="EKALR" Nullable="true" DataType="varchar" Size="1" NativeType="varchar" Description=""/>
      <Column Name="KZGRP" Nullable="true" DataType="varchar" Size="1" NativeType="varchar" Description=""/>
      <Column Name="KZKFG" Nullable="true" DataType="varchar" Size="1" NativeType="varchar" Description=""/>
      <Column Name="BEGRU" Nullable="true" DataType="varchar" Size="4" NativeType="varchar" Description=""/>
      <Column Name="KZPRC" Nullable="true" DataType="varchar" Size="1" NativeType="varchar" Description=""/>
      <Column Name="KZPIP" Nullable="true" DataType="varchar" Size="1" NativeType="varchar" Description=""/>
      <Column Name="PRDRU" Nullable="true" DataType="varchar" Size="1" NativeType="varchar" Description=""/>
      <Column Name="ARANZ" Nullable="true" DataType="varchar" Size="1" NativeType="varchar" Description=""/>
      <Column Name="WMAKG" Nullable="true" DataType="varchar" Size="1" NativeType="varchar" Description=""/>
      <Column Name="IZUST" Nullable="true" DataType="varchar" Size="1" NativeType="varchar" Description=""/>
      <Column Name="ARDEL" Nullable="true" DataType="numeric" Precision="4" Scale="0" NativeType="numeric" Description=""/>
      <Column Name="KZMPN" Nullable="true" DataType="varchar" Size="1" NativeType="varchar" Description=""/>
      <Column Name="MSTAE" Nullable="true" DataType="varchar" Size="2" NativeType="varchar" Description=""/>
      <Column Name="CCHIS" Nullable="true" DataType="varchar" Size="1" NativeType="varchar" Description=""/>
      <Column Name="CTYPE" Nullable="true" DataType="varchar" Size="3" NativeType="varchar" Description=""/>
      <Column Name="CLASS" Nullable="true" DataType="varchar" Size="18" NativeType="varchar" Description=""/>
      <Column Name="CHNEU" Nullable="true" DataType="varchar" Size="1" NativeType="varchar" Description=""/>
      <Column Name="VTYPE" Nullable="true" DataType="varchar" Size="10" NativeType="varchar" Description=""/>
      <Column Name="VNUMKI" Nullable="true" DataType="varchar" Size="2" NativeType="varchar" Description=""/>
      <Column Name="VNUMKE" Nullable="true" DataType="varchar" Size="2" NativeType="varchar" Description=""/>
      <Column Name="KZRAC" Nullable="true" DataType="varchar" Size="1" NativeType="varchar" Description=""/>
      <PrimaryKey>
        <PrimaryKeyColumn>MANDT</PrimaryKeyColumn>
        <PrimaryKeyColumn>MTART</PrimaryKeyColumn>
      </PrimaryKey>
    </Table>
  </MetadataObjects>
  <Status>
    <StatusCode>SUCCESS</StatusCode>
  </Status>
</MetadataReply>