<MetadataReply xmlns="http://www.sap.com/DataServices/DataServicesXSD">
  <ID>1143</ID>
  <MetadataObjects>
    <Table Name="T305" Owner="" Description="">
      <Column Name="MANDT" Nullable="false" DataType="varchar" Size="3" NativeType="varchar" Description=""/>
      <Column Name="LGNUM" Nullable="false" DataType="varchar" Size="3" NativeType="varchar" Description=""/>
      <Column Name="LGTKZ" Nullable="false" DataType="varchar" Size="3" NativeType="varchar" Description=""/>
      <PrimaryKey>
        <PrimaryKeyColumn>MANDT</PrimaryKeyColumn>
        <PrimaryKeyColumn>LGNUM</PrimaryKeyColumn>
        <PrimaryKeyColumn>LGTKZ</PrimaryKeyColumn>
      </PrimaryKey>
    </Table>
  </MetadataObjects>
  <Status>
    <StatusCode>SUCCESS</StatusCode>
  </Status>
</MetadataReply>