<MetadataReply xmlns="http://www.sap.com/DataServices/DataServicesXSD">
  <ID>1047</ID>
  <MetadataObjects>
    <Table Name="T439L" Owner="" Description="">
      <Column Name="MANDT" Nullable="false" DataType="varchar" Size="3" NativeType="varchar" Description=""/>
      <Column Name="WERKS" Nullable="false" DataType="varchar" Size="4" NativeType="varchar" Description=""/>
      <Column Name="LAGPR" Nullable="false" DataType="varchar" Size="1" NativeType="varchar" Description=""/>
      <Column Name="LKOST" Nullable="false" DataType="decimal" Precision="4" Scale="0" NativeType="decimal" Description=""/>
      <PrimaryKey>
        <PrimaryKeyColumn>MANDT</PrimaryKeyColumn>
        <PrimaryKeyColumn>WERKS</PrimaryKeyColumn>
        <PrimaryKeyColumn>LAGPR</PrimaryKeyColumn>
      </PrimaryKey>
    </Table>
  </MetadataObjects>
  <Status>
    <StatusCode>SUCCESS</StatusCode>
  </Status>
</MetadataReply>