<MetadataReply xmlns="http://www.sap.com/DataServices/DataServicesXSD">
  <ID>1048</ID>
  <MetadataObjects>
    <Table Name="T049L" Owner="" Description="">
      <Column Name="MANDT" Nullable="true" DataType="varchar" Size="3" NativeType="varchar" Description=""/>
      <Column Name="BUKRS" Nullable="true" DataType="varchar" Size="4" NativeType="varchar" Description=""/>
      <Column Name="LOCKB" Nullable="true" DataType="varchar" Size="7" NativeType="varchar" Description=""/>
      <Column Name="HBKID" Nullable="true" DataType="varchar" Size="5" NativeType="varchar" Description=""/>
      <Column Name="LCKNR" Nullable="true" DataType="numeric" Precision="7" Scale="0" NativeType="numeric" Description=""/>
      <Column Name="ADRNR" Nullable="true" DataType="varchar" Size="10" NativeType="varchar" Description=""/>
      <PrimaryKey>
        <PrimaryKeyColumn>MANDT</PrimaryKeyColumn>
        <PrimaryKeyColumn>BUKRS</PrimaryKeyColumn>
        <PrimaryKeyColumn>LOCKB</PrimaryKeyColumn>
      </PrimaryKey>
    </Table>
  </MetadataObjects>
  <Status>
    <StatusCode>SUCCESS</StatusCode>
  </Status>
</MetadataReply>