<MetadataReply xmlns="http://www.sap.com/DataServices/DataServicesXSD">
  <ID>1231</ID>
  <MetadataObjects>
    <Table Name="TFACD" Owner="" Description="">
      <Column Name="IDENT" Nullable="false" DataType="varchar" Size="2" NativeType="varchar" Description=""/>
      <Column Name="VJAHR" Nullable="true" DataType="numeric" Precision="4" Scale="0" NativeType="numeric" Description=""/>
      <Column Name="BJAHR" Nullable="true" DataType="numeric" Precision="4" Scale="0" NativeType="numeric" Description=""/>
      <Column Name="MOTAG" Nullable="true" DataType="varchar" Size="1" NativeType="varchar" Description=""/>
      <Column Name="DITAG" Nullable="true" DataType="varchar" Size="1" NativeType="varchar" Description=""/>
      <Column Name="MIWCH" Nullable="true" DataType="varchar" Size="1" NativeType="varchar" Description=""/>
      <Column Name="DOTAG" Nullable="true" DataType="varchar" Size="1" NativeType="varchar" Description=""/>
      <Column Name="FRTAG" Nullable="true" DataType="varchar" Size="1" NativeType="varchar" Description=""/>
      <Column Name="SATAG" Nullable="true" DataType="varchar" Size="1" NativeType="varchar" Description=""/>
      <Column Name="SOTAG" Nullable="true" DataType="varchar" Size="1" NativeType="varchar" Description=""/>
      <Column Name="FETAG" Nullable="true" DataType="varchar" Size="1" NativeType="varchar" Description=""/>
      <Column Name="HOCID" Nullable="true" DataType="varchar" Size="2" NativeType="varchar" Description=""/>
      <Column Name="BASIS" Nullable="true" DataType="numeric" Precision="5" Scale="0" NativeType="numeric" Description=""/>
      <Column Name="ABBR" Nullable="true" DataType="varchar" Size="1" NativeType="varchar" Description=""/>
      <Column Name="CRUSR" Nullable="true" DataType="varchar" Size="12" NativeType="varchar" Description=""/>
      <Column Name="CRDAT" Nullable="true" DataType="date" NativeType="date" Description=""/>
      <Column Name="CRTIME" Nullable="true" DataType="time" NativeType="time" Description=""/>
      <Column Name="INTERV" Nullable="true" DataType="varchar" Size="1" NativeType="varchar" Description=""/>
      <Column Name="AKTVJAHR" Nullable="true" DataType="numeric" Precision="4" Scale="0" NativeType="numeric" Description=""/>
      <Column Name="AKTBJAHR" Nullable="true" DataType="numeric" Precision="4" Scale="0" NativeType="numeric" Description=""/>
      <PrimaryKey>
        <PrimaryKeyColumn>IDENT</PrimaryKeyColumn>
      </PrimaryKey>
    </Table>
  </MetadataObjects>
  <Status>
    <StatusCode>SUCCESS</StatusCode>
  </Status>
</MetadataReply>