<MetadataReply xmlns="http://www.sap.com/DataServices/DataServicesXSD">
  <ID>1147</ID>
  <MetadataObjects>
    <Table Name="TQ08" Owner="" Description="">
      <Column Name="MANDT" Nullable="false" DataType="varchar" Size="3" NativeType="varchar" Description=""/>
      <Column Name="QM_PUR" Nullable="false" DataType="varchar" Size="8" NativeType="varchar" Description=""/>
      <Column Name="TLERF" Nullable="false" DataType="varchar" Size="1" NativeType="varchar" Description=""/>
      <Column Name="QVERF" Nullable="false" DataType="varchar" Size="1" NativeType="varchar" Description=""/>
      <Column Name="LIEFFREI" Nullable="false" DataType="varchar" Size="1" NativeType="varchar" Description=""/>
      <Column Name="ZGERF" Nullable="false" DataType="varchar" Size="1" NativeType="varchar" Description=""/>
      <Column Name="DOKPFL" Nullable="false" DataType="varchar" Size="1" NativeType="varchar" Description=""/>
      <Column Name="MSGART" Nullable="false" DataType="varchar" Size="1" NativeType="varchar" Description=""/>
      <Column Name="SPERRINAKT" Nullable="false" DataType="varchar" Size="1" NativeType="varchar" Description=""/>
      <Column Name="RESPERRE" Nullable="false" DataType="varchar" Size="1" NativeType="varchar" Description=""/>
      <Column Name="SRCGR" Nullable="true" DataType="varchar" Size="1" NativeType="varchar" Description=""/>
      <Column Name="SRCBTCH" Nullable="true" DataType="varchar" Size="1" NativeType="varchar" Description=""/>
      <PrimaryKey>
        <PrimaryKeyColumn>MANDT</PrimaryKeyColumn>
        <PrimaryKeyColumn>QM_PUR</PrimaryKeyColumn>
      </PrimaryKey>
    </Table>
  </MetadataObjects>
  <Status>
    <StatusCode>SUCCESS</StatusCode>
  </Status>
</MetadataReply>