<MetadataReply xmlns="http://www.sap.com/DataServices/DataServicesXSD">
  <ID>1222</ID>
  <MetadataObjects>
    <Table Name="T6WP3" Owner="" Description="">
      <Column Name="MANDT" Nullable="false" DataType="varchar" Size="3" NativeType="varchar" Description=""/>
      <Column Name="ETIAR" Nullable="false" DataType="varchar" Size="2" NativeType="varchar" Description=""/>
      <PrimaryKey>
        <PrimaryKeyColumn>MANDT</PrimaryKeyColumn>
        <PrimaryKeyColumn>ETIAR</PrimaryKeyColumn>
      </PrimaryKey>
    </Table>
  </MetadataObjects>
  <Status>
    <StatusCode>SUCCESS</StatusCode>
  </Status>
</MetadataReply>