<MetadataReply xmlns="http://www.sap.com/DataServices/DataServicesXSD">
  <ID>1107</ID>
  <MetadataObjects>
    <Table Name="T042Z" Owner="" Description="">
      <Column Name="MANDT" Nullable="false" DataType="varchar" Size="3" NativeType="varchar" Description=""/>
      <Column Name="LAND1" Nullable="false" DataType="varchar" Size="3" NativeType="varchar" Description=""/>
      <Column Name="ZLSCH" Nullable="false" DataType="varchar" Size="1" NativeType="varchar" Description=""/>
      <Column Name="TEXT1" Nullable="true" DataType="varchar" Size="30" NativeType="varchar" Description=""/>
      <Column Name="XBKKT" Nullable="true" DataType="varchar" Size="1" NativeType="varchar" Description=""/>
      <Column Name="XSTRA" Nullable="true" DataType="varchar" Size="1" NativeType="varchar" Description=""/>
      <Column Name="XEINZ" Nullable="true" DataType="varchar" Size="1" NativeType="varchar" Description=""/>
      <Column Name="XESRD" Nullable="true" DataType="varchar" Size="1" NativeType="varchar" Description=""/>
      <Column Name="XPGIR" Nullable="true" DataType="varchar" Size="1" NativeType="varchar" Description=""/>
      <Column Name="XEZER" Nullable="true" DataType="varchar" Size="1" NativeType="varchar" Description=""/>
      <Column Name="XSCHK" Nullable="true" DataType="varchar" Size="1" NativeType="varchar" Description=""/>
      <Column Name="PROGN" Nullable="true" DataType="varchar" Size="40" NativeType="varchar" Description=""/>
      <Column Name="XZWHR" Nullable="true" DataType="varchar" Size="1" NativeType="varchar" Description=""/>
      <Column Name="XEURO" Nullable="true" DataType="varchar" Size="1" NativeType="varchar" Description=""/>
      <Column Name="FORMI" Nullable="true" DataType="varchar" Size="30" NativeType="varchar" Description=""/>
      <Column Name="FORMZ" Nullable="true" DataType="varchar" Size="6" NativeType="varchar" Description=""/>
      <Column Name="XWECH" Nullable="true" DataType="varchar" Size="1" NativeType="varchar" Description=""/>
      <Column Name="XWANF" Nullable="true" DataType="varchar" Size="1" NativeType="varchar" Description=""/>
      <Column Name="XPSKT" Nullable="true" DataType="varchar" Size="1" NativeType="varchar" Description=""/>
      <Column Name="XWECS" Nullable="true" DataType="varchar" Size="1" NativeType="varchar" Description=""/>
      <Column Name="BLART" Nullable="true" DataType="varchar" Size="2" NativeType="varchar" Description=""/>
      <Column Name="BLARV" Nullable="true" DataType="varchar" Size="2" NativeType="varchar" Description=""/>
      <Column Name="UMSKZ" Nullable="true" DataType="varchar" Size="1" NativeType="varchar" Description=""/>
      <Column Name="XSWEC" Nullable="true" DataType="varchar" Size="1" NativeType="varchar" Description=""/>
      <Column Name="TXTSL" Nullable="true" DataType="varchar" Size="2" NativeType="varchar" Description=""/>
      <Column Name="ZLSTN" Nullable="true" DataType="varchar" Size="6" NativeType="varchar" Description=""/>
      <Column Name="WLSTN" Nullable="true" DataType="varchar" Size="6" NativeType="varchar" Description=""/>
      <Column Name="XZANF" Nullable="true" DataType="varchar" Size="1" NativeType="varchar" Description=""/>
      <Column Name="XAKTZ" Nullable="true" DataType="varchar" Size="1" NativeType="varchar" Description=""/>
      <Column Name="WEART" Nullable="true" DataType="varchar" Size="2" NativeType="varchar" Description=""/>
      <Column Name="XNOPO" Nullable="true" DataType="varchar" Size="1" NativeType="varchar" Description=""/>
      <Column Name="XORB" Nullable="true" DataType="varchar" Size="1" NativeType="varchar" Description=""/>
      <Column Name="XIBAN" Nullable="true" DataType="varchar" Size="1" NativeType="varchar" Description=""/>
      <PrimaryKey>
        <PrimaryKeyColumn>MANDT</PrimaryKeyColumn>
        <PrimaryKeyColumn>LAND1</PrimaryKeyColumn>
        <PrimaryKeyColumn>ZLSCH</PrimaryKeyColumn>
      </PrimaryKey>
    </Table>
  </MetadataObjects>
  <Status>
    <StatusCode>SUCCESS</StatusCode>
  </Status>
</MetadataReply>