<MetadataReply xmlns="http://www.sap.com/DataServices/DataServicesXSD">
  <ID>1218</ID>
  <MetadataObjects>
    <Table Name="T437S" Owner="" Description="">
      <Column Name="MANDT" Nullable="false" DataType="varchar" Size="3" NativeType="varchar" Description=""/>
      <Column Name="SFPRO" Nullable="false" DataType="varchar" Size="4" NativeType="varchar" Description=""/>
      <Column Name="AUART" Nullable="true" DataType="varchar" Size="4" NativeType="varchar" Description=""/>
      <Column Name="BACKF" Nullable="true" DataType="varchar" Size="1" NativeType="varchar" Description=""/>
      <Column Name="KSART" Nullable="true" DataType="varchar" Size="4" NativeType="varchar" Description=""/>
      <Column Name="LABOR" Nullable="true" DataType="varchar" Size="1" NativeType="varchar" Description=""/>
      <Column Name="BWAWA" Nullable="true" DataType="varchar" Size="3" NativeType="varchar" Description=""/>
      <Column Name="BWAWE" Nullable="true" DataType="varchar" Size="3" NativeType="varchar" Description=""/>
      <Column Name="REDST" Nullable="true" DataType="varchar" Size="1" NativeType="varchar" Description=""/>
      <Column Name="REDHZ" Nullable="true" DataType="decimal" Precision="3" Scale="0" NativeType="decimal" Description=""/>
      <Column Name="BAKOR" Nullable="true" DataType="varchar" Size="1" NativeType="varchar" Description=""/>
      <Column Name="RRETR" Nullable="true" DataType="varchar" Size="1" NativeType="varchar" Description=""/>
      <Column Name="REPPT" Nullable="true" DataType="varchar" Size="1" NativeType="varchar" Description=""/>
      <Column Name="AUTOWE" Nullable="true" DataType="varchar" Size="1" NativeType="varchar" Description=""/>
      <Column Name="BWASC" Nullable="true" DataType="varchar" Size="3" NativeType="varchar" Description=""/>
      <Column Name="BWACO" Nullable="true" DataType="varchar" Size="3" NativeType="varchar" Description=""/>
      <Column Name="BWAWEM" Nullable="true" DataType="varchar" Size="3" NativeType="varchar" Description=""/>
      <Column Name="XFAN1" Nullable="true" DataType="varchar" Size="1" NativeType="varchar" Description=""/>
      <Column Name="BWAWAM" Nullable="true" DataType="varchar" Size="3" NativeType="varchar" Description=""/>
      <Column Name="BWACR" Nullable="true" DataType="varchar" Size="3" NativeType="varchar" Description=""/>
      <Column Name="PLGEN" Nullable="true" DataType="varchar" Size="1" NativeType="varchar" Description=""/>
      <Column Name="BWAWES" Nullable="true" DataType="varchar" Size="3" NativeType="varchar" Description=""/>
      <Column Name="BWAWAS" Nullable="true" DataType="varchar" Size="3" NativeType="varchar" Description=""/>
      <Column Name="BWASCS" Nullable="true" DataType="varchar" Size="3" NativeType="varchar" Description=""/>
      <Column Name="BWACOS" Nullable="true" DataType="varchar" Size="3" NativeType="varchar" Description=""/>
      <Column Name="BWAWEMS" Nullable="true" DataType="varchar" Size="3" NativeType="varchar" Description=""/>
      <Column Name="BWAWAMS" Nullable="true" DataType="varchar" Size="3" NativeType="varchar" Description=""/>
      <Column Name="BWACRS" Nullable="true" DataType="varchar" Size="3" NativeType="varchar" Description=""/>
      <Column Name="BCKFL" Nullable="true" DataType="varchar" Size="1" NativeType="varchar" Description=""/>
      <Column Name="AGREQ" Nullable="true" DataType="varchar" Size="1" NativeType="varchar" Description=""/>
      <Column Name="NODUM" Nullable="true" DataType="varchar" Size="1" NativeType="varchar" Description=""/>
      <Column Name="PRZST" Nullable="true" DataType="varchar" Size="4" NativeType="varchar" Description=""/>
      <Column Name="CHSMM" Nullable="true" DataType="varchar" Size="6" NativeType="varchar" Description=""/>
      <Column Name="RULES" Nullable="true" DataType="varchar" Size="4" NativeType="varchar" Description=""/>
      <Column Name="BWULACT" Nullable="true" DataType="varchar" Size="1" NativeType="varchar" Description=""/>
      <Column Name="KZTTZ" Nullable="false" DataType="varchar" Size="1" NativeType="varchar" Description=""/>
      <PrimaryKey>
        <PrimaryKeyColumn>MANDT</PrimaryKeyColumn>
        <PrimaryKeyColumn>SFPRO</PrimaryKeyColumn>
      </PrimaryKey>
    </Table>
  </MetadataObjects>
  <Status>
    <StatusCode>SUCCESS</StatusCode>
  </Status>
</MetadataReply>