<MetadataReply xmlns="http://www.sap.com/DataServices/DataServicesXSD">
  <ID>1192</ID>
  <MetadataObjects>
    <Table Name="KNA1" Owner="" Description="General Data in Customer Master">
      <Attributes>
        <Attribute Name="SAP_Table_Class" Value="1"/>
        <Attribute Name="SAP_Table_Class_Name" Value="transparent"/>
        <Attribute Name="sap_row_size" Value="1919"/>
        <Attribute Name="sap_table_type" Value="Transparent Table"/>
      </Attributes>
      <Column Name="MANDT" Nullable="false" DataType="varchar" Size="3" NativeType="varchar" Description="Client"/>
      <Column Name="KUNNR" Nullable="false" DataType="varchar" Size="10" NativeType="varchar" Description="Customer Number"/>
      <Column Name="LAND1" Nullable="true" DataType="varchar" Size="3" NativeType="varchar" Description="Country Key"/>
      <Column Name="NAME1" Nullable="true" DataType="varchar" Size="35" NativeType="varchar" Description="Name 1"/>
      <Column Name="NAME2" Nullable="true" DataType="varchar" Size="35" NativeType="varchar" Description="Name 2"/>
      <Column Name="ORT01" Nullable="true" DataType="varchar" Size="35" NativeType="varchar" Description="City"/>
      <Column Name="PSTLZ" Nullable="true" DataType="varchar" Size="10" NativeType="varchar" Description="Postal Code"/>
      <Column Name="REGIO" Nullable="true" DataType="varchar" Size="3" NativeType="varchar" Description="Region (State, Province, County)"/>
      <Column Name="SORTL" Nullable="true" DataType="varchar" Size="10" NativeType="varchar" Description="Sort field"/>
      <Column Name="STRAS" Nullable="true" DataType="varchar" Size="35" NativeType="varchar" Description="House number and street"/>
      <Column Name="TELF1" Nullable="true" DataType="varchar" Size="16" NativeType="varchar" Description="First telephone number"/>
      <Column Name="TELFX" Nullable="true" DataType="varchar" Size="31" NativeType="varchar" Description="Fax Number"/>
      <Column Name="XCPDK" Nullable="true" DataType="varchar" Size="1" NativeType="varchar" Description="Indicator: Is the account a one-time account?"/>
      <Column Name="ADRNR" Nullable="true" DataType="varchar" Size="10" NativeType="varchar" Description="Address"/>
      <Column Name="MCOD1" Nullable="true" DataType="varchar" Size="25" NativeType="varchar" Description="Search term for matchcode search"/>
      <Column Name="MCOD2" Nullable="true" DataType="varchar" Size="25" NativeType="varchar" Description="Search Term for Matchcode Search"/>
      <Column Name="MCOD3" Nullable="true" DataType="varchar" Size="25" NativeType="varchar" Description="Search term for matchcode search"/>
      <Column Name="ANRED" Nullable="true" DataType="varchar" Size="15" NativeType="varchar" Description="Title"/>
      <Column Name="AUFSD" Nullable="true" DataType="varchar" Size="2" NativeType="varchar" Description="Central order block for customer"/>
      <Column Name="BAHNE" Nullable="true" DataType="varchar" Size="25" NativeType="varchar" Description="Express train station"/>
      <Column Name="BAHNS" Nullable="true" DataType="varchar" Size="25" NativeType="varchar" Description="Train station"/>
      <Column Name="BBBNR" Nullable="true" DataType="numeric" Precision="7" Scale="0" NativeType="numeric" Description="International location number  (part 1)"/>
      <Column Name="BBSNR" Nullable="true" DataType="numeric" Precision="5" Scale="0" NativeType="numeric" Description="International location number (Part 2)"/>
      <Column Name="BEGRU" Nullable="true" DataType="varchar" Size="4" NativeType="varchar" Description="Authorization Group"/>
      <Column Name="BRSCH" Nullable="true" DataType="varchar" Size="4" NativeType="varchar" Description="Industry key"/>
      <Column Name="BUBKZ" Nullable="true" DataType="numeric" Precision="1" Scale="0" NativeType="numeric" Description="Check digit for the international location number"/>
      <Column Name="DATLT" Nullable="true" DataType="varchar" Size="14" NativeType="varchar" Description="Data communication line no."/>
      <Column Name="ERDAT" Nullable="true" DataType="date" NativeType="date" Description="Date on which the Record Was Created"/>
      <Column Name="ERNAM" Nullable="true" DataType="varchar" Size="12" NativeType="varchar" Description="Name of Person who Created the Object"/>
      <Column Name="EXABL" Nullable="true" DataType="varchar" Size="1" NativeType="varchar" Description="Indicator: Unloading points exist"/>
      <Column Name="FAKSD" Nullable="true" DataType="varchar" Size="2" NativeType="varchar" Description="Central billing block for customer"/>
      <Column Name="FISKN" Nullable="true" DataType="varchar" Size="10" NativeType="varchar" Description="Account number of the master record with the fiscal address"/>
      <Column Name="KNAZK" Nullable="true" DataType="varchar" Size="2" NativeType="varchar" Description="Working Time Calendar"/>
      <Column Name="KNRZA" Nullable="true" DataType="varchar" Size="10" NativeType="varchar" Description="Account number of an alternative payer"/>
      <Column Name="KONZS" Nullable="true" DataType="varchar" Size="10" NativeType="varchar" Description="Group key"/>
      <Column Name="KTOKD" Nullable="true" DataType="varchar" Size="4" NativeType="varchar" Description="Customer Account Group"/>
      <Column Name="KUKLA" Nullable="true" DataType="varchar" Size="2" NativeType="varchar" Description="Customer classification"/>
      <Column Name="LIFNR" Nullable="true" DataType="varchar" Size="10" NativeType="varchar" Description="Account Number of Vendor or Creditor"/>
      <Column Name="LIFSD" Nullable="true" DataType="varchar" Size="2" NativeType="varchar" Description="Central delivery block for the customer"/>
      <Column Name="LOCCO" Nullable="true" DataType="varchar" Size="10" NativeType="varchar" Description="City Coordinates"/>
      <Column Name="LOEVM" Nullable="true" DataType="varchar" Size="1" NativeType="varchar" Description="Central Deletion Flag for Master Record"/>
      <Column Name="NAME3" Nullable="true" DataType="varchar" Size="35" NativeType="varchar" Description="Name 3"/>
      <Column Name="NAME4" Nullable="true" DataType="varchar" Size="35" NativeType="varchar" Description="Name 4"/>
      <Column Name="NIELS" Nullable="true" DataType="varchar" Size="2" NativeType="varchar" Description="Nielsen ID"/>
      <Column Name="ORT02" Nullable="true" DataType="varchar" Size="35" NativeType="varchar" Description="District"/>
      <Column Name="PFACH" Nullable="true" DataType="varchar" Size="10" NativeType="varchar" Description="PO Box"/>
      <Column Name="PSTL2" Nullable="true" DataType="varchar" Size="10" NativeType="varchar" Description="P.O. Box Postal Code"/>
      <Column Name="COUNC" Nullable="true" DataType="varchar" Size="3" NativeType="varchar" Description="County Code"/>
      <Column Name="CITYC" Nullable="true" DataType="varchar" Size="4" NativeType="varchar" Description="City Code"/>
      <Column Name="RPMKR" Nullable="true" DataType="varchar" Size="5" NativeType="varchar" Description="Regional Market"/>
      <Column Name="SPERR" Nullable="true" DataType="varchar" Size="1" NativeType="varchar" Description="Central posting block"/>
      <Column Name="SPRAS" Nullable="true" DataType="varchar" Size="1" NativeType="varchar" Description="Language Key"/>
      <Column Name="STCD1" Nullable="true" DataType="varchar" Size="16" NativeType="varchar" Description="Tax Number 1"/>
      <Column Name="STCD2" Nullable="true" DataType="varchar" Size="11" NativeType="varchar" Description="Tax Number 2"/>
      <Column Name="STKZA" Nullable="true" DataType="varchar" Size="1" NativeType="varchar" Description="Indicator: Business Partner Subject to Equalization Tax?"/>
      <Column Name="STKZU" Nullable="true" DataType="varchar" Size="1" NativeType="varchar" Description="Liable for VAT"/>
      <Column Name="TELBX" Nullable="true" DataType="varchar" Size="15" NativeType="varchar" Description="Telebox number"/>
      <Column Name="TELF2" Nullable="true" DataType="varchar" Size="16" NativeType="varchar" Description="Second telephone number"/>
      <Column Name="TELTX" Nullable="true" DataType="varchar" Size="30" NativeType="varchar" Description="Teletex number"/>
      <Column Name="TELX1" Nullable="true" DataType="varchar" Size="30" NativeType="varchar" Description="Telex number"/>
      <Column Name="LZONE" Nullable="true" DataType="varchar" Size="10" NativeType="varchar" Description="Transportation zone to or from which the goods are delivered"/>
      <Column Name="XZEMP" Nullable="true" DataType="varchar" Size="1" NativeType="varchar" Description="Indicator: Is an alternative payer allowed in document?"/>
      <Column Name="VBUND" Nullable="true" DataType="varchar" Size="6" NativeType="varchar" Description="Company ID of Trading Partner"/>
      <Column Name="STCEG" Nullable="true" DataType="varchar" Size="20" NativeType="varchar" Description="VAT Registration Number"/>
      <Column Name="DEAR1" Nullable="true" DataType="varchar" Size="1" NativeType="varchar" Description="Indicator: Competitor"/>
      <Column Name="DEAR2" Nullable="true" DataType="varchar" Size="1" NativeType="varchar" Description="Indicator: Sales partner"/>
      <Column Name="DEAR3" Nullable="true" DataType="varchar" Size="1" NativeType="varchar" Description="Indicator: Sales prospect"/>
      <Column Name="DEAR4" Nullable="true" DataType="varchar" Size="1" NativeType="varchar" Description="Indicator for customer type 4"/>
      <Column Name="DEAR5" Nullable="true" DataType="varchar" Size="1" NativeType="varchar" Description="ID for default sold-to party"/>
      <Column Name="GFORM" Nullable="true" DataType="varchar" Size="2" NativeType="varchar" Description="Legal status"/>
      <Column Name="BRAN1" Nullable="true" DataType="varchar" Size="10" NativeType="varchar" Description="Industry Code 1"/>
      <Column Name="BRAN2" Nullable="true" DataType="varchar" Size="10" NativeType="varchar" Description="Industry code 2"/>
      <Column Name="BRAN3" Nullable="true" DataType="varchar" Size="10" NativeType="varchar" Description="Industry code 3"/>
      <Column Name="BRAN4" Nullable="true" DataType="varchar" Size="10" NativeType="varchar" Description="Industry code 4"/>
      <Column Name="BRAN5" Nullable="true" DataType="varchar" Size="10" NativeType="varchar" Description="Industry code 5"/>
      <Column Name="EKONT" Nullable="true" DataType="varchar" Size="10" NativeType="varchar" Description="Initial contact"/>
      <Column Name="UMSAT" Nullable="true" DataType="decimal" Precision="8" Scale="2" NativeType="decimal" Description="Annual sales"/>
      <Column Name="UMJAH" Nullable="true" DataType="numeric" Precision="4" Scale="0" NativeType="numeric" Description="Year For Which Sales are Given"/>
      <Column Name="UWAER" Nullable="true" DataType="varchar" Size="5" NativeType="varchar" Description="Currency of sales figure"/>
      <Column Name="JMZAH" Nullable="true" DataType="numeric" Precision="6" Scale="0" NativeType="numeric" Description="Yearly number of employees"/>
      <Column Name="JMJAH" Nullable="true" DataType="numeric" Precision="4" Scale="0" NativeType="numeric" Description="Year for which the number of employees is given"/>
      <Column Name="KATR1" Nullable="true" DataType="varchar" Size="2" NativeType="varchar" Description="Attribute 1"/>
      <Column Name="KATR2" Nullable="true" DataType="varchar" Size="2" NativeType="varchar" Description="Attribute 2"/>
      <Column Name="KATR3" Nullable="true" DataType="varchar" Size="2" NativeType="varchar" Description="Attribute 3"/>
      <Column Name="KATR4" Nullable="true" DataType="varchar" Size="2" NativeType="varchar" Description="Attribute 4"/>
      <Column Name="KATR5" Nullable="true" DataType="varchar" Size="2" NativeType="varchar" Description="Attribute 5"/>
      <Column Name="KATR6" Nullable="true" DataType="varchar" Size="3" NativeType="varchar" Description="Attribute 6"/>
      <Column Name="KATR7" Nullable="true" DataType="varchar" Size="3" NativeType="varchar" Description="Attribute 7"/>
      <Column Name="KATR8" Nullable="true" DataType="varchar" Size="3" NativeType="varchar" Description="Attribute 8"/>
      <Column Name="KATR9" Nullable="true" DataType="varchar" Size="3" NativeType="varchar" Description="Attribute 9"/>
      <Column Name="KATR10" Nullable="true" DataType="varchar" Size="3" NativeType="varchar" Description="Attribute 10"/>
      <Column Name="STKZN" Nullable="true" DataType="varchar" Size="1" NativeType="varchar" Description="Natural Person"/>
      <Column Name="UMSA1" Nullable="true" DataType="decimal" Precision="15" Scale="2" NativeType="decimal" Description="Annual sales"/>
      <Column Name="TXJCD" Nullable="true" DataType="varchar" Size="15" NativeType="varchar" Description="Tax Jurisdiction"/>
      <Column Name="PERIV" Nullable="true" DataType="varchar" Size="2" NativeType="varchar" Description="Fiscal Year Variant"/>
      <Column Name="ABRVW" Nullable="true" DataType="varchar" Size="3" NativeType="varchar" Description="Usage Indicator"/>
      <Column Name="INSPBYDEBI" Nullable="true" DataType="varchar" Size="1" NativeType="varchar" Description="Inspection Carried Out By Customer (No Inspection Lot)"/>
      <Column Name="INSPATDEBI" Nullable="true" DataType="varchar" Size="1" NativeType="varchar" Description="Inspection for a Delivery Note After Outbound Delivery"/>
      <Column Name="KTOCD" Nullable="true" DataType="varchar" Size="4" NativeType="varchar" Description="Reference Account Group for One-Time Account (Customer)"/>
      <Column Name="PFORT" Nullable="true" DataType="varchar" Size="35" NativeType="varchar" Description="PO Box city"/>
      <Column Name="WERKS" Nullable="true" DataType="varchar" Size="4" NativeType="varchar" Description="Plant"/>
      <Column Name="DTAMS" Nullable="true" DataType="varchar" Size="1" NativeType="varchar" Description="Indicator for Data Medium Exchange"/>
      <Column Name="DTAWS" Nullable="true" DataType="varchar" Size="2" NativeType="varchar" Description="Instruction key for data medium exchange"/>
      <Column Name="DUEFL" Nullable="true" DataType="varchar" Size="1" NativeType="varchar" Description="Status of Data Transfer into Subsequent Release"/>
      <Column Name="HZUOR" Nullable="true" DataType="numeric" Precision="2" Scale="0" NativeType="numeric" Description="Assignment to Hierarchy"/>
      <Column Name="SPERZ" Nullable="true" DataType="varchar" Size="1" NativeType="varchar" Description="Payment Block"/>
      <Column Name="ETIKG" Nullable="true" DataType="varchar" Size="10" NativeType="varchar" Description="IS-R Labeling: customer/plant group"/>
      <Column Name="CIVVE" Nullable="true" DataType="varchar" Size="1" NativeType="varchar" Description="ID for mainly non-military use"/>
      <Column Name="MILVE" Nullable="true" DataType="varchar" Size="1" NativeType="varchar" Description="ID for mainly military use"/>
      <Column Name="KDKG1" Nullable="true" DataType="varchar" Size="2" NativeType="varchar" Description="Customer condition group 1"/>
      <Column Name="KDKG2" Nullable="true" DataType="varchar" Size="2" NativeType="varchar" Description="Customer condition group 2"/>
      <Column Name="KDKG3" Nullable="true" DataType="varchar" Size="2" NativeType="varchar" Description="Customer condition group 3"/>
      <Column Name="KDKG4" Nullable="true" DataType="varchar" Size="2" NativeType="varchar" Description="Customer condition group 4"/>
      <Column Name="KDKG5" Nullable="true" DataType="varchar" Size="2" NativeType="varchar" Description="Customer condition group 5"/>
      <Column Name="XKNZA" Nullable="true" DataType="varchar" Size="1" NativeType="varchar" Description="Indicator: Alternative payer using account number"/>
      <Column Name="FITYP" Nullable="true" DataType="varchar" Size="2" NativeType="varchar" Description="Tax type"/>
      <Column Name="STCDT" Nullable="true" DataType="varchar" Size="2" NativeType="varchar" Description="Tax Number Type"/>
      <Column Name="STCD3" Nullable="true" DataType="varchar" Size="18" NativeType="varchar" Description="Tax Number 3"/>
      <Column Name="STCD4" Nullable="true" DataType="varchar" Size="18" NativeType="varchar" Description="Tax Number 4"/>
      <Column Name="XICMS" Nullable="true" DataType="varchar" Size="1" NativeType="varchar" Description="Customer is ICMS-exempt"/>
      <Column Name="XXIPI" Nullable="true" DataType="varchar" Size="1" NativeType="varchar" Description="Customer is IPI-exempt"/>
      <Column Name="XSUBT" Nullable="true" DataType="varchar" Size="3" NativeType="varchar" Description="Customer group for Substituiçao Tributária calculation"/>
      <Column Name="CFOPC" Nullable="true" DataType="varchar" Size="2" NativeType="varchar" Description="Customer's CFOP category"/>
      <Column Name="TXLW1" Nullable="true" DataType="varchar" Size="3" NativeType="varchar" Description="Tax law: ICMS"/>
      <Column Name="TXLW2" Nullable="true" DataType="varchar" Size="3" NativeType="varchar" Description="Tax law: IPI"/>
      <Column Name="CCC01" Nullable="true" DataType="varchar" Size="1" NativeType="varchar" Description="Indicator for biochemical warfare for legal control"/>
      <Column Name="CCC02" Nullable="true" DataType="varchar" Size="1" NativeType="varchar" Description="Indicator for nuclear nonproliferation for legal control"/>
      <Column Name="CCC03" Nullable="true" DataType="varchar" Size="1" NativeType="varchar" Description="Indicator for national security for legal control"/>
      <Column Name="CCC04" Nullable="true" DataType="varchar" Size="1" NativeType="varchar" Description="Indicator for missile technology for legal control"/>
      <Column Name="CASSD" Nullable="true" DataType="varchar" Size="2" NativeType="varchar" Description="Central sales block for customer"/>
      <Column Name="KNURL" Nullable="true" DataType="varchar" Size="132" NativeType="varchar" Description="Uniform Resource Locator"/>
      <Column Name="J_1KFREPRE" Nullable="true" DataType="varchar" Size="10" NativeType="varchar" Description="Name of Representative"/>
      <Column Name="J_1KFTBUS" Nullable="true" DataType="varchar" Size="30" NativeType="varchar" Description="Type of Business"/>
      <Column Name="J_1KFTIND" Nullable="true" DataType="varchar" Size="30" NativeType="varchar" Description="Type of Industry"/>
      <Column Name="CONFS" Nullable="false" DataType="varchar" Size="1" NativeType="varchar" Description="Status of Change Authorization (Central)"/>
      <Column Name="UPDAT" Nullable="true" DataType="date" NativeType="date" Description="Date on Which the Changes Were Confirmed"/>
      <Column Name="UPTIM" Nullable="true" DataType="time" NativeType="time" Description="Time of Last Change Confirmation"/>
      <Column Name="NODEL" Nullable="false" DataType="varchar" Size="1" NativeType="varchar" Description="Central deletion block for master record"/>
      <Column Name="DEAR6" Nullable="true" DataType="varchar" Size="1" NativeType="varchar" Description="Indicator: Consumer"/>
      <Column Name="/VSO/R_PALHGT" Nullable="true" DataType="decimal" Precision="13" Scale="3" NativeType="decimal" Description="Maximum Stacking Height of the Packaging Material (VSO)"/>
      <Column Name="/VSO/R_PAL_UL" Nullable="true" DataType="varchar" Size="3" NativeType="varchar" Description="Unit of Length for Packaging Material (VSO)"/>
      <Column Name="/VSO/R_PK_MAT" Nullable="true" DataType="varchar" Size="1" NativeType="varchar" Description="Customer-Related Packing for Each Packaging Material (VSO)"/>
      <Column Name="/VSO/R_MATPAL" Nullable="true" DataType="varchar" Size="18" NativeType="varchar" Description="Packaging Material of the Customer in VSO"/>
      <Column Name="/VSO/R_I_NO_LYR" Nullable="true" DataType="numeric" Precision="2" Scale="0" NativeType="numeric" Description="Number Layers Under an Inter-Pallet (VSO)"/>
      <Column Name="/VSO/R_ONE_MAT" Nullable="true" DataType="varchar" Size="1" NativeType="varchar" Description="Packing Material-Specific for Each Packaging Material"/>
      <Column Name="/VSO/R_ONE_SORT" Nullable="true" DataType="varchar" Size="1" NativeType="varchar" Description="Pack Only One Package Type for Each PKM (VSO)"/>
      <Column Name="/VSO/R_ULD_SIDE" Nullable="true" DataType="numeric" Precision="1" Scale="0" NativeType="numeric" Description="Side Preference of Loading/Unloading (VSO)"/>
      <Column Name="/VSO/R_LOAD_PREF" Nullable="true" DataType="numeric" Precision="1" Scale="0" NativeType="numeric" Description="Front/Back Preference of Loading/Unloading (VSO)"/>
      <Column Name="/VSO/R_DPOINT" Nullable="true" DataType="varchar" Size="10" NativeType="varchar" Description="Collective Unloading Point for VSO"/>
      <Column Name="ALC" Nullable="true" DataType="varchar" Size="8" NativeType="varchar" Description="Agency Location Code"/>
      <Column Name="PMT_OFFICE" Nullable="true" DataType="varchar" Size="5" NativeType="varchar" Description="Payment Office"/>
      <Column Name="PSOFG" Nullable="true" DataType="varchar" Size="10" NativeType="varchar" Description="Processor group"/>
      <Column Name="PSOIS" Nullable="true" DataType="varchar" Size="20" NativeType="varchar" Description="Subledger acct preprocessing procedure"/>
      <Column Name="PSON1" Nullable="true" DataType="varchar" Size="35" NativeType="varchar" Description="Name 1"/>
      <Column Name="PSON2" Nullable="true" DataType="varchar" Size="35" NativeType="varchar" Description="Name 2"/>
      <Column Name="PSON3" Nullable="true" DataType="varchar" Size="35" NativeType="varchar" Description="Name 3"/>
      <Column Name="PSOVN" Nullable="true" DataType="varchar" Size="35" NativeType="varchar" Description="First Name"/>
      <Column Name="PSOTL" Nullable="true" DataType="varchar" Size="20" NativeType="varchar" Description="Title"/>
      <Column Name="PSOHS" Nullable="true" DataType="varchar" Size="6" NativeType="varchar" Description="House number: is no longer used from Release 4.6B"/>
      <Column Name="PSOST" Nullable="true" DataType="varchar" Size="28" NativeType="varchar" Description="Street: No longer used from Release 4.6B"/>
      <Column Name="PSOO1" Nullable="true" DataType="varchar" Size="50" NativeType="varchar" Description="Description"/>
      <Column Name="PSOO2" Nullable="true" DataType="varchar" Size="50" NativeType="varchar" Description="Description"/>
      <Column Name="PSOO3" Nullable="true" DataType="varchar" Size="50" NativeType="varchar" Description="Description"/>
      <Column Name="PSOO4" Nullable="true" DataType="varchar" Size="50" NativeType="varchar" Description="Description"/>
      <Column Name="PSOO5" Nullable="true" DataType="varchar" Size="50" NativeType="varchar" Description="Description"/>
      <Column Name="FEE_SCHEDULE" Nullable="true" DataType="varchar" Size="4" NativeType="varchar" Description="Fee schedule"/>
      <Column Name="DUNS" Nullable="true" DataType="varchar" Size="9" NativeType="varchar" Description="DUNS Number"/>
      <Column Name="DUNS4" Nullable="true" DataType="varchar" Size="4" NativeType="varchar" Description="DUNS+4"/>
      <Column Name="STCD5" Nullable="true" DataType="varchar" Size="60" NativeType="varchar" Description="Tax Number 5"/>
      <PrimaryKey>
        <PrimaryKeyColumn>MANDT</PrimaryKeyColumn>
        <PrimaryKeyColumn>KUNNR</PrimaryKeyColumn>
      </PrimaryKey>
      <TableIndex Name="PRIMARY" isPrimary="true" Unique="true">
        <IndexColumn Name="MANDT"/>
        <IndexColumn Name="KUNNR"/>
      </TableIndex>
      <TableIndex Name="001" isPrimary="false" Unique="false">
        <IndexColumn Name="CONFS"/>
      </TableIndex>
      <TableIndex Name="A" isPrimary="false" Unique="false">
        <IndexColumn Name="SORTL"/>
      </TableIndex>
      <TableIndex Name="FIS" isPrimary="false" Unique="false">
        <IndexColumn Name="FISKN"/>
      </TableIndex>
      <TableIndex Name="MC3" isPrimary="false" Unique="false">
        <IndexColumn Name="MCOD3"/>
      </TableIndex>
      <TableIndex Name="MCD" isPrimary="false" Unique="false">
        <IndexColumn Name="MCOD1"/>
        <IndexColumn Name="MCOD2"/>
        <IndexColumn Name="MCOD3"/>
      </TableIndex>
      <TableIndex Name="PLZ" isPrimary="false" Unique="false">
        <IndexColumn Name="PSTLZ"/>
      </TableIndex>
      <TableIndex Name="Z" isPrimary="false" Unique="false">
        <IndexColumn Name="LAND1"/>
      </TableIndex>
      <TableIndex Name="ILN" isPrimary="false" Unique="false">
        <IndexColumn Name="BBBNR"/>
        <IndexColumn Name="BBSNR"/>
        <IndexColumn Name="BUBKZ"/>
      </TableIndex>
      <ForeignKey Name="ACTA_FK_29" ReferredTableKey="" ReferredTable="TBRC" ReferredTableOwner="">
        <PKFKColumn Column="BRAN3" ReferredColumn="BRACO"/>
      </ForeignKey>
      <ForeignKey Name="ACTA_FK_28" ReferredTableKey="" ReferredTable="TBRC" ReferredTableOwner="">
        <PKFKColumn Column="BRAN2" ReferredColumn="BRACO"/>
      </ForeignKey>
      <ForeignKey Name="ACTA_FK_58" ReferredTableKey="" ReferredTable="TZONE" ReferredTableOwner="">
        <PKFKColumn Column="LAND1" ReferredColumn="LAND1"/>
        <PKFKColumn Column="LZONE" ReferredColumn="ZONE1"/>
      </ForeignKey>
      <ForeignKey Name="ACTA_FK_22" ReferredTableKey="" ReferredTable="T009" ReferredTableOwner="">
        <PKFKColumn Column="PERIV" ReferredColumn="PERIV"/>
      </ForeignKey>
      <ForeignKey Name="ACTA_FK_23" ReferredTableKey="" ReferredTable="T016" ReferredTableOwner="">
        <PKFKColumn Column="BRSCH" ReferredColumn="BRSCH"/>
      </ForeignKey>
      <ForeignKey Name="ACTA_FK_20" ReferredTableKey="" ReferredTable="T005S" ReferredTableOwner="">
        <PKFKColumn Column="LAND1" ReferredColumn="LAND1"/>
        <PKFKColumn Column="REGIO" ReferredColumn="BLAND"/>
      </ForeignKey>
      <ForeignKey Name="ACTA_FK_26" ReferredTableKey="" ReferredTable="T880" ReferredTableOwner="">
        <PKFKColumn Column="VBUND" ReferredColumn="RCOMP"/>
      </ForeignKey>
      <ForeignKey Name="ACTA_FK_27" ReferredTableKey="" ReferredTable="TBRC" ReferredTableOwner="">
        <PKFKColumn Column="BRAN1" ReferredColumn="BRACO"/>
      </ForeignKey>
      <ForeignKey Name="ACTA_FK_24" ReferredTableKey="" ReferredTable="T077D" ReferredTableOwner="">
        <PKFKColumn Column="KTOCD" ReferredColumn="KTOKD"/>
      </ForeignKey>
      <ForeignKey Name="ACTA_FK_25" ReferredTableKey="" ReferredTable="T077D" ReferredTableOwner="">
        <PKFKColumn Column="KTOKD" ReferredColumn="KTOKD"/>
      </ForeignKey>
      <ForeignKey Name="ACTA_FK_39" ReferredTableKey="" ReferredTable="TVGF" ReferredTableOwner="">
        <PKFKColumn Column="GFORM" ReferredColumn="GFORM"/>
      </ForeignKey>
      <ForeignKey Name="ACTA_FK_17" ReferredTableKey="" ReferredTable="T005" ReferredTableOwner="">
        <PKFKColumn Column="LAND1" ReferredColumn="LAND1"/>
      </ForeignKey>
      <ForeignKey Name="ACTA_FK_13" ReferredTableKey="" ReferredTable="MARA" ReferredTableOwner="">
        <PKFKColumn Column="/VSO/R_MATPAL" ReferredColumn="MATNR"/>
      </ForeignKey>
      <ForeignKey Name="ACTA_FK_31" ReferredTableKey="" ReferredTable="TBRC" ReferredTableOwner="">
        <PKFKColumn Column="BRAN5" ReferredColumn="BRACO"/>
      </ForeignKey>
      <ForeignKey Name="ACTA_FK_32" ReferredTableKey="" ReferredTable="TCURC" ReferredTableOwner="">
        <PKFKColumn Column="UWAER" ReferredColumn="WAERS"/>
      </ForeignKey>
      <ForeignKey Name="ACTA_FK_15" ReferredTableKey="" ReferredTable="T001W" ReferredTableOwner="">
        <PKFKColumn Column="WERKS" ReferredColumn="WERKS"/>
      </ForeignKey>
      <ForeignKey Name="ACTA_FK_6" ReferredTableKey="" ReferredTable="J_1ATODC" ReferredTableOwner="">
        <PKFKColumn Column="STCDT" ReferredColumn="J_1ATODC"/>
      </ForeignKey>
      <ForeignKey Name="ACTA_FK_33" ReferredTableKey="" ReferredTable="TFACD" ReferredTableOwner="">
        <PKFKColumn Column="KNAZK" ReferredColumn="IDENT"/>
      </ForeignKey>
      <ForeignKey Name="ACTA_FK_34" ReferredTableKey="" ReferredTable="TKUKL" ReferredTableOwner="">
        <PKFKColumn Column="KUKLA" ReferredColumn="KUKLA"/>
      </ForeignKey>
      <ForeignKey Name="ACTA_FK_16" ReferredTableKey="" ReferredTable="T002" ReferredTableOwner="">
        <PKFKColumn Column="SPRAS" ReferredColumn="SPRAS"/>
      </ForeignKey>
      <ForeignKey Name="ACTA_FK_35" ReferredTableKey="" ReferredTable="TNLS" ReferredTableOwner="">
        <PKFKColumn Column="NIELS" ReferredColumn="NIELS"/>
      </ForeignKey>
      <ForeignKey Name="ACTA_FK_10" ReferredTableKey="" ReferredTable="KNA1" ReferredTableOwner="">
        <PKFKColumn Column="FISKN" ReferredColumn="KUNNR"/>
      </ForeignKey>
      <ForeignKey Name="ACTA_FK_11" ReferredTableKey="" ReferredTable="KNA1" ReferredTableOwner="">
        <PKFKColumn Column="KNRZA" ReferredColumn="KUNNR"/>
      </ForeignKey>
      <ForeignKey Name="ACTA_FK_12" ReferredTableKey="" ReferredTable="LFA1" ReferredTableOwner="">
        <PKFKColumn Column="LIFNR" ReferredColumn="LIFNR"/>
      </ForeignKey>
      <ForeignKey Name="ACTA_FK_30" ReferredTableKey="" ReferredTable="TBRC" ReferredTableOwner="">
        <PKFKColumn Column="BRAN4" ReferredColumn="BRACO"/>
      </ForeignKey>
    </Table>
  </MetadataObjects>
  <Status>
    <StatusCode>SUCCESS</StatusCode>
  </Status>
</MetadataReply>