<MetadataReply xmlns="http://www.sap.com/DataServices/DataServicesXSD">
  <ID>1081</ID>
  <MetadataObjects>
    <Table Name="T005S" Owner="" Description="">
      <Column Name="MANDT" Nullable="false" DataType="varchar" Size="3" NativeType="varchar" Description=""/>
      <Column Name="LAND1" Nullable="false" DataType="varchar" Size="3" NativeType="varchar" Description=""/>
      <Column Name="BLAND" Nullable="false" DataType="varchar" Size="3" NativeType="varchar" Description=""/>
      <Column Name="FPRCD" Nullable="true" DataType="varchar" Size="3" NativeType="varchar" Description=""/>
      <Column Name="HERBL" Nullable="true" DataType="varchar" Size="2" NativeType="varchar" Description=""/>
      <PrimaryKey>
        <PrimaryKeyColumn>MANDT</PrimaryKeyColumn>
        <PrimaryKeyColumn>LAND1</PrimaryKeyColumn>
        <PrimaryKeyColumn>BLAND</PrimaryKeyColumn>
      </PrimaryKey>
    </Table>
  </MetadataObjects>
  <Status>
    <StatusCode>SUCCESS</StatusCode>
  </Status>
</MetadataReply>