<MetadataReply xmlns="http://www.sap.com/DataServices/DataServicesXSD">
  <ID>1238</ID>
  <MetadataObjects>
    <Table Name="T416" Owner="" Description="">
      <Column Name="MANDT" Nullable="false" DataType="varchar" Size="3" NativeType="varchar" Description=""/>
      <Column Name="STLAN" Nullable="false" DataType="varchar" Size="1" NativeType="varchar" Description=""/>
      <Column Name="PMPFE" Nullable="false" DataType="varchar" Size="1" NativeType="varchar" Description=""/>
      <Column Name="PMPKO" Nullable="false" DataType="varchar" Size="1" NativeType="varchar" Description=""/>
      <Column Name="PMPKA" Nullable="false" DataType="varchar" Size="1" NativeType="varchar" Description=""/>
      <Column Name="PMPRV" Nullable="false" DataType="varchar" Size="1" NativeType="varchar" Description=""/>
      <Column Name="PMPVS" Nullable="false" DataType="varchar" Size="1" NativeType="varchar" Description=""/>
      <Column Name="PMPIN" Nullable="false" DataType="varchar" Size="1" NativeType="varchar" Description=""/>
      <Column Name="PMPER" Nullable="false" DataType="varchar" Size="1" NativeType="varchar" Description=""/>
      <PrimaryKey>
        <PrimaryKeyColumn>MANDT</PrimaryKeyColumn>
        <PrimaryKeyColumn>STLAN</PrimaryKeyColumn>
      </PrimaryKey>
    </Table>
  </MetadataObjects>
  <Status>
    <StatusCode>SUCCESS</StatusCode>
  </Status>
</MetadataReply>