<MetadataReply xmlns="http://www.sap.com/DataServices/DataServicesXSD">
  <ID>1126</ID>
  <MetadataObjects>
    <Table Name="TBRC" Owner="" Description="">
      <Column Name="MANDT" Nullable="false" DataType="varchar" Size="3" NativeType="varchar" Description=""/>
      <Column Name="BRACO" Nullable="false" DataType="varchar" Size="10" NativeType="varchar" Description=""/>
      <PrimaryKey>
        <PrimaryKeyColumn>MANDT</PrimaryKeyColumn>
        <PrimaryKeyColumn>BRACO</PrimaryKeyColumn>
      </PrimaryKey>
    </Table>
  </MetadataObjects>
  <Status>
    <StatusCode>SUCCESS</StatusCode>
  </Status>
</MetadataReply>