<MetadataReply xmlns="http://www.sap.com/DataServices/DataServicesXSD">
  <ID>1028</ID>
  <MetadataObjects>
    <Table Name="T024E" Owner="" Description="">
      <Column Name="MANDT" Nullable="false" DataType="varchar" Size="3" NativeType="varchar" Description=""/>
      <Column Name="EKORG" Nullable="false" DataType="varchar" Size="4" NativeType="varchar" Description=""/>
      <Column Name="EKOTX" Nullable="true" DataType="varchar" Size="20" NativeType="varchar" Description=""/>
      <Column Name="BUKRS" Nullable="true" DataType="varchar" Size="4" NativeType="varchar" Description=""/>
      <Column Name="TXADR" Nullable="true" DataType="varchar" Size="70" NativeType="varchar" Description=""/>
      <Column Name="TXKOP" Nullable="true" DataType="varchar" Size="70" NativeType="varchar" Description=""/>
      <Column Name="TXFUS" Nullable="true" DataType="varchar" Size="70" NativeType="varchar" Description=""/>
      <Column Name="TXGRU" Nullable="true" DataType="varchar" Size="70" NativeType="varchar" Description=""/>
      <Column Name="KALSE" Nullable="true" DataType="varchar" Size="4" NativeType="varchar" Description=""/>
      <Column Name="MKALS" Nullable="true" DataType="varchar" Size="6" NativeType="varchar" Description=""/>
      <Column Name="BPEFF" Nullable="true" DataType="varchar" Size="1" NativeType="varchar" Description=""/>
      <Column Name="BUKRS_NTR" Nullable="true" DataType="varchar" Size="4" NativeType="varchar" Description=""/>
      <PrimaryKey>
        <PrimaryKeyColumn>MANDT</PrimaryKeyColumn>
        <PrimaryKeyColumn>EKORG</PrimaryKeyColumn>
      </PrimaryKey>
    </Table>
  </MetadataObjects>
  <Status>
    <StatusCode>SUCCESS</StatusCode>
  </Status>
</MetadataReply>