<MetadataReply xmlns="http://www.sap.com/DataServices/DataServicesXSD">
  <ID>1212</ID>
  <MetadataObjects>
    <Table Name="T006A" Owner="" Description="">
      <Column Name="MANDT" Nullable="false" DataType="varchar" Size="3" NativeType="varchar" Description=""/>
      <Column Name="SPRAS" Nullable="false" DataType="varchar" Size="1" NativeType="varchar" Description=""/>
      <Column Name="MSEHI" Nullable="false" DataType="varchar" Size="3" NativeType="varchar" Description=""/>
      <Column Name="MSEH3" Nullable="true" DataType="varchar" Size="3" NativeType="varchar" Description=""/>
      <Column Name="MSEH6" Nullable="true" DataType="varchar" Size="6" NativeType="varchar" Description=""/>
      <Column Name="MSEHT" Nullable="true" DataType="varchar" Size="10" NativeType="varchar" Description=""/>
      <Column Name="MSEHL" Nullable="true" DataType="varchar" Size="30" NativeType="varchar" Description=""/>
      <PrimaryKey>
        <PrimaryKeyColumn>MANDT</PrimaryKeyColumn>
        <PrimaryKeyColumn>SPRAS</PrimaryKeyColumn>
        <PrimaryKeyColumn>MSEHI</PrimaryKeyColumn>
      </PrimaryKey>
    </Table>
  </MetadataObjects>
  <Status>
    <StatusCode>SUCCESS</StatusCode>
  </Status>
</MetadataReply>