<MetadataReply xmlns="http://www.sap.com/DataServices/DataServicesXSD">
  <ID>1072</ID>
  <MetadataObjects>
    <Table Name="TVMS" Owner="" Description="">
      <Column Name="MANDT" Nullable="false" DataType="varchar" Size="3" NativeType="varchar" Description=""/>
      <Column Name="VMSTA" Nullable="false" DataType="varchar" Size="2" NativeType="varchar" Description=""/>
      <Column Name="SPVBA" Nullable="false" DataType="varchar" Size="1" NativeType="varchar" Description=""/>
      <Column Name="SPVBB" Nullable="false" DataType="varchar" Size="1" NativeType="varchar" Description=""/>
      <Column Name="SPVBC" Nullable="false" DataType="varchar" Size="1" NativeType="varchar" Description=""/>
      <Column Name="SPVBD" Nullable="false" DataType="varchar" Size="1" NativeType="varchar" Description=""/>
      <Column Name="SPVBE" Nullable="false" DataType="varchar" Size="1" NativeType="varchar" Description=""/>
      <Column Name="SPVBF" Nullable="false" DataType="varchar" Size="1" NativeType="varchar" Description=""/>
      <Column Name="SPVBG" Nullable="false" DataType="varchar" Size="1" NativeType="varchar" Description=""/>
      <Column Name="SPVBH" Nullable="false" DataType="varchar" Size="1" NativeType="varchar" Description=""/>
      <Column Name="SPVBI" Nullable="false" DataType="varchar" Size="1" NativeType="varchar" Description=""/>
      <Column Name="SPVBJ" Nullable="false" DataType="varchar" Size="1" NativeType="varchar" Description=""/>
      <Column Name="SPVBK" Nullable="false" DataType="varchar" Size="1" NativeType="varchar" Description=""/>
      <Column Name="SPVBL" Nullable="false" DataType="varchar" Size="1" NativeType="varchar" Description=""/>
      <Column Name="LIFSP" Nullable="false" DataType="varchar" Size="2" NativeType="varchar" Description=""/>
      <Column Name="WAUFT" Nullable="true" DataType="varchar" Size="1" NativeType="varchar" Description=""/>
      <Column Name="WREPL" Nullable="true" DataType="varchar" Size="1" NativeType="varchar" Description=""/>
      <Column Name="WSTOR" Nullable="true" DataType="varchar" Size="1" NativeType="varchar" Description=""/>
      <Column Name="JSPQP" Nullable="true" DataType="varchar" Size="1" NativeType="varchar" Description=""/>
      <Column Name="JSPOG" Nullable="true" DataType="varchar" Size="1" NativeType="varchar" Description=""/>
      <Column Name="JSPRP" Nullable="true" DataType="varchar" Size="1" NativeType="varchar" Description=""/>
      <Column Name="JSPIP" Nullable="true" DataType="varchar" Size="1" NativeType="varchar" Description=""/>
      <PrimaryKey>
        <PrimaryKeyColumn>MANDT</PrimaryKeyColumn>
        <PrimaryKeyColumn>VMSTA</PrimaryKeyColumn>
      </PrimaryKey>
    </Table>
  </MetadataObjects>
  <Status>
    <StatusCode>SUCCESS</StatusCode>
  </Status>
</MetadataReply>