<MetadataReply xmlns="http://www.sap.com/DataServices/DataServicesXSD">
  <ID>1029</ID>
  <MetadataObjects>
    <Table Name="VCNUM" Owner="" Description="">
      <Column Name="MANDT" Nullable="false" DataType="varchar" Size="3" NativeType="varchar" Description=""/>
      <Column Name="CCINS" Nullable="false" DataType="varchar" Size="4" NativeType="varchar" Description=""/>
      <Column Name="CCNUM" Nullable="false" DataType="varchar" Size="25" NativeType="varchar" Description=""/>
      <Column Name="CCNAME" Nullable="true" DataType="varchar" Size="40" NativeType="varchar" Description=""/>
      <Column Name="DATAB" Nullable="true" DataType="date" NativeType="date" Description=""/>
      <Column Name="DATBI" Nullable="true" DataType="date" NativeType="date" Description=""/>
      <Column Name="CCTYP" Nullable="true" DataType="varchar" Size="2" NativeType="varchar" Description=""/>
      <Column Name="CCLOCK" Nullable="true" DataType="varchar" Size="2" NativeType="varchar" Description=""/>
      <Column Name="ISSBANK" Nullable="true" DataType="varchar" Size="40" NativeType="varchar" Description=""/>
      <Column Name="AUSGDAT" Nullable="true" DataType="date" NativeType="date" Description=""/>
      <Column Name="CCNUM_MASK" Nullable="true" DataType="varchar" Size="25" NativeType="varchar" Description=""/>
      <Column Name="CCARD_GUID" Nullable="true" DataType="varchar" Size="32" NativeType="varchar" Description=""/>
      <Column Name="CCARD_ID" Nullable="true" DataType="varchar" Size="6" NativeType="varchar" Description=""/>
      <Column Name="CCACCNAME" Nullable="true" DataType="varchar" Size="40" NativeType="varchar" Description=""/>
      <PrimaryKey>
        <PrimaryKeyColumn>MANDT</PrimaryKeyColumn>
        <PrimaryKeyColumn>CCINS</PrimaryKeyColumn>
        <PrimaryKeyColumn>CCNUM</PrimaryKeyColumn>
      </PrimaryKey>
    </Table>
  </MetadataObjects>
  <Status>
    <StatusCode>SUCCESS</StatusCode>
  </Status>
</MetadataReply>