<MetadataReply xmlns="http://www.sap.com/DataServices/DataServicesXSD">
  <ID>1092</ID>
  <MetadataObjects>
    <Table Name="TVIP" Owner="" Description="">
      <Column Name="MANDT" Nullable="false" DataType="varchar" Size="3" NativeType="varchar" Description=""/>
      <Column Name="PAVIP" Nullable="false" DataType="varchar" Size="1" NativeType="varchar" Description=""/>
      <Column Name="BU_PAVIP" Nullable="true" DataType="varchar" Size="1" NativeType="varchar" Description=""/>
      <PrimaryKey>
        <PrimaryKeyColumn>MANDT</PrimaryKeyColumn>
        <PrimaryKeyColumn>PAVIP</PrimaryKeyColumn>
      </PrimaryKey>
    </Table>
  </MetadataObjects>
  <Status>
    <StatusCode>SUCCESS</StatusCode>
  </Status>
</MetadataReply>