<MetadataReply xmlns="http://www.sap.com/DataServices/DataServicesXSD">
  <ID>1032</ID>
  <MetadataObjects>
    <Table Name="TWVMO" Owner="" Description="">
      <Column Name="MANDT" Nullable="false" DataType="varchar" Size="3" NativeType="varchar" Description=""/>
      <Column Name="PAPRF" Nullable="false" DataType="varchar" Size="4" NativeType="varchar" Description=""/>
      <Column Name="SLKEY" Nullable="true" DataType="varchar" Size="2" NativeType="varchar" Description=""/>
      <Column Name="ONHND" Nullable="true" DataType="varchar" Size="1" NativeType="varchar" Description=""/>
      <Column Name="ONORD" Nullable="true" DataType="varchar" Size="1" NativeType="varchar" Description=""/>
      <Column Name="SALES" Nullable="true" DataType="varchar" Size="1" NativeType="varchar" Description=""/>
      <Column Name="MCINF" Nullable="true" DataType="varchar" Size="8" NativeType="varchar" Description=""/>
      <Column Name="PRDCT" Nullable="true" DataType="varchar" Size="1" NativeType="varchar" Description=""/>
      <Column Name="FDPLT" Nullable="true" DataType="varchar" Size="30" NativeType="varchar" Description=""/>
      <Column Name="FDMAT" Nullable="true" DataType="varchar" Size="30" NativeType="varchar" Description=""/>
      <Column Name="FDQUA" Nullable="true" DataType="varchar" Size="30" NativeType="varchar" Description=""/>
      <Column Name="FDCHK" Nullable="true" DataType="varchar" Size="30" NativeType="varchar" Description=""/>
      <Column Name="NULL_ONHND" Nullable="true" DataType="varchar" Size="1" NativeType="varchar" Description=""/>
      <Column Name="NULL_ONORD" Nullable="true" DataType="varchar" Size="1" NativeType="varchar" Description=""/>
      <Column Name="NULL_SALES" Nullable="true" DataType="varchar" Size="1" NativeType="varchar" Description=""/>
      <Column Name="FCAST" Nullable="true" DataType="varchar" Size="1" NativeType="varchar" Description=""/>
      <Column Name="NULL_FCAST" Nullable="true" DataType="varchar" Size="1" NativeType="varchar" Description=""/>
      <Column Name="PRDCF" Nullable="true" DataType="varchar" Size="1" NativeType="varchar" Description=""/>
      <PrimaryKey>
        <PrimaryKeyColumn>MANDT</PrimaryKeyColumn>
        <PrimaryKeyColumn>PAPRF</PrimaryKeyColumn>
      </PrimaryKey>
    </Table>
  </MetadataObjects>
  <Status>
    <StatusCode>SUCCESS</StatusCode>
  </Status>
</MetadataReply>