<MetadataReply xmlns="http://www.sap.com/DataServices/DataServicesXSD">
  <ID>1069</ID>
  <MetadataObjects>
    <Table Name="M_MAT1M" Owner="" Description="">
      <Column Name="MANDT" Nullable="true" DataType="varchar" Size="3" NativeType="varchar" Description=""/>
      <Column Name="MAKTG" Nullable="true" DataType="varchar" Size="40" NativeType="varchar" Description=""/>
      <Column Name="SPRAS" Nullable="true" DataType="varchar" Size="1" NativeType="varchar" Description=""/>
      <Column Name="MATNR" Nullable="true" DataType="varchar" Size="18" NativeType="varchar" Description=""/>
      <PrimaryKey>
        <PrimaryKeyColumn>MANDT</PrimaryKeyColumn>
        <PrimaryKeyColumn>MAKTG</PrimaryKeyColumn>
        <PrimaryKeyColumn>SPRAS</PrimaryKeyColumn>
        <PrimaryKeyColumn>MATNR</PrimaryKeyColumn>
      </PrimaryKey>
    </Table>
  </MetadataObjects>
  <Status>
    <StatusCode>SUCCESS</StatusCode>
  </Status>
</MetadataReply>