<MetadataReply xmlns="http://www.sap.com/DataServices/DataServicesXSD">
  <ID>1113</ID>
  <MetadataObjects>
    <Table Name="MAKT" Owner="" Description="Material Descriptions">
      <Attributes>
        <Attribute Name="sap_table_type" Value="Transparent Table"/>
      </Attributes>
      <Column Name="MANDT" Nullable="false" DataType="varchar" Size="3" NativeType="varchar" Description="Client"/>
      <Column Name="MATNR" Nullable="false" DataType="varchar" Size="18" NativeType="varchar" Description="Material Number"/>
      <Column Name="SPRAS" Nullable="false" DataType="varchar" Size="1" NativeType="varchar" Description="Language Key"/>
      <Column Name="MAKTX" Nullable="true" DataType="varchar" Size="40" NativeType="varchar" Description="Material Description (Short Text)"/>
      <Column Name="MAKTG" Nullable="true" DataType="varchar" Size="40" NativeType="varchar" Description="Material description in upper case for matchcodes"/>
      <PrimaryKey>
        <PrimaryKeyColumn>MANDT</PrimaryKeyColumn>
        <PrimaryKeyColumn>MATNR</PrimaryKeyColumn>
        <PrimaryKeyColumn>SPRAS</PrimaryKeyColumn>
      </PrimaryKey>
      <TableIndex Name="PRIMARY" isPrimary="true" Unique="true">
        <IndexColumn Name="MANDT"/>
        <IndexColumn Name="MATNR"/>
        <IndexColumn Name="SPRAS"/>
      </TableIndex>
      <TableIndex Name="M" isPrimary="false" Unique="false">
        <IndexColumn Name="SPRAS"/>
        <IndexColumn Name="MAKTG"/>
      </TableIndex>
      <ForeignKey Name="ACTA_FK_0" ReferredTableKey="" ReferredTable="MARA" ReferredTableOwner="">
        <PKFKColumn Column="MATNR" ReferredColumn="MATNR"/>
      </ForeignKey>
      <ForeignKey Name="ACTA_FK_1" ReferredTableKey="" ReferredTable="T002" ReferredTableOwner="">
        <PKFKColumn Column="SPRAS" ReferredColumn="SPRAS"/>
      </ForeignKey>
    </Table>
  </MetadataObjects>
  <Status>
    <StatusCode>SUCCESS</StatusCode>
  </Status>
</MetadataReply>