<MetadataReply xmlns="http://www.sap.com/DataServices/DataServicesXSD">
  <ID>1213</ID>
  <MetadataObjects>
    <Table Name="T053V" Owner="" Description="">
      <Column Name="MANDT" Nullable="true" DataType="varchar" Size="3" NativeType="varchar" Description=""/>
      <Column Name="VRSDG" Nullable="true" DataType="varchar" Size="3" NativeType="varchar" Description=""/>
      <PrimaryKey>
        <PrimaryKeyColumn>MANDT</PrimaryKeyColumn>
        <PrimaryKeyColumn>VRSDG</PrimaryKeyColumn>
      </PrimaryKey>
    </Table>
  </MetadataObjects>
  <Status>
    <StatusCode>SUCCESS</StatusCode>
  </Status>
</MetadataReply>