<MetadataReply xmlns="http://www.sap.com/DataServices/DataServicesXSD">
  <ID>1050</ID>
  <MetadataObjects>
    <Table Name="MARA" Owner="" Description="General Material Data">
      <Attributes>
        <Attribute Name="sap_table_type" Value="Transparent Table"/>
      </Attributes>
      <Column Name="MANDT" Nullable="false" DataType="varchar" Size="3" NativeType="varchar" Description="Client"/>
      <Column Name="MATNR" Nullable="false" DataType="varchar" Size="18" NativeType="varchar" Description="Material Number"/>
      <Column Name="ERSDA" Nullable="true" DataType="date" NativeType="date" Description="Created On"/>
      <Column Name="ERNAM" Nullable="true" DataType="varchar" Size="12" NativeType="varchar" Description="Name of Person who Created the Object"/>
      <Column Name="LAEDA" Nullable="true" DataType="date" NativeType="date" Description="Date of Last Change"/>
      <Column Name="AENAM" Nullable="true" DataType="varchar" Size="12" NativeType="varchar" Description="Name of Person Who Changed Object"/>
      <Column Name="VPSTA" Nullable="true" DataType="varchar" Size="15" NativeType="varchar" Description="Maintenance status of complete material"/>
      <Column Name="PSTAT" Nullable="true" DataType="varchar" Size="15" NativeType="varchar" Description="Maintenance status"/>
      <Column Name="LVORM" Nullable="true" DataType="varchar" Size="1" NativeType="varchar" Description="Flag Material for Deletion at Client Level"/>
      <Column Name="MTART" Nullable="true" DataType="varchar" Size="4" NativeType="varchar" Description="Material Type"/>
      <Column Name="MBRSH" Nullable="true" DataType="varchar" Size="1" NativeType="varchar" Description="Industry sector"/>
      <Column Name="MATKL" Nullable="true" DataType="varchar" Size="9" NativeType="varchar" Description="Material Group"/>
      <Column Name="BISMT" Nullable="true" DataType="varchar" Size="18" NativeType="varchar" Description="Old material number"/>
      <Column Name="MEINS" Nullable="true" DataType="varchar" Size="3" NativeType="varchar" Description="Base Unit of Measure"/>
      <Column Name="BSTME" Nullable="true" DataType="varchar" Size="3" NativeType="varchar" Description="Purchase Order Unit of Measure"/>
      <Column Name="ZEINR" Nullable="true" DataType="varchar" Size="22" NativeType="varchar" Description="Document number (without document management system)"/>
      <Column Name="ZEIAR" Nullable="true" DataType="varchar" Size="3" NativeType="varchar" Description="Document type (without Document Management system)"/>
      <Column Name="ZEIVR" Nullable="true" DataType="varchar" Size="2" NativeType="varchar" Description="Document version (without Document Management system)"/>
      <Column Name="ZEIFO" Nullable="true" DataType="varchar" Size="4" NativeType="varchar" Description="Page format of document (without Document Management system)"/>
      <Column Name="AESZN" Nullable="true" DataType="varchar" Size="6" NativeType="varchar" Description="Document change number (without document management system)"/>
      <Column Name="BLATT" Nullable="true" DataType="varchar" Size="3" NativeType="varchar" Description="Page number of document (without Document Management system)"/>
      <Column Name="BLANZ" Nullable="true" DataType="numeric" Precision="3" Scale="0" NativeType="numeric" Description="Number of sheets (without Document Management system)"/>
      <Column Name="FERTH" Nullable="true" DataType="varchar" Size="18" NativeType="varchar" Description="Production/inspection memo"/>
      <Column Name="FORMT" Nullable="true" DataType="varchar" Size="4" NativeType="varchar" Description="Page Format of Production Memo"/>
      <Column Name="GROES" Nullable="true" DataType="varchar" Size="32" NativeType="varchar" Description="Size/dimensions"/>
      <Column Name="WRKST" Nullable="true" DataType="varchar" Size="48" NativeType="varchar" Description="Basic Material"/>
      <Column Name="NORMT" Nullable="true" DataType="varchar" Size="18" NativeType="varchar" Description="Industry Standard Description (such as ANSI or ISO)"/>
      <Column Name="LABOR" Nullable="true" DataType="varchar" Size="3" NativeType="varchar" Description="Laboratory/design office"/>
      <Column Name="EKWSL" Nullable="true" DataType="varchar" Size="4" NativeType="varchar" Description="Purchasing Value Key"/>
      <Column Name="BRGEW" Nullable="true" DataType="decimal" Precision="13" Scale="3" NativeType="decimal" Description="Gross Weight"/>
      <Column Name="NTGEW" Nullable="true" DataType="decimal" Precision="13" Scale="3" NativeType="decimal" Description="Net Weight"/>
      <Column Name="GEWEI" Nullable="true" DataType="varchar" Size="3" NativeType="varchar" Description="Weight Unit"/>
      <Column Name="VOLUM" Nullable="true" DataType="decimal" Precision="13" Scale="3" NativeType="decimal" Description="Volume"/>
      <Column Name="VOLEH" Nullable="true" DataType="varchar" Size="3" NativeType="varchar" Description="Volume unit"/>
      <Column Name="BEHVO" Nullable="true" DataType="varchar" Size="2" NativeType="varchar" Description="Container requirements"/>
      <Column Name="RAUBE" Nullable="true" DataType="varchar" Size="2" NativeType="varchar" Description="Storage conditions"/>
      <Column Name="TEMPB" Nullable="true" DataType="varchar" Size="2" NativeType="varchar" Description="Temperature conditions indicator"/>
      <Column Name="DISST" Nullable="true" DataType="varchar" Size="3" NativeType="varchar" Description="Low-Level Code"/>
      <Column Name="TRAGR" Nullable="true" DataType="varchar" Size="4" NativeType="varchar" Description="Transportation Group"/>
      <Column Name="STOFF" Nullable="true" DataType="varchar" Size="18" NativeType="varchar" Description="Hazardous material number"/>
      <Column Name="SPART" Nullable="true" DataType="varchar" Size="2" NativeType="varchar" Description="Division"/>
      <Column Name="KUNNR" Nullable="true" DataType="varchar" Size="10" NativeType="varchar" Description="Competitor"/>
      <Column Name="EANNR" Nullable="true" DataType="varchar" Size="13" NativeType="varchar" Description="European Article Number (EAN) - obsolete!!!!!"/>
      <Column Name="WESCH" Nullable="true" DataType="decimal" Precision="13" Scale="3" NativeType="decimal" Description="Quantity: Number of GR/GI slips to be printed"/>
      <Column Name="BWVOR" Nullable="true" DataType="varchar" Size="1" NativeType="varchar" Description="Procurement rule"/>
      <Column Name="BWSCL" Nullable="true" DataType="varchar" Size="1" NativeType="varchar" Description="Source of Supply"/>
      <Column Name="SAISO" Nullable="true" DataType="varchar" Size="4" NativeType="varchar" Description="Season Category"/>
      <Column Name="ETIAR" Nullable="true" DataType="varchar" Size="2" NativeType="varchar" Description="Label type"/>
      <Column Name="ETIFO" Nullable="true" DataType="varchar" Size="2" NativeType="varchar" Description="Label form"/>
      <Column Name="ENTAR" Nullable="true" DataType="varchar" Size="1" NativeType="varchar" Description="Deactivated"/>
      <Column Name="EAN11" Nullable="true" DataType="varchar" Size="18" NativeType="varchar" Description="International Article Number (EAN/UPC)"/>
      <Column Name="NUMTP" Nullable="true" DataType="varchar" Size="2" NativeType="varchar" Description="Category of International Article Number (EAN)"/>
      <Column Name="LAENG" Nullable="true" DataType="decimal" Precision="13" Scale="3" NativeType="decimal" Description="Length"/>
      <Column Name="BREIT" Nullable="true" DataType="decimal" Precision="13" Scale="3" NativeType="decimal" Description="Width"/>
      <Column Name="HOEHE" Nullable="true" DataType="decimal" Precision="13" Scale="3" NativeType="decimal" Description="Height"/>
      <Column Name="MEABM" Nullable="true" DataType="varchar" Size="3" NativeType="varchar" Description="Unit of Dimension for Length/Width/Height"/>
      <Column Name="PRDHA" Nullable="true" DataType="varchar" Size="18" NativeType="varchar" Description="Product hierarchy"/>
      <Column Name="AEKLK" Nullable="true" DataType="varchar" Size="1" NativeType="varchar" Description="Stock Transfer Net Change Costing"/>
      <Column Name="CADKZ" Nullable="true" DataType="varchar" Size="1" NativeType="varchar" Description="CAD Indicator"/>
      <Column Name="QMPUR" Nullable="true" DataType="varchar" Size="1" NativeType="varchar" Description="QM in Procurement is Active"/>
      <Column Name="ERGEW" Nullable="true" DataType="decimal" Precision="13" Scale="3" NativeType="decimal" Description="Allowed packaging weight"/>
      <Column Name="ERGEI" Nullable="true" DataType="varchar" Size="3" NativeType="varchar" Description="Unit of weight (allowed packaging weight)"/>
      <Column Name="ERVOL" Nullable="true" DataType="decimal" Precision="13" Scale="3" NativeType="decimal" Description="Allowed packaging volume"/>
      <Column Name="ERVOE" Nullable="true" DataType="varchar" Size="3" NativeType="varchar" Description="Volume unit (allowed packaging volume)"/>
      <Column Name="GEWTO" Nullable="true" DataType="decimal" Precision="3" Scale="1" NativeType="decimal" Description="Excess Weight Tolerance for Handling unit"/>
      <Column Name="VOLTO" Nullable="true" DataType="decimal" Precision="3" Scale="1" NativeType="decimal" Description="Excess Volume Tolerance of the Handling Unit"/>
      <Column Name="VABME" Nullable="true" DataType="varchar" Size="1" NativeType="varchar" Description="Variable Purchase Order Unit Active"/>
      <Column Name="KZREV" Nullable="true" DataType="varchar" Size="1" NativeType="varchar" Description="Revision Level Has Been Assigned to the Material"/>
      <Column Name="KZKFG" Nullable="true" DataType="varchar" Size="1" NativeType="varchar" Description="Configurable Material"/>
      <Column Name="XCHPF" Nullable="true" DataType="varchar" Size="1" NativeType="varchar" Description="Batch management requirement indicator"/>
      <Column Name="VHART" Nullable="true" DataType="varchar" Size="4" NativeType="varchar" Description="Packaging Material Type"/>
      <Column Name="FUELG" Nullable="true" DataType="decimal" Precision="3" Scale="0" NativeType="decimal" Description="Maximum level (by volume)"/>
      <Column Name="STFAK" Nullable="true" DataType="int" NativeType="int" Description="Stacking factor"/>
      <Column Name="MAGRV" Nullable="true" DataType="varchar" Size="4" NativeType="varchar" Description="Material Group: Packaging Materials"/>
      <Column Name="BEGRU" Nullable="true" DataType="varchar" Size="4" NativeType="varchar" Description="Authorization Group"/>
      <Column Name="DATAB" Nullable="true" DataType="date" NativeType="date" Description="Valid-From Date"/>
      <Column Name="LIQDT" Nullable="true" DataType="date" NativeType="date" Description="Deletion date"/>
      <Column Name="SAISJ" Nullable="true" DataType="varchar" Size="4" NativeType="varchar" Description="Season Year"/>
      <Column Name="PLGTP" Nullable="true" DataType="varchar" Size="2" NativeType="varchar" Description="Price Band Category"/>
      <Column Name="MLGUT" Nullable="true" DataType="varchar" Size="1" NativeType="varchar" Description="Empties Bill of Material"/>
      <Column Name="EXTWG" Nullable="true" DataType="varchar" Size="18" NativeType="varchar" Description="External Material Group"/>
      <Column Name="SATNR" Nullable="true" DataType="varchar" Size="18" NativeType="varchar" Description="Cross-Plant Configurable Material"/>
      <Column Name="ATTYP" Nullable="true" DataType="varchar" Size="2" NativeType="varchar" Description="Material Category"/>
      <Column Name="KZKUP" Nullable="true" DataType="varchar" Size="1" NativeType="varchar" Description="Indicator: Material can be co-product"/>
      <Column Name="KZNFM" Nullable="true" DataType="varchar" Size="1" NativeType="varchar" Description="Indicator: The material has a follow-up material"/>
      <Column Name="PMATA" Nullable="true" DataType="varchar" Size="18" NativeType="varchar" Description="Pricing Reference Material"/>
      <Column Name="MSTAE" Nullable="true" DataType="varchar" Size="2" NativeType="varchar" Description="Cross-Plant Material Status"/>
      <Column Name="MSTAV" Nullable="true" DataType="varchar" Size="2" NativeType="varchar" Description="Cross-distribution-chain material status"/>
      <Column Name="MSTDE" Nullable="true" DataType="date" NativeType="date" Description="Date from which the cross-plant material status is valid"/>
      <Column Name="MSTDV" Nullable="true" DataType="date" NativeType="date" Description="Date from which the X-distr.-chain material status is valid"/>
      <Column Name="TAKLV" Nullable="true" DataType="varchar" Size="1" NativeType="varchar" Description="Tax classification of the material"/>
      <Column Name="RBNRM" Nullable="true" DataType="varchar" Size="9" NativeType="varchar" Description="Catalog Profile"/>
      <Column Name="MHDRZ" Nullable="true" DataType="decimal" Precision="4" Scale="0" NativeType="decimal" Description="Minimum Remaining Shelf Life"/>
      <Column Name="MHDHB" Nullable="true" DataType="decimal" Precision="4" Scale="0" NativeType="decimal" Description="Total shelf life"/>
      <Column Name="MHDLP" Nullable="true" DataType="decimal" Precision="3" Scale="0" NativeType="decimal" Description="Storage percentage"/>
      <Column Name="INHME" Nullable="true" DataType="varchar" Size="3" NativeType="varchar" Description="Content unit"/>
      <Column Name="INHAL" Nullable="true" DataType="decimal" Precision="13" Scale="3" NativeType="decimal" Description="Net contents"/>
      <Column Name="VPREH" Nullable="true" DataType="decimal" Precision="5" Scale="0" NativeType="decimal" Description="Comparison price unit"/>
      <Column Name="ETIAG" Nullable="true" DataType="varchar" Size="18" NativeType="varchar" Description="IS-R Labeling: material grouping (deactivated in 4.0)"/>
      <Column Name="INHBR" Nullable="true" DataType="decimal" Precision="13" Scale="3" NativeType="decimal" Description="Gross contents"/>
      <Column Name="CMETH" Nullable="true" DataType="varchar" Size="1" NativeType="varchar" Description="Quantity Conversion Method"/>
      <Column Name="CUOBF" Nullable="true" DataType="numeric" Precision="18" Scale="0" NativeType="numeric" Description="Internal object number"/>
      <Column Name="KZUMW" Nullable="true" DataType="varchar" Size="1" NativeType="varchar" Description="Environmentally Relevant"/>
      <Column Name="KOSCH" Nullable="true" DataType="varchar" Size="18" NativeType="varchar" Description="Product allocation determination procedure"/>
      <Column Name="SPROF" Nullable="true" DataType="varchar" Size="1" NativeType="varchar" Description="Pricing profile for variants"/>
      <Column Name="NRFHG" Nullable="true" DataType="varchar" Size="1" NativeType="varchar" Description="Material qualifies for discount in kind"/>
      <Column Name="MFRPN" Nullable="true" DataType="varchar" Size="40" NativeType="varchar" Description="Manufacturer Part Number"/>
      <Column Name="MFRNR" Nullable="true" DataType="varchar" Size="10" NativeType="varchar" Description="Number of a Manufacturer"/>
      <Column Name="BMATN" Nullable="true" DataType="varchar" Size="18" NativeType="varchar" Description="Number of firm's own (internal) inventory-managed material"/>
      <Column Name="MPROF" Nullable="true" DataType="varchar" Size="4" NativeType="varchar" Description="Manufacturer Part Profile"/>
      <Column Name="KZWSM" Nullable="true" DataType="varchar" Size="1" NativeType="varchar" Description="Units of measure usage"/>
      <Column Name="SAITY" Nullable="true" DataType="varchar" Size="2" NativeType="varchar" Description="Rollout in a Season"/>
      <Column Name="PROFL" Nullable="true" DataType="varchar" Size="3" NativeType="varchar" Description="Dangerous Goods Indicator Profile"/>
      <Column Name="IHIVI" Nullable="true" DataType="varchar" Size="1" NativeType="varchar" Description="Indicator: Highly Viscous"/>
      <Column Name="ILOOS" Nullable="true" DataType="varchar" Size="1" NativeType="varchar" Description="Indicator: In Bulk/Liquid"/>
      <Column Name="SERLV" Nullable="true" DataType="varchar" Size="1" NativeType="varchar" Description="Level of Explicitness for Serial Number"/>
      <Column Name="KZGVH" Nullable="true" DataType="varchar" Size="1" NativeType="varchar" Description="Packaging Material is Closed Packaging"/>
      <Column Name="XGCHP" Nullable="true" DataType="varchar" Size="1" NativeType="varchar" Description="Indicator: Approved batch record required"/>
      <Column Name="KZEFF" Nullable="true" DataType="varchar" Size="1" NativeType="varchar" Description="Assign effectivity parameter values/ override change numbers"/>
      <Column Name="COMPL" Nullable="true" DataType="numeric" Precision="2" Scale="0" NativeType="numeric" Description="Material completion level"/>
      <Column Name="IPRKZ" Nullable="true" DataType="varchar" Size="1" NativeType="varchar" Description="Period Indicator for Shelf Life Expiration Date"/>
      <Column Name="RDMHD" Nullable="true" DataType="varchar" Size="1" NativeType="varchar" Description="Rounding rule for calculation of SLED"/>
      <Column Name="PRZUS" Nullable="true" DataType="varchar" Size="1" NativeType="varchar" Description="Indicator: Product composition printed on packaging"/>
      <Column Name="MTPOS_MARA" Nullable="true" DataType="varchar" Size="4" NativeType="varchar" Description="General item category group"/>
      <Column Name="BFLME" Nullable="true" DataType="varchar" Size="1" NativeType="varchar" Description="Generic Material with Logistical Variants"/>
      <Column Name="MATFI" Nullable="true" DataType="varchar" Size="1" NativeType="varchar" Description="Material Is Locked"/>
      <Column Name="CMREL" Nullable="true" DataType="varchar" Size="1" NativeType="varchar" Description="Relevant for Configuration Management"/>
      <Column Name="BBTYP" Nullable="true" DataType="varchar" Size="1" NativeType="varchar" Description="Assortment List Type"/>
      <Column Name="SLED_BBD" Nullable="true" DataType="varchar" Size="1" NativeType="varchar" Description="Expiration Date"/>
      <Column Name="GTIN_VARIANT" Nullable="true" DataType="varchar" Size="2" NativeType="varchar" Description="Global Trade Item Number Variant"/>
      <Column Name="GENNR" Nullable="true" DataType="varchar" Size="18" NativeType="varchar" Description="Material Number of the Generic Material in Prepack Materials"/>
      <Column Name="RMATP" Nullable="true" DataType="varchar" Size="18" NativeType="varchar" Description="Reference material for materials packed in same way"/>
      <Column Name="GDS_RELEVANT" Nullable="true" DataType="varchar" Size="1" NativeType="varchar" Description="Indicator: Global Data Synchronization-Relevant"/>
      <Column Name="WEORA" Nullable="true" DataType="varchar" Size="1" NativeType="varchar" Description="Acceptance At Origin"/>
      <Column Name="HUTYP_DFLT" Nullable="true" DataType="varchar" Size="4" NativeType="varchar" Description="Standard HU Type"/>
      <Column Name="PILFERABLE" Nullable="true" DataType="varchar" Size="1" NativeType="varchar" Description="Pilferable"/>
      <Column Name="WHSTC" Nullable="true" DataType="varchar" Size="2" NativeType="varchar" Description="Warehouse Storage Condition"/>
      <Column Name="WHMATGR" Nullable="true" DataType="varchar" Size="4" NativeType="varchar" Description="Warehouse Material Group"/>
      <Column Name="HNDLCODE" Nullable="true" DataType="varchar" Size="4" NativeType="varchar" Description="Handling Indicator"/>
      <Column Name="HAZMAT" Nullable="true" DataType="varchar" Size="1" NativeType="varchar" Description="Relevant for Hazardous Substances"/>
      <Column Name="HUTYP" Nullable="true" DataType="varchar" Size="4" NativeType="varchar" Description="Handling Unit Type"/>
      <Column Name="TARE_VAR" Nullable="true" DataType="varchar" Size="1" NativeType="varchar" Description="Variable Tare Weight"/>
      <Column Name="MAXC" Nullable="true" DataType="decimal" Precision="15" Scale="3" NativeType="decimal" Description="Maximum Allowed Capacity of Packaging Material"/>
      <Column Name="MAXC_TOL" Nullable="true" DataType="decimal" Precision="3" Scale="1" NativeType="decimal" Description="Overcapacity Tolerance of the Handling Unit"/>
      <Column Name="MAXL" Nullable="true" DataType="decimal" Precision="15" Scale="3" NativeType="decimal" Description="Maximum Packing Length of Packaging Material"/>
      <Column Name="MAXB" Nullable="true" DataType="decimal" Precision="15" Scale="3" NativeType="decimal" Description="Maximum Packing Width of Packaging Material"/>
      <Column Name="MAXH" Nullable="true" DataType="decimal" Precision="15" Scale="3" NativeType="decimal" Description="Maximum Packing Height of Packaging Material"/>
      <Column Name="MAXDIM_UOM" Nullable="true" DataType="varchar" Size="3" NativeType="varchar" Description="Unit of Measure for Maximum Packing Length/Width/Height"/>
      <Column Name="HERKL" Nullable="true" DataType="varchar" Size="3" NativeType="varchar" Description="Country of origin of the material"/>
      <Column Name="MFRGR" Nullable="true" DataType="varchar" Size="8" NativeType="varchar" Description="Material freight group"/>
      <Column Name="QQTIME" Nullable="true" DataType="decimal" Precision="3" Scale="0" NativeType="decimal" Description="Quarantine Period"/>
      <Column Name="QQTIMEUOM" Nullable="true" DataType="varchar" Size="3" NativeType="varchar" Description="Time Unit for Quarantine Period"/>
      <Column Name="QGRP" Nullable="true" DataType="varchar" Size="4" NativeType="varchar" Description="Quality Inspection Group"/>
      <Column Name="SERIAL" Nullable="true" DataType="varchar" Size="4" NativeType="varchar" Description="Serial Number Profile"/>
      <Column Name="PS_SMARTFORM" Nullable="true" DataType="varchar" Size="30" NativeType="varchar" Description="Form Name"/>
      <Column Name="LOGUNIT" Nullable="true" DataType="varchar" Size="3" NativeType="varchar" Description="EWM CW: Logistics Unit of Measure"/>
      <Column Name="CWQREL" Nullable="true" DataType="varchar" Size="1" NativeType="varchar" Description="EWM CW: Material Is a Catch Weight Material"/>
      <Column Name="CWQPROC" Nullable="true" DataType="varchar" Size="2" NativeType="varchar" Description="EWM CW: Catch Weight Profile for Entering CW Quantity"/>
      <Column Name="CWQTOLGR" Nullable="true" DataType="varchar" Size="9" NativeType="varchar" Description="EWM-CW: Catch Weight Tolerance Group for EWM"/>
      <Column Name="ADPROF" Nullable="true" DataType="varchar" Size="3" NativeType="varchar" Description="Adjustment Profile"/>
      <Column Name="IPMIPPRODUCT" Nullable="true" DataType="varchar" Size="40" NativeType="varchar" Description="ID for an Intellectual Property (CRM Product)"/>
      <Column Name="ALLOW_PMAT_IGNO" Nullable="true" DataType="varchar" Size="1" NativeType="varchar" Description="Variant Price Allowed (for Material Master)"/>
      <Column Name="MEDIUM" Nullable="true" DataType="varchar" Size="6" NativeType="varchar" Description="Medium"/>
      <Column Name="/BEV1/LULEINH" Nullable="true" DataType="numeric" Precision="8" Scale="0" NativeType="numeric" Description="Loading Units"/>
      <Column Name="/BEV1/LULDEGRP" Nullable="true" DataType="varchar" Size="3" NativeType="varchar" Description="Loading Unit Group: IS Beverage"/>
      <Column Name="/BEV1/NESTRUCCAT" Nullable="true" DataType="varchar" Size="1" NativeType="varchar" Description="Structure Category for Material Relationship"/>
      <Column Name="/DSD/SL_TOLTYP" Nullable="true" DataType="varchar" Size="4" NativeType="varchar" Description="Tolerance Type ID"/>
      <Column Name="/DSD/SV_CNT_GRP" Nullable="true" DataType="varchar" Size="10" NativeType="varchar" Description="Counting Group"/>
      <Column Name="/DSD/VC_GROUP" Nullable="true" DataType="varchar" Size="6" NativeType="varchar" Description="DSD Grouping"/>
      <Column Name="/VSO/R_TILT_IND" Nullable="true" DataType="varchar" Size="1" NativeType="varchar" Description="Material may be Tilted (Vehicle Space Optimization)"/>
      <Column Name="/VSO/R_STACK_IND" Nullable="true" DataType="varchar" Size="1" NativeType="varchar" Description="Stacking not Allowed (VSO)"/>
      <Column Name="/VSO/R_BOT_IND" Nullable="true" DataType="varchar" Size="1" NativeType="varchar" Description="Bottom Layer (Vehicle Space Optimization)"/>
      <Column Name="/VSO/R_TOP_IND" Nullable="true" DataType="varchar" Size="1" NativeType="varchar" Description="Top Layer (VSO)"/>
      <Column Name="/VSO/R_STACK_NO" Nullable="true" DataType="numeric" Precision="3" Scale="0" NativeType="numeric" Description="Stacking Factor (Vehicle Space Optimization)"/>
      <Column Name="/VSO/R_PAL_IND" Nullable="true" DataType="varchar" Size="1" NativeType="varchar" Description="Load without Packaging Material (VSO)"/>
      <Column Name="/VSO/R_PAL_OVR_D" Nullable="true" DataType="decimal" Precision="13" Scale="3" NativeType="decimal" Description="Permissible Overhang (Depth) of Packaging Material (VSO)"/>
      <Column Name="/VSO/R_PAL_OVR_W" Nullable="true" DataType="decimal" Precision="13" Scale="3" NativeType="decimal" Description="Permissible Overhang (Width) of Shipping Material (VSO)"/>
      <Column Name="/VSO/R_PAL_B_HT" Nullable="true" DataType="decimal" Precision="13" Scale="3" NativeType="decimal" Description="Maximum Stacking Height of the Packaging Material (VSO)"/>
      <Column Name="/VSO/R_PAL_MIN_H" Nullable="true" DataType="decimal" Precision="13" Scale="3" NativeType="decimal" Description="Minimum Stacking Height of the Packaging Material (VSO)"/>
      <Column Name="/VSO/R_TOL_B_HT" Nullable="true" DataType="decimal" Precision="13" Scale="3" NativeType="decimal" Description="Tolerance to Exceed the Max. Stacking Height (VSO)"/>
      <Column Name="/VSO/R_NO_P_GVH" Nullable="true" DataType="numeric" Precision="2" Scale="0" NativeType="numeric" Description="Number of Materials for each Closed PKM (VSO)"/>
      <Column Name="/VSO/R_QUAN_UNIT" Nullable="true" DataType="varchar" Size="3" NativeType="varchar" Description="Unit of Measure Vehicle Space Optimization"/>
      <Column Name="/VSO/R_KZGVH_IND" Nullable="true" DataType="varchar" Size="1" NativeType="varchar" Description="Closed Packaging Material Required (VSO)"/>
      <Column Name="PACKCODE" Nullable="true" DataType="varchar" Size="10" NativeType="varchar" Description="Packaging Code"/>
      <Column Name="DG_PACK_STATUS" Nullable="true" DataType="varchar" Size="10" NativeType="varchar" Description="Dangerous Goods Packaging Status"/>
      <Column Name="MCOND" Nullable="true" DataType="varchar" Size="1" NativeType="varchar" Description="Material Condition Management"/>
      <Column Name="RETDELC" Nullable="true" DataType="varchar" Size="1" NativeType="varchar" Description="Return Code"/>
      <Column Name="LOGLEV_RETO" Nullable="true" DataType="varchar" Size="1" NativeType="varchar" Description="Return to Logistics Level"/>
      <Column Name="NSNID" Nullable="true" DataType="varchar" Size="9" NativeType="varchar" Description="NATO Stock Number"/>
      <Column Name="ADSPC_SPC" Nullable="true" DataType="numeric" Precision="1" Scale="0" NativeType="numeric" Description="Spare Part Class Code"/>
      <Column Name="IMATN" Nullable="true" DataType="varchar" Size="18" NativeType="varchar" Description="FFF class"/>
      <Column Name="PICNUM" Nullable="true" DataType="varchar" Size="18" NativeType="varchar" Description="Supersession chain number"/>
      <Column Name="BSTAT" Nullable="true" DataType="varchar" Size="2" NativeType="varchar" Description="Creation Status - Seasonal Procurement"/>
      <Column Name="COLOR_ATINN" Nullable="true" DataType="numeric" Precision="10" Scale="0" NativeType="numeric" Description="Internal Charactieristic Number for Color Characteristics"/>
      <Column Name="SIZE1_ATINN" Nullable="true" DataType="numeric" Precision="10" Scale="0" NativeType="numeric" Description="Internal Char. Number for Characteristics for Main Sizes"/>
      <Column Name="SIZE2_ATINN" Nullable="true" DataType="numeric" Precision="10" Scale="0" NativeType="numeric" Description="Internal Char. Number for Characteristics for Second Sizes"/>
      <Column Name="COLOR" Nullable="true" DataType="varchar" Size="18" NativeType="varchar" Description="Characteristic Value for Colors of Variants"/>
      <Column Name="SIZE1" Nullable="true" DataType="varchar" Size="18" NativeType="varchar" Description="Characteristic Value for Main Sizes of Variants"/>
      <Column Name="SIZE2" Nullable="true" DataType="varchar" Size="18" NativeType="varchar" Description="Characteristic Value for Second Size for Variants"/>
      <Column Name="FREE_CHAR" Nullable="true" DataType="varchar" Size="18" NativeType="varchar" Description="Characteristic Value for Evaluation Purposes"/>
      <Column Name="CARE_CODE" Nullable="true" DataType="varchar" Size="16" NativeType="varchar" Description="Care Codes (such as Washing Code, Ironing Code, etc.)"/>
      <Column Name="BRAND_ID" Nullable="true" DataType="varchar" Size="4" NativeType="varchar" Description="Brand"/>
      <Column Name="FIBER_CODE1" Nullable="true" DataType="varchar" Size="3" NativeType="varchar" Description="Fiber Code for Textiles (Component 1)"/>
      <Column Name="FIBER_PART1" Nullable="true" DataType="numeric" Precision="3" Scale="0" NativeType="numeric" Description="Percentage Share of Fiber (Component 1)"/>
      <Column Name="FIBER_CODE2" Nullable="true" DataType="varchar" Size="3" NativeType="varchar" Description="Fiber Code for Textiles (Component 2)"/>
      <Column Name="FIBER_PART2" Nullable="true" DataType="numeric" Precision="3" Scale="0" NativeType="numeric" Description="Percentage Share of Fiber (Component 2)"/>
      <Column Name="FIBER_CODE3" Nullable="true" DataType="varchar" Size="3" NativeType="varchar" Description="Fiber Code for Textiles (Component 3)"/>
      <Column Name="FIBER_PART3" Nullable="true" DataType="numeric" Precision="3" Scale="0" NativeType="numeric" Description="Percentage Share of Fiber (Component 3)"/>
      <Column Name="FIBER_CODE4" Nullable="true" DataType="varchar" Size="3" NativeType="varchar" Description="Fiber Code for Textiles (Component 4)"/>
      <Column Name="FIBER_PART4" Nullable="true" DataType="numeric" Precision="3" Scale="0" NativeType="numeric" Description="Percentage Share of Fiber (Component 4)"/>
      <Column Name="FIBER_CODE5" Nullable="true" DataType="varchar" Size="3" NativeType="varchar" Description="Fiber Code for Textiles (Component 5)"/>
      <Column Name="FIBER_PART5" Nullable="true" DataType="numeric" Precision="3" Scale="0" NativeType="numeric" Description="Percentage Share of Fiber (Component 5)"/>
      <Column Name="FASHGRD" Nullable="true" DataType="varchar" Size="4" NativeType="varchar" Description="Fashion Grade"/>
      <PrimaryKey>
        <PrimaryKeyColumn>MANDT</PrimaryKeyColumn>
        <PrimaryKeyColumn>MATNR</PrimaryKeyColumn>
      </PrimaryKey>
      <TableIndex Name="PRIMARY" isPrimary="true" Unique="true">
        <IndexColumn Name="MANDT"/>
        <IndexColumn Name="MATNR"/>
      </TableIndex>
      <TableIndex Name="A" isPrimary="false" Unique="false">
        <IndexColumn Name="BISMT"/>
      </TableIndex>
      <TableIndex Name="BMA" isPrimary="false" Unique="false">
        <IndexColumn Name="BMATN"/>
      </TableIndex>
      <TableIndex Name="L" isPrimary="false" Unique="false">
        <IndexColumn Name="MATKL"/>
      </TableIndex>
      <TableIndex Name="MPN" isPrimary="false" Unique="false">
        <IndexColumn Name="MFRPN"/>
        <IndexColumn Name="MFRNR"/>
      </TableIndex>
      <TableIndex Name="O" isPrimary="false" Unique="false">
        <IndexColumn Name="SATNR"/>
      </TableIndex>
      <TableIndex Name="PMA" isPrimary="false" Unique="false">
        <IndexColumn Name="PMATA"/>
      </TableIndex>
      <TableIndex Name="T" isPrimary="false" Unique="false">
        <IndexColumn Name="MTART"/>
      </TableIndex>
      <TableIndex Name="VHA" isPrimary="false" Unique="false">
        <IndexColumn Name="VHART"/>
      </TableIndex>
      <ForeignKey Name="ACTA_FK_71" ReferredTableKey="" ReferredTable="TWSPR" ReferredTableOwner="">
        <PKFKColumn Column="WRKST" ReferredColumn="WRKST"/>
      </ForeignKey>
      <ForeignKey Name="ACTA_FK_56" ReferredTableKey="" ReferredTable="TNTP" ReferredTableOwner="">
        <PKFKColumn Column="NUMTP" ReferredColumn="NUMTP"/>
      </ForeignKey>
      <ForeignKey Name="ACTA_FK_55" ReferredTableKey="" ReferredTable="TMPPF" ReferredTableOwner="">
        <PKFKColumn Column="MPROF" ReferredColumn="MPROF"/>
      </ForeignKey>
      <ForeignKey Name="ACTA_FK_29" ReferredTableKey="" ReferredTable="T141" ReferredTableOwner="">
        <PKFKColumn Column="MSTAE" ReferredColumn="MMSTA"/>
      </ForeignKey>
      <ForeignKey Name="ACTA_FK_54" ReferredTableKey="" ReferredTable="TMFG" ReferredTableOwner="">
        <PKFKColumn Column="MFRGR" ReferredColumn="MFRGR"/>
      </ForeignKey>
      <ForeignKey Name="ACTA_FK_28" ReferredTableKey="" ReferredTable="T137" ReferredTableOwner="">
        <PKFKColumn Column="MBRSH" ReferredColumn="MBRSH"/>
      </ForeignKey>
      <ForeignKey Name="ACTA_FK_57" ReferredTableKey="" ReferredTable="TPTM" ReferredTableOwner="">
        <PKFKColumn Column="MTPOS_MARA" ReferredColumn="MTPOS"/>
      </ForeignKey>
      <ForeignKey Name="ACTA_FK_26" ReferredTableKey="" ReferredTable="T024L" ReferredTableOwner="">
        <PKFKColumn Column="LABOR" ReferredColumn="LABOR"/>
      </ForeignKey>
      <ForeignKey Name="ACTA_FK_27" ReferredTableKey="" ReferredTable="T134" ReferredTableOwner="">
        <PKFKColumn Column="MTART" ReferredColumn="MTART"/>
      </ForeignKey>
      <ForeignKey Name="ACTA_FK_25" ReferredTableKey="" ReferredTable="T023" ReferredTableOwner="">
        <PKFKColumn Column="MATKL" ReferredColumn="MATKL"/>
      </ForeignKey>
      <ForeignKey Name="ACTA_FK_61" ReferredTableKey="" ReferredTable="TSPA" ReferredTableOwner="">
        <PKFKColumn Column="SPART" ReferredColumn="SPART"/>
      </ForeignKey>
      <ForeignKey Name="ACTA_FK_63" ReferredTableKey="" ReferredTable="TVEGR" ReferredTableOwner="">
        <PKFKColumn Column="MAGRV" ReferredColumn="MAGRV"/>
      </ForeignKey>
      <ForeignKey Name="ACTA_FK_62" ReferredTableKey="" ReferredTable="TTGR" ReferredTableOwner="">
        <PKFKColumn Column="TRAGR" ReferredColumn="TRAGR"/>
      </ForeignKey>
      <ForeignKey Name="ACTA_FK_41" ReferredTableKey="" ReferredTable="T6WP4" ReferredTableOwner="">
        <PKFKColumn Column="ETIFO" ReferredColumn="ETIFO"/>
      </ForeignKey>
      <ForeignKey Name="ACTA_FK_40" ReferredTableKey="" ReferredTable="T6WP3" ReferredTableOwner="">
        <PKFKColumn Column="ETIAR" ReferredColumn="ETIAR"/>
      </ForeignKey>
      <ForeignKey Name="ACTA_FK_64" ReferredTableKey="" ReferredTable="TVMS" ReferredTableOwner="">
        <PKFKColumn Column="MSTAV" ReferredColumn="VMSTA"/>
      </ForeignKey>
      <ForeignKey Name="ACTA_FK_31" ReferredTableKey="" ReferredTable="T143" ReferredTableOwner="">
        <PKFKColumn Column="TEMPB" ReferredColumn="TEMPB"/>
      </ForeignKey>
      <ForeignKey Name="ACTA_FK_8" ReferredTableKey="" ReferredTable="MARA" ReferredTableOwner="">
        <PKFKColumn Column="PMATA" ReferredColumn="MATNR"/>
      </ForeignKey>
      <ForeignKey Name="ACTA_FK_32" ReferredTableKey="" ReferredTable="T144" ReferredTableOwner="">
        <PKFKColumn Column="BEHVO" ReferredColumn="BEHVO"/>
      </ForeignKey>
      <ForeignKey Name="ACTA_FK_14" ReferredTableKey="" ReferredTable="T005" ReferredTableOwner="">
        <PKFKColumn Column="HERKL" ReferredColumn="LAND1"/>
      </ForeignKey>
      <ForeignKey Name="ACTA_FK_9" ReferredTableKey="" ReferredTable="MARA" ReferredTableOwner="">
        <PKFKColumn Column="RMATP" ReferredColumn="MATNR"/>
      </ForeignKey>
      <ForeignKey Name="ACTA_FK_6" ReferredTableKey="" ReferredTable="MARA" ReferredTableOwner="">
        <PKFKColumn Column="BMATN" ReferredColumn="MATNR"/>
      </ForeignKey>
      <ForeignKey Name="ACTA_FK_34" ReferredTableKey="" ReferredTable="T190S" ReferredTableOwner="">
        <PKFKColumn Column="KOSCH" ReferredColumn="KOSCH"/>
      </ForeignKey>
      <ForeignKey Name="ACTA_FK_7" ReferredTableKey="" ReferredTable="MARA" ReferredTableOwner="">
        <PKFKColumn Column="GENNR" ReferredColumn="MATNR"/>
      </ForeignKey>
      <ForeignKey Name="ACTA_FK_35" ReferredTableKey="" ReferredTable="T352B" ReferredTableOwner="">
        <PKFKColumn Column="RBNRM" ReferredColumn="RBNR"/>
      </ForeignKey>
      <ForeignKey Name="ACTA_FK_5" ReferredTableKey="" ReferredTable="LFA1" ReferredTableOwner="">
        <PKFKColumn Column="MFRNR" ReferredColumn="LIFNR"/>
      </ForeignKey>
      <ForeignKey Name="ACTA_FK_10" ReferredTableKey="" ReferredTable="MARA" ReferredTableOwner="">
        <PKFKColumn Column="SATNR" ReferredColumn="MATNR"/>
      </ForeignKey>
      <ForeignKey Name="ACTA_FK_37" ReferredTableKey="" ReferredTable="T405" ReferredTableOwner="">
        <PKFKColumn Column="EKWSL" ReferredColumn="EKWSL"/>
      </ForeignKey>
      <ForeignKey Name="ACTA_FK_30" ReferredTableKey="" ReferredTable="T142" ReferredTableOwner="">
        <PKFKColumn Column="RAUBE" ReferredColumn="RAUBE"/>
      </ForeignKey>
    </Table>
  </MetadataObjects>
  <Status>
    <StatusCode>SUCCESS</StatusCode>
  </Status>
</MetadataReply>