<MetadataReply xmlns="http://www.sap.com/DataServices/DataServicesXSD">
  <ID>1090</ID>
  <MetadataObjects>
    <Table Name="TVEGR" Owner="" Description="">
      <Column Name="MANDT" Nullable="false" DataType="varchar" Size="3" NativeType="varchar" Description=""/>
      <Column Name="MAGRV" Nullable="false" DataType="varchar" Size="4" NativeType="varchar" Description=""/>
      <PrimaryKey>
        <PrimaryKeyColumn>MANDT</PrimaryKeyColumn>
        <PrimaryKeyColumn>MAGRV</PrimaryKeyColumn>
      </PrimaryKey>
    </Table>
  </MetadataObjects>
  <Status>
    <StatusCode>SUCCESS</StatusCode>
  </Status>
</MetadataReply>