<MetadataReply xmlns="http://www.sap.com/DataServices/DataServicesXSD">
  <ID>1186</ID>
  <MetadataObjects>
    <Table Name="TVCTY" Owner="" Description="">
      <Column Name="MANDT" Nullable="false" DataType="varchar" Size="3" NativeType="varchar" Description=""/>
      <Column Name="CCTYP" Nullable="false" DataType="varchar" Size="2" NativeType="varchar" Description=""/>
      <Column Name="CCUNI" Nullable="true" DataType="varchar" Size="1" NativeType="varchar" Description=""/>
      <Column Name="CCEXD" Nullable="true" DataType="varchar" Size="1" NativeType="varchar" Description=""/>
      <PrimaryKey>
        <PrimaryKeyColumn>MANDT</PrimaryKeyColumn>
        <PrimaryKeyColumn>CCTYP</PrimaryKeyColumn>
      </PrimaryKey>
    </Table>
  </MetadataObjects>
  <Status>
    <StatusCode>SUCCESS</StatusCode>
  </Status>
</MetadataReply>