<MetadataReply xmlns="http://www.sap.com/DataServices/DataServicesXSD">
  <ID>1180</ID>
  <MetadataObjects>
    <Table Name="T377P" Owner="" Description="">
      <Column Name="MANDT" Nullable="false" DataType="varchar" Size="3" NativeType="varchar" Description=""/>
      <Column Name="SERAIL" Nullable="false" DataType="varchar" Size="4" NativeType="varchar" Description=""/>
      <Column Name="SERSCHA" Nullable="true" DataType="varchar" Size="18" NativeType="varchar" Description=""/>
      <Column Name="SEREX" Nullable="true" DataType="varchar" Size="1" NativeType="varchar" Description=""/>
      <Column Name="EQTYP" Nullable="true" DataType="varchar" Size="1" NativeType="varchar" Description=""/>
      <Column Name="BSTVP" Nullable="true" DataType="varchar" Size="1" NativeType="varchar" Description=""/>
      <PrimaryKey>
        <PrimaryKeyColumn>MANDT</PrimaryKeyColumn>
        <PrimaryKeyColumn>SERAIL</PrimaryKeyColumn>
      </PrimaryKey>
    </Table>
  </MetadataObjects>
  <Status>
    <StatusCode>SUCCESS</StatusCode>
  </Status>
</MetadataReply>