<MetadataReply xmlns="http://www.sap.com/DataServices/DataServicesXSD">
  <ID>1163</ID>
  <MetadataObjects>
    <Table Name="MARD" Owner="" Description="">
      <Column Name="MANDT" Nullable="false" DataType="varchar" Size="3" NativeType="varchar" Description=""/>
      <Column Name="MATNR" Nullable="false" DataType="varchar" Size="18" NativeType="varchar" Description=""/>
      <Column Name="WERKS" Nullable="false" DataType="varchar" Size="4" NativeType="varchar" Description=""/>
      <Column Name="LGORT" Nullable="false" DataType="varchar" Size="4" NativeType="varchar" Description=""/>
      <Column Name="PSTAT" Nullable="true" DataType="varchar" Size="15" NativeType="varchar" Description=""/>
      <Column Name="LVORM" Nullable="true" DataType="varchar" Size="1" NativeType="varchar" Description=""/>
      <Column Name="LFGJA" Nullable="true" DataType="numeric" Precision="4" Scale="0" NativeType="numeric" Description=""/>
      <Column Name="LFMON" Nullable="true" DataType="numeric" Precision="2" Scale="0" NativeType="numeric" Description=""/>
      <Column Name="SPERR" Nullable="true" DataType="varchar" Size="1" NativeType="varchar" Description=""/>
      <Column Name="LABST" Nullable="true" DataType="decimal" Precision="13" Scale="0" NativeType="decimal" Description=""/>
      <Column Name="UMLME" Nullable="true" DataType="decimal" Precision="13" Scale="0" NativeType="decimal" Description=""/>
      <Column Name="INSME" Nullable="true" DataType="decimal" Precision="13" Scale="0" NativeType="decimal" Description=""/>
      <Column Name="EINME" Nullable="true" DataType="decimal" Precision="13" Scale="0" NativeType="decimal" Description=""/>
      <Column Name="SPEME" Nullable="true" DataType="decimal" Precision="13" Scale="0" NativeType="decimal" Description=""/>
      <Column Name="RETME" Nullable="true" DataType="decimal" Precision="13" Scale="0" NativeType="decimal" Description=""/>
      <Column Name="VMLAB" Nullable="true" DataType="decimal" Precision="13" Scale="0" NativeType="decimal" Description=""/>
      <Column Name="VMUML" Nullable="true" DataType="decimal" Precision="13" Scale="0" NativeType="decimal" Description=""/>
      <Column Name="VMINS" Nullable="true" DataType="decimal" Precision="13" Scale="0" NativeType="decimal" Description=""/>
      <Column Name="VMEIN" Nullable="true" DataType="decimal" Precision="13" Scale="0" NativeType="decimal" Description=""/>
      <Column Name="VMSPE" Nullable="true" DataType="decimal" Precision="13" Scale="0" NativeType="decimal" Description=""/>
      <Column Name="VMRET" Nullable="true" DataType="decimal" Precision="13" Scale="0" NativeType="decimal" Description=""/>
      <Column Name="KZILL" Nullable="true" DataType="varchar" Size="3" NativeType="varchar" Description=""/>
      <Column Name="KZILQ" Nullable="true" DataType="varchar" Size="3" NativeType="varchar" Description=""/>
      <Column Name="KZILE" Nullable="true" DataType="varchar" Size="3" NativeType="varchar" Description=""/>
      <Column Name="KZILS" Nullable="true" DataType="varchar" Size="3" NativeType="varchar" Description=""/>
      <Column Name="KZVLL" Nullable="true" DataType="varchar" Size="3" NativeType="varchar" Description=""/>
      <Column Name="KZVLQ" Nullable="true" DataType="varchar" Size="3" NativeType="varchar" Description=""/>
      <Column Name="KZVLE" Nullable="true" DataType="varchar" Size="3" NativeType="varchar" Description=""/>
      <Column Name="KZVLS" Nullable="true" DataType="varchar" Size="3" NativeType="varchar" Description=""/>
      <Column Name="DISKZ" Nullable="true" DataType="varchar" Size="1" NativeType="varchar" Description=""/>
      <Column Name="LSOBS" Nullable="true" DataType="varchar" Size="2" NativeType="varchar" Description=""/>
      <Column Name="LMINB" Nullable="true" DataType="decimal" Precision="13" Scale="0" NativeType="decimal" Description=""/>
      <Column Name="LBSTF" Nullable="true" DataType="decimal" Precision="13" Scale="0" NativeType="decimal" Description=""/>
      <Column Name="HERKL" Nullable="true" DataType="varchar" Size="3" NativeType="varchar" Description=""/>
      <Column Name="EXPPG" Nullable="true" DataType="varchar" Size="1" NativeType="varchar" Description=""/>
      <Column Name="EXVER" Nullable="true" DataType="varchar" Size="2" NativeType="varchar" Description=""/>
      <Column Name="LGPBE" Nullable="true" DataType="varchar" Size="10" NativeType="varchar" Description=""/>
      <Column Name="KLABS" Nullable="true" DataType="decimal" Precision="13" Scale="0" NativeType="decimal" Description=""/>
      <Column Name="KINSM" Nullable="true" DataType="decimal" Precision="13" Scale="0" NativeType="decimal" Description=""/>
      <Column Name="KEINM" Nullable="true" DataType="decimal" Precision="13" Scale="0" NativeType="decimal" Description=""/>
      <Column Name="KSPEM" Nullable="true" DataType="decimal" Precision="13" Scale="0" NativeType="decimal" Description=""/>
      <Column Name="DLINL" Nullable="true" DataType="date" NativeType="date" Description=""/>
      <Column Name="PRCTL" Nullable="true" DataType="varchar" Size="10" NativeType="varchar" Description=""/>
      <Column Name="ERSDA" Nullable="true" DataType="date" NativeType="date" Description=""/>
      <Column Name="VKLAB" Nullable="true" DataType="decimal" Precision="13" Scale="0" NativeType="decimal" Description=""/>
      <Column Name="VKUML" Nullable="true" DataType="decimal" Precision="13" Scale="0" NativeType="decimal" Description=""/>
      <Column Name="LWMKB" Nullable="true" DataType="varchar" Size="3" NativeType="varchar" Description=""/>
      <Column Name="BSKRF" Nullable="true" DataType="double" NativeType="double" Description=""/>
      <Column Name="MDRUE" Nullable="true" DataType="varchar" Size="1" NativeType="varchar" Description=""/>
      <Column Name="MDJIN" Nullable="true" DataType="numeric" Precision="4" Scale="0" NativeType="numeric" Description=""/>
      <PrimaryKey>
        <PrimaryKeyColumn>MANDT</PrimaryKeyColumn>
        <PrimaryKeyColumn>MATNR</PrimaryKeyColumn>
        <PrimaryKeyColumn>WERKS</PrimaryKeyColumn>
        <PrimaryKeyColumn>LGORT</PrimaryKeyColumn>
      </PrimaryKey>
    </Table>
  </MetadataObjects>
  <Status>
    <StatusCode>SUCCESS</StatusCode>
  </Status>
</MetadataReply>