<MetadataReply xmlns="http://www.sap.com/DataServices/DataServicesXSD">
  <ID>1141</ID>
  <MetadataObjects>
    <Table Name="0CUSTOMER_ATTR" Owner="" Description="Kundennummer">
      <Attributes>
        <Attribute Name="Ext_Need_Subscriber" Value="yes"/>
        <Attribute Name="Extractor_Type" Value="ATTR"/>
        <Attribute Name="Method" Value="FUNCTION_MODULE_COMPLEX"/>
        <Attribute Name="Table_Subtype" Value="SAP_EXTRACTOR"/>
      </Attributes>
      <Column Name="KUNNR" Nullable="true" DataType="varchar" Size="10" NativeType="varchar" Description="Debitorennummer">
        <Attributes>
          <Attribute Name="Output_Length" Value="000010"/>
          <Attribute Name="Selection_Between" Value="yes"/>
          <Attribute Name="Selection_Equal" Value="yes"/>
        </Attributes>
      </Column>
      <Column Name="ADRNR" Nullable="true" DataType="varchar" Size="10" NativeType="varchar" Description="Adresse">
        <Attributes>
          <Attribute Name="Output_Length" Value="000010"/>
        </Attributes>
      </Column>
      <Column Name="ANRED" Nullable="true" DataType="varchar" Size="15" NativeType="varchar" Description="Anrede">
        <Attributes>
          <Attribute Name="Output_Length" Value="000015"/>
        </Attributes>
      </Column>
      <Column Name="AUFSD" Nullable="true" DataType="varchar" Size="2" NativeType="varchar" Description="Zentrale Auftragssperre für Debitor">
        <Attributes>
          <Attribute Name="Output_Length" Value="000002"/>
        </Attributes>
      </Column>
      <Column Name="BAHNE" Nullable="true" DataType="varchar" Size="25" NativeType="varchar" Description="Expressbahnhof">
        <Attributes>
          <Attribute Name="Output_Length" Value="000025"/>
        </Attributes>
      </Column>
      <Column Name="BAHNS" Nullable="true" DataType="varchar" Size="25" NativeType="varchar" Description="Bahnstation">
        <Attributes>
          <Attribute Name="Output_Length" Value="000025"/>
        </Attributes>
      </Column>
      <Column Name="BBBNR" Nullable="true" DataType="numeric" Precision="7" Scale="0" NativeType="numeric" Description="Internationale Lokationsnummer (Teil 1)">
        <Attributes>
          <Attribute Name="Output_Length" Value="000007"/>
        </Attributes>
      </Column>
      <Column Name="BBSNR" Nullable="true" DataType="numeric" Precision="5" Scale="0" NativeType="numeric" Description="Internationale Lokationsnummer (Teil 2)">
        <Attributes>
          <Attribute Name="Output_Length" Value="000005"/>
        </Attributes>
      </Column>
      <Column Name="BEGRU" Nullable="true" DataType="varchar" Size="4" NativeType="varchar" Description="Berechtigungsgruppe">
        <Attributes>
          <Attribute Name="Output_Length" Value="000004"/>
        </Attributes>
      </Column>
      <Column Name="BRSCH" Nullable="true" DataType="varchar" Size="4" NativeType="varchar" Description="Branchenschlüssel">
        <Attributes>
          <Attribute Name="Output_Length" Value="000004"/>
        </Attributes>
      </Column>
      <Column Name="BUBKZ" Nullable="true" DataType="numeric" Precision="1" Scale="0" NativeType="numeric" Description="Prüfziffer der internationalen Lokationsnummer">
        <Attributes>
          <Attribute Name="Output_Length" Value="000001"/>
        </Attributes>
      </Column>
      <Column Name="DATLT" Nullable="true" DataType="varchar" Size="14" NativeType="varchar" Description="Datenleitungsnummer">
        <Attributes>
          <Attribute Name="Output_Length" Value="000014"/>
        </Attributes>
      </Column>
      <Column Name="ERDAT" Nullable="true" DataType="date" NativeType="date" Description="Datum, an dem der Satz hinzugefügt wurde">
        <Attributes>
          <Attribute Name="Output_Length" Value="000008"/>
        </Attributes>
      </Column>
      <Column Name="ERNAM" Nullable="true" DataType="varchar" Size="12" NativeType="varchar" Description="Name des Sachbearbeiters, der das Objekt hinzugefügt hat">
        <Attributes>
          <Attribute Name="Output_Length" Value="000012"/>
        </Attributes>
      </Column>
      <Column Name="EXABL" Nullable="true" DataType="varchar" Size="1" NativeType="varchar" Description="Kennzeichen: Existenz von Abladestellen">
        <Attributes>
          <Attribute Name="Output_Length" Value="000001"/>
        </Attributes>
      </Column>
      <Column Name="FAKSD" Nullable="true" DataType="varchar" Size="2" NativeType="varchar" Description="Zentrale Fakturasperre für Debitor">
        <Attributes>
          <Attribute Name="Output_Length" Value="000002"/>
        </Attributes>
      </Column>
      <Column Name="FISKN" Nullable="true" DataType="varchar" Size="10" NativeType="varchar" Description="Kontonummer des Stammsatzes mit der fiskalischen Anschrift">
        <Attributes>
          <Attribute Name="Output_Length" Value="000010"/>
        </Attributes>
      </Column>
      <Column Name="KNAZK" Nullable="true" DataType="varchar" Size="2" NativeType="varchar" Description="Arbeitszeitkalender des Kunden">
        <Attributes>
          <Attribute Name="Output_Length" Value="000002"/>
        </Attributes>
      </Column>
      <Column Name="KNRZA" Nullable="true" DataType="varchar" Size="10" NativeType="varchar" Description="Kontonummer eines abweichenden Zahlungsregulierers">
        <Attributes>
          <Attribute Name="Output_Length" Value="000010"/>
        </Attributes>
      </Column>
      <Column Name="KONZS" Nullable="true" DataType="varchar" Size="10" NativeType="varchar" Description="Konzernschlüssel">
        <Attributes>
          <Attribute Name="Output_Length" Value="000010"/>
        </Attributes>
      </Column>
      <Column Name="KTOKD" Nullable="true" DataType="varchar" Size="4" NativeType="varchar" Description="Kontengruppe Debitor">
        <Attributes>
          <Attribute Name="Output_Length" Value="000004"/>
        </Attributes>
      </Column>
      <Column Name="KUKLA" Nullable="true" DataType="varchar" Size="2" NativeType="varchar" Description="Kundenklassifizierung">
        <Attributes>
          <Attribute Name="Output_Length" Value="000002"/>
        </Attributes>
      </Column>
      <Column Name="LAND1" Nullable="true" DataType="varchar" Size="3" NativeType="varchar" Description="Länderschlüssel">
        <Attributes>
          <Attribute Name="Output_Length" Value="000003"/>
        </Attributes>
      </Column>
      <Column Name="LIFNR" Nullable="true" DataType="varchar" Size="10" NativeType="varchar" Description="Kontonummer des Lieferanten bzw. Kreditors">
        <Attributes>
          <Attribute Name="Output_Length" Value="000010"/>
        </Attributes>
      </Column>
      <Column Name="LIFSD" Nullable="true" DataType="varchar" Size="2" NativeType="varchar" Description="Zentrale Liefersperre für Debitor">
        <Attributes>
          <Attribute Name="Output_Length" Value="000002"/>
        </Attributes>
      </Column>
      <Column Name="LOCCO" Nullable="true" DataType="varchar" Size="10" NativeType="varchar" Description="Ortskoordinaten">
        <Attributes>
          <Attribute Name="Output_Length" Value="000010"/>
        </Attributes>
      </Column>
      <Column Name="LOEVM" Nullable="true" DataType="varchar" Size="1" NativeType="varchar" Description="Zentrale Löschvormerkung für Stammsatz">
        <Attributes>
          <Attribute Name="Output_Length" Value="000001"/>
        </Attributes>
      </Column>
      <Column Name="NAME1" Nullable="true" DataType="varchar" Size="35" NativeType="varchar" Description="Name 1">
        <Attributes>
          <Attribute Name="Output_Length" Value="000035"/>
        </Attributes>
      </Column>
      <Column Name="NAME2" Nullable="true" DataType="varchar" Size="35" NativeType="varchar" Description="Name 2">
        <Attributes>
          <Attribute Name="Output_Length" Value="000035"/>
        </Attributes>
      </Column>
      <Column Name="NAME3" Nullable="true" DataType="varchar" Size="35" NativeType="varchar" Description="Name 3">
        <Attributes>
          <Attribute Name="Output_Length" Value="000035"/>
        </Attributes>
      </Column>
      <Column Name="NAME4" Nullable="true" DataType="varchar" Size="35" NativeType="varchar" Description="Name 4">
        <Attributes>
          <Attribute Name="Output_Length" Value="000035"/>
        </Attributes>
      </Column>
      <Column Name="NIELS" Nullable="true" DataType="varchar" Size="2" NativeType="varchar" Description="Nielsen-Bezirk">
        <Attributes>
          <Attribute Name="Output_Length" Value="000002"/>
        </Attributes>
      </Column>
      <Column Name="ORT01" Nullable="true" DataType="varchar" Size="35" NativeType="varchar" Description="Ort">
        <Attributes>
          <Attribute Name="Output_Length" Value="000035"/>
        </Attributes>
      </Column>
      <Column Name="ORT02" Nullable="true" DataType="varchar" Size="35" NativeType="varchar" Description="Ortsteil">
        <Attributes>
          <Attribute Name="Output_Length" Value="000035"/>
        </Attributes>
      </Column>
      <Column Name="PFACH" Nullable="true" DataType="varchar" Size="10" NativeType="varchar" Description="Postfach">
        <Attributes>
          <Attribute Name="Output_Length" Value="000010"/>
        </Attributes>
      </Column>
      <Column Name="PSTL2" Nullable="true" DataType="varchar" Size="10" NativeType="varchar" Description="Postleitzahl des Postfachs">
        <Attributes>
          <Attribute Name="Output_Length" Value="000010"/>
        </Attributes>
      </Column>
      <Column Name="PSTLZ" Nullable="true" DataType="varchar" Size="10" NativeType="varchar" Description="Postleitzahl">
        <Attributes>
          <Attribute Name="Output_Length" Value="000010"/>
        </Attributes>
      </Column>
      <Column Name="REGIO" Nullable="true" DataType="varchar" Size="3" NativeType="varchar" Description="Region (Bundesstaat, Bundesland, Provinz, Grafschaft)">
        <Attributes>
          <Attribute Name="Output_Length" Value="000003"/>
        </Attributes>
      </Column>
      <Column Name="COUNC" Nullable="true" DataType="varchar" Size="3" NativeType="varchar" Description="County Code">
        <Attributes>
          <Attribute Name="Output_Length" Value="000003"/>
        </Attributes>
      </Column>
      <Column Name="CITYC" Nullable="true" DataType="varchar" Size="4" NativeType="varchar" Description="City Code">
        <Attributes>
          <Attribute Name="Output_Length" Value="000004"/>
        </Attributes>
      </Column>
      <Column Name="RPMKR" Nullable="true" DataType="varchar" Size="5" NativeType="varchar" Description="Regionaler Markt">
        <Attributes>
          <Attribute Name="Output_Length" Value="000005"/>
        </Attributes>
      </Column>
      <Column Name="SORTL" Nullable="true" DataType="varchar" Size="10" NativeType="varchar" Description="Sortierfeld">
        <Attributes>
          <Attribute Name="Output_Length" Value="000010"/>
        </Attributes>
      </Column>
      <Column Name="SPERR" Nullable="true" DataType="varchar" Size="1" NativeType="varchar" Description="Zentrale Buchungssperre">
        <Attributes>
          <Attribute Name="Output_Length" Value="000001"/>
        </Attributes>
      </Column>
      <Column Name="SPRAS" Nullable="true" DataType="varchar" Size="1" NativeType="varchar" Description="Sprachenschlüssel">
        <Attributes>
          <Attribute Name="Output_Length" Value="000001"/>
        </Attributes>
      </Column>
      <Column Name="STCD1" Nullable="true" DataType="varchar" Size="16" NativeType="varchar" Description="Steuernummer 1">
        <Attributes>
          <Attribute Name="Output_Length" Value="000016"/>
        </Attributes>
      </Column>
      <Column Name="STCD2" Nullable="true" DataType="varchar" Size="11" NativeType="varchar" Description="Steuernummer 2">
        <Attributes>
          <Attribute Name="Output_Length" Value="000011"/>
        </Attributes>
      </Column>
      <Column Name="STKZA" Nullable="true" DataType="varchar" Size="1" NativeType="varchar" Description="Kennzeichen: Geschäftspartner ausgleichssteuerpflichtig?">
        <Attributes>
          <Attribute Name="Output_Length" Value="000001"/>
        </Attributes>
      </Column>
      <Column Name="STKZU" Nullable="true" DataType="varchar" Size="1" NativeType="varchar" Description="Umsatzsteuerpflichtig">
        <Attributes>
          <Attribute Name="Output_Length" Value="000001"/>
        </Attributes>
      </Column>
      <Column Name="STRAS" Nullable="true" DataType="varchar" Size="35" NativeType="varchar" Description="Straße und Hausnummer">
        <Attributes>
          <Attribute Name="Output_Length" Value="000035"/>
        </Attributes>
      </Column>
      <Column Name="TELBX" Nullable="true" DataType="varchar" Size="15" NativeType="varchar" Description="Teleboxnummer">
        <Attributes>
          <Attribute Name="Output_Length" Value="000015"/>
        </Attributes>
      </Column>
      <Column Name="TELF1" Nullable="true" DataType="varchar" Size="16" NativeType="varchar" Description="1. Telefonnummer">
        <Attributes>
          <Attribute Name="Output_Length" Value="000016"/>
        </Attributes>
      </Column>
      <Column Name="TELF2" Nullable="true" DataType="varchar" Size="16" NativeType="varchar" Description="2. Telefonnummer">
        <Attributes>
          <Attribute Name="Output_Length" Value="000016"/>
        </Attributes>
      </Column>
      <Column Name="TELFX" Nullable="true" DataType="varchar" Size="31" NativeType="varchar" Description="Telefaxnummer">
        <Attributes>
          <Attribute Name="Output_Length" Value="000031"/>
        </Attributes>
      </Column>
      <Column Name="TELTX" Nullable="true" DataType="varchar" Size="30" NativeType="varchar" Description="Teletexnummer">
        <Attributes>
          <Attribute Name="Output_Length" Value="000030"/>
        </Attributes>
      </Column>
      <Column Name="TELX1" Nullable="true" DataType="varchar" Size="30" NativeType="varchar" Description="Telexnummer">
        <Attributes>
          <Attribute Name="Output_Length" Value="000030"/>
        </Attributes>
      </Column>
      <Column Name="LZONE" Nullable="true" DataType="varchar" Size="10" NativeType="varchar" Description="Transportzone, in die bzw. aus der geliefert wird">
        <Attributes>
          <Attribute Name="Output_Length" Value="000010"/>
        </Attributes>
      </Column>
      <Column Name="XCPDK" Nullable="true" DataType="varchar" Size="1" NativeType="varchar" Description="Kennzeichen: Ist das Konto ein CPD-Konto ?">
        <Attributes>
          <Attribute Name="Output_Length" Value="000001"/>
        </Attributes>
      </Column>
      <Column Name="XZEMP" Nullable="true" DataType="varchar" Size="1" NativeType="varchar" Description="Kennzeichen: Abweich. Zahlungsempfänger im Beleg erlaubt ?">
        <Attributes>
          <Attribute Name="Output_Length" Value="000001"/>
        </Attributes>
      </Column>
      <Column Name="VBUND" Nullable="true" DataType="varchar" Size="6" NativeType="varchar" Description="Partner Gesellschaftsnummer">
        <Attributes>
          <Attribute Name="Output_Length" Value="000006"/>
        </Attributes>
      </Column>
      <Column Name="STCEG" Nullable="true" DataType="varchar" Size="20" NativeType="varchar" Description="Umsatzsteuer-Identifikationsnummer">
        <Attributes>
          <Attribute Name="Output_Length" Value="000020"/>
        </Attributes>
      </Column>
      <Column Name="DEAR1" Nullable="true" DataType="varchar" Size="1" NativeType="varchar" Description="Kennzeichen: Wettbewerber">
        <Attributes>
          <Attribute Name="Output_Length" Value="000001"/>
        </Attributes>
      </Column>
      <Column Name="DEAR2" Nullable="true" DataType="varchar" Size="1" NativeType="varchar" Description="Kennzeichen: Vertriebspartner">
        <Attributes>
          <Attribute Name="Output_Length" Value="000001"/>
        </Attributes>
      </Column>
      <Column Name="DEAR3" Nullable="true" DataType="varchar" Size="1" NativeType="varchar" Description="Kennzeichen: Interessent">
        <Attributes>
          <Attribute Name="Output_Length" Value="000001"/>
        </Attributes>
      </Column>
      <Column Name="DEAR4" Nullable="true" DataType="varchar" Size="1" NativeType="varchar" Description="Kennzeichen: Sortimentskunde">
        <Attributes>
          <Attribute Name="Output_Length" Value="000001"/>
        </Attributes>
      </Column>
      <Column Name="DEAR5" Nullable="true" DataType="varchar" Size="1" NativeType="varchar" Description="Kennzeichen Default-Auftraggeber">
        <Attributes>
          <Attribute Name="Output_Length" Value="000001"/>
        </Attributes>
      </Column>
      <Column Name="DEAR6" Nullable="true" DataType="varchar" Size="1" NativeType="varchar" Description="Kennzeichen: Konsument">
        <Attributes>
          <Attribute Name="Output_Length" Value="000001"/>
        </Attributes>
      </Column>
      <Column Name="GFORM" Nullable="true" DataType="varchar" Size="2" NativeType="varchar" Description="Geschäftsform">
        <Attributes>
          <Attribute Name="Output_Length" Value="000002"/>
        </Attributes>
      </Column>
      <Column Name="BRAN1" Nullable="true" DataType="varchar" Size="10" NativeType="varchar" Description="Branchencode 1">
        <Attributes>
          <Attribute Name="Output_Length" Value="000010"/>
        </Attributes>
      </Column>
      <Column Name="BRAN2" Nullable="true" DataType="varchar" Size="10" NativeType="varchar" Description="Branchencode 2">
        <Attributes>
          <Attribute Name="Output_Length" Value="000010"/>
        </Attributes>
      </Column>
      <Column Name="BRAN3" Nullable="true" DataType="varchar" Size="10" NativeType="varchar" Description="Branchencode 3">
        <Attributes>
          <Attribute Name="Output_Length" Value="000010"/>
        </Attributes>
      </Column>
      <Column Name="BRAN4" Nullable="true" DataType="varchar" Size="10" NativeType="varchar" Description="Branchencode 4">
        <Attributes>
          <Attribute Name="Output_Length" Value="000010"/>
        </Attributes>
      </Column>
      <Column Name="BRAN5" Nullable="true" DataType="varchar" Size="10" NativeType="varchar" Description="Branchencode 5">
        <Attributes>
          <Attribute Name="Output_Length" Value="000010"/>
        </Attributes>
      </Column>
      <Column Name="EKONT" Nullable="true" DataType="varchar" Size="10" NativeType="varchar" Description="Erstkontakt">
        <Attributes>
          <Attribute Name="Output_Length" Value="000010"/>
        </Attributes>
      </Column>
      <Column Name="UMSAT" Nullable="true" DataType="decimal" Precision="8" Scale="2" NativeType="decimal" Description="Jahresumsatz">
        <Attributes>
          <Attribute Name="Output_Length" Value="000011"/>
        </Attributes>
      </Column>
      <Column Name="UMJAH" Nullable="true" DataType="numeric" Precision="4" Scale="0" NativeType="numeric" Description="Jahr, für das der Umsatz angegeben wird">
        <Attributes>
          <Attribute Name="Output_Length" Value="000004"/>
        </Attributes>
      </Column>
      <Column Name="UWAER" Nullable="true" DataType="varchar" Size="5" NativeType="varchar" Description="Währung des Umsatzes">
        <Attributes>
          <Attribute Name="Output_Length" Value="000005"/>
        </Attributes>
      </Column>
      <Column Name="JMZAH" Nullable="true" DataType="numeric" Precision="6" Scale="0" NativeType="numeric" Description="Jahresmitarbeiterzahl">
        <Attributes>
          <Attribute Name="Output_Length" Value="000006"/>
        </Attributes>
      </Column>
      <Column Name="JMJAH" Nullable="true" DataType="numeric" Precision="4" Scale="0" NativeType="numeric" Description="Jahr, für das die Mitarbeiterzahl angegeben wird">
        <Attributes>
          <Attribute Name="Output_Length" Value="000004"/>
        </Attributes>
      </Column>
      <Column Name="KATR1" Nullable="true" DataType="varchar" Size="2" NativeType="varchar" Description="Attribut 1">
        <Attributes>
          <Attribute Name="Output_Length" Value="000002"/>
        </Attributes>
      </Column>
      <Column Name="KATR2" Nullable="true" DataType="varchar" Size="2" NativeType="varchar" Description="Attribut 2">
        <Attributes>
          <Attribute Name="Output_Length" Value="000002"/>
        </Attributes>
      </Column>
      <Column Name="KATR3" Nullable="true" DataType="varchar" Size="2" NativeType="varchar" Description="Attribut 3">
        <Attributes>
          <Attribute Name="Output_Length" Value="000002"/>
        </Attributes>
      </Column>
      <Column Name="KATR4" Nullable="true" DataType="varchar" Size="2" NativeType="varchar" Description="Attribut 4">
        <Attributes>
          <Attribute Name="Output_Length" Value="000002"/>
        </Attributes>
      </Column>
      <Column Name="KATR5" Nullable="true" DataType="varchar" Size="2" NativeType="varchar" Description="Attribut 5">
        <Attributes>
          <Attribute Name="Output_Length" Value="000002"/>
        </Attributes>
      </Column>
      <Column Name="KATR6" Nullable="true" DataType="varchar" Size="3" NativeType="varchar" Description="Attribut 6">
        <Attributes>
          <Attribute Name="Output_Length" Value="000003"/>
        </Attributes>
      </Column>
      <Column Name="KATR7" Nullable="true" DataType="varchar" Size="3" NativeType="varchar" Description="Attribut 7">
        <Attributes>
          <Attribute Name="Output_Length" Value="000003"/>
        </Attributes>
      </Column>
      <Column Name="KATR8" Nullable="true" DataType="varchar" Size="3" NativeType="varchar" Description="Attribut 8">
        <Attributes>
          <Attribute Name="Output_Length" Value="000003"/>
        </Attributes>
      </Column>
      <Column Name="KATR9" Nullable="true" DataType="varchar" Size="3" NativeType="varchar" Description="Attribut 9">
        <Attributes>
          <Attribute Name="Output_Length" Value="000003"/>
        </Attributes>
      </Column>
      <Column Name="KATR10" Nullable="true" DataType="varchar" Size="3" NativeType="varchar" Description="Attribut 10">
        <Attributes>
          <Attribute Name="Output_Length" Value="000003"/>
        </Attributes>
      </Column>
      <Column Name="STKZN" Nullable="true" DataType="varchar" Size="1" NativeType="varchar" Description="Natürliche Person">
        <Attributes>
          <Attribute Name="Output_Length" Value="000001"/>
        </Attributes>
      </Column>
      <Column Name="UMSA1" Nullable="true" DataType="decimal" Precision="15" Scale="2" NativeType="decimal" Description="Jahresumsatz">
        <Attributes>
          <Attribute Name="Output_Length" Value="000017"/>
        </Attributes>
      </Column>
      <Column Name="TXJCD" Nullable="true" DataType="varchar" Size="15" NativeType="varchar" Description="Steuerstandort">
        <Attributes>
          <Attribute Name="Output_Length" Value="000015"/>
        </Attributes>
      </Column>
      <Column Name="MCOD1" Nullable="true" DataType="varchar" Size="25" NativeType="varchar" Description="Suchbegriff für Matchcode-Verwendung">
        <Attributes>
          <Attribute Name="Output_Length" Value="000025"/>
        </Attributes>
      </Column>
      <Column Name="MCOD2" Nullable="true" DataType="varchar" Size="25" NativeType="varchar" Description="Suchbegriff für Matchcode-Verwendung">
        <Attributes>
          <Attribute Name="Output_Length" Value="000025"/>
        </Attributes>
      </Column>
      <Column Name="MCOD3" Nullable="true" DataType="varchar" Size="25" NativeType="varchar" Description="Suchbegriff für Matchcode-Verwendung">
        <Attributes>
          <Attribute Name="Output_Length" Value="000025"/>
        </Attributes>
      </Column>
      <Column Name="PERIV" Nullable="true" DataType="varchar" Size="2" NativeType="varchar" Description="Geschäftsjahresvariante">
        <Attributes>
          <Attribute Name="Output_Length" Value="000002"/>
        </Attributes>
      </Column>
      <Column Name="ABRVW" Nullable="true" DataType="varchar" Size="3" NativeType="varchar" Description="Verwendungskennzeichen">
        <Attributes>
          <Attribute Name="Output_Length" Value="000003"/>
        </Attributes>
      </Column>
      <Column Name="INSPBYDEBI" Nullable="true" DataType="varchar" Size="1" NativeType="varchar" Description="Prüfung durch den Kunden (kein Prüflos)">
        <Attributes>
          <Attribute Name="Output_Length" Value="000001"/>
        </Attributes>
      </Column>
      <Column Name="INSPATDEBI" Nullable="true" DataType="varchar" Size="1" NativeType="varchar" Description="Prüfung zum Lieferschein nach der Auslieferung">
        <Attributes>
          <Attribute Name="Output_Length" Value="000001"/>
        </Attributes>
      </Column>
      <Column Name="KTOCD" Nullable="true" DataType="varchar" Size="4" NativeType="varchar" Description="Referenzkontengruppe für CPD-Konto (debitorisch)">
        <Attributes>
          <Attribute Name="Output_Length" Value="000004"/>
        </Attributes>
      </Column>
      <Column Name="PFORT" Nullable="true" DataType="varchar" Size="35" NativeType="varchar" Description="Ort des Postfachs">
        <Attributes>
          <Attribute Name="Output_Length" Value="000035"/>
        </Attributes>
      </Column>
      <Column Name="WERKS" Nullable="true" DataType="varchar" Size="4" NativeType="varchar" Description="Werk">
        <Attributes>
          <Attribute Name="Output_Length" Value="000004"/>
        </Attributes>
      </Column>
      <Column Name="DTAMS" Nullable="true" DataType="varchar" Size="1" NativeType="varchar" Description="Meldeschlüssel für Datenträgeraustausch">
        <Attributes>
          <Attribute Name="Output_Length" Value="000001"/>
        </Attributes>
      </Column>
      <Column Name="DTAWS" Nullable="true" DataType="varchar" Size="2" NativeType="varchar" Description="Weisungsschlüssel fuer Datenträgeraustausch">
        <Attributes>
          <Attribute Name="Output_Length" Value="000002"/>
        </Attributes>
      </Column>
      <Column Name="DUEFL" Nullable="true" DataType="varchar" Size="1" NativeType="varchar" Description="Status der Datenübernahme ins Folgerelease">
        <Attributes>
          <Attribute Name="Output_Length" Value="000001"/>
        </Attributes>
      </Column>
      <Column Name="HZUOR" Nullable="true" DataType="numeric" Precision="2" Scale="0" NativeType="numeric" Description="Zuordnung zu Hierarchie">
        <Attributes>
          <Attribute Name="Output_Length" Value="000002"/>
        </Attributes>
      </Column>
      <Column Name="SPERZ" Nullable="true" DataType="varchar" Size="1" NativeType="varchar" Description="Zahlsperre">
        <Attributes>
          <Attribute Name="Output_Length" Value="000001"/>
        </Attributes>
      </Column>
      <Column Name="ETIKG" Nullable="true" DataType="varchar" Size="10" NativeType="varchar" Description="WWS Etikettierung: Kunden-/Werksgruppe">
        <Attributes>
          <Attribute Name="Output_Length" Value="000010"/>
        </Attributes>
      </Column>
      <Column Name="CIVVE" Nullable="true" DataType="varchar" Size="1" NativeType="varchar" Description="Kennzeichen: Vorwiegend zivile Verwendung">
        <Attributes>
          <Attribute Name="Output_Length" Value="000001"/>
        </Attributes>
      </Column>
      <Column Name="MILVE" Nullable="true" DataType="varchar" Size="1" NativeType="varchar" Description="Kennzeichen: Vorwiegend militärische Verwendung">
        <Attributes>
          <Attribute Name="Output_Length" Value="000001"/>
        </Attributes>
      </Column>
      <Column Name="KDKG1" Nullable="true" DataType="varchar" Size="2" NativeType="varchar" Description="Kunden Konditionsgruppe 1">
        <Attributes>
          <Attribute Name="Output_Length" Value="000002"/>
        </Attributes>
      </Column>
      <Column Name="KDKG2" Nullable="true" DataType="varchar" Size="2" NativeType="varchar" Description="Kunden Konditionsgruppe 2">
        <Attributes>
          <Attribute Name="Output_Length" Value="000002"/>
        </Attributes>
      </Column>
      <Column Name="KDKG3" Nullable="true" DataType="varchar" Size="2" NativeType="varchar" Description="Kunden Konditionsgruppe 3">
        <Attributes>
          <Attribute Name="Output_Length" Value="000002"/>
        </Attributes>
      </Column>
      <Column Name="KDKG4" Nullable="true" DataType="varchar" Size="2" NativeType="varchar" Description="Kunden Konditionsgruppe 4">
        <Attributes>
          <Attribute Name="Output_Length" Value="000002"/>
        </Attributes>
      </Column>
      <Column Name="KDKG5" Nullable="true" DataType="varchar" Size="2" NativeType="varchar" Description="Kunden Konditionsgruppe 5">
        <Attributes>
          <Attribute Name="Output_Length" Value="000002"/>
        </Attributes>
      </Column>
      <Column Name="XKNZA" Nullable="true" DataType="varchar" Size="1" NativeType="varchar" Description="Kennzeichen: Abweichender Regulierer über Kontonummer">
        <Attributes>
          <Attribute Name="Output_Length" Value="000001"/>
        </Attributes>
      </Column>
      <Column Name="FITYP" Nullable="true" DataType="varchar" Size="2" NativeType="varchar" Description="Steuerart">
        <Attributes>
          <Attribute Name="Output_Length" Value="000002"/>
        </Attributes>
      </Column>
      <Column Name="STCDT" Nullable="true" DataType="varchar" Size="2" NativeType="varchar" Description="Steuernummertyp">
        <Attributes>
          <Attribute Name="Output_Length" Value="000002"/>
        </Attributes>
      </Column>
      <Column Name="STCD3" Nullable="true" DataType="varchar" Size="18" NativeType="varchar" Description="Steuernummer 3">
        <Attributes>
          <Attribute Name="Output_Length" Value="000018"/>
        </Attributes>
      </Column>
      <Column Name="STCD4" Nullable="true" DataType="varchar" Size="18" NativeType="varchar" Description="Steuernummer 4">
        <Attributes>
          <Attribute Name="Output_Length" Value="000018"/>
        </Attributes>
      </Column>
      <Column Name="XICMS" Nullable="true" DataType="varchar" Size="1" NativeType="varchar" Description="Kennzeichen: Kunde ist von ICMS-Steuer befreit">
        <Attributes>
          <Attribute Name="Output_Length" Value="000001"/>
        </Attributes>
      </Column>
      <Column Name="XXIPI" Nullable="true" DataType="varchar" Size="1" NativeType="varchar" Description="Kennzeichen: Kunde ist von IPI-Steuer befreit">
        <Attributes>
          <Attribute Name="Output_Length" Value="000001"/>
        </Attributes>
      </Column>
      <Column Name="XSUBT" Nullable="true" DataType="varchar" Size="3" NativeType="varchar" Description="Kundengruppe der Substituiçao Tributária Berechnung">
        <Attributes>
          <Attribute Name="Output_Length" Value="000003"/>
        </Attributes>
      </Column>
      <Column Name="CFOPC" Nullable="true" DataType="varchar" Size="2" NativeType="varchar" Description="CFOP-Kategorie des Kunden">
        <Attributes>
          <Attribute Name="Output_Length" Value="000002"/>
        </Attributes>
      </Column>
      <Column Name="TXLW1" Nullable="true" DataType="varchar" Size="3" NativeType="varchar" Description="Steuergesetz: ICMS">
        <Attributes>
          <Attribute Name="Output_Length" Value="000003"/>
        </Attributes>
      </Column>
      <Column Name="TXLW2" Nullable="true" DataType="varchar" Size="3" NativeType="varchar" Description="Steuergesetz: IPI">
        <Attributes>
          <Attribute Name="Output_Length" Value="000003"/>
        </Attributes>
      </Column>
      <Column Name="CCC01" Nullable="true" DataType="varchar" Size="1" NativeType="varchar" Description="Kennz.: Chemische / Biologische Kriegsführung für Ges. Ktr.">
        <Attributes>
          <Attribute Name="Output_Length" Value="000001"/>
        </Attributes>
      </Column>
      <Column Name="CCC02" Nullable="true" DataType="varchar" Size="1" NativeType="varchar" Description="Kennz.: Nichtweitergabe von Nukleartechnologie für Ges.Kont.">
        <Attributes>
          <Attribute Name="Output_Length" Value="000001"/>
        </Attributes>
      </Column>
      <Column Name="CCC03" Nullable="true" DataType="varchar" Size="1" NativeType="varchar" Description="Kennz.: Nationale Sicherheit für Gesetzliche Kontrolle">
        <Attributes>
          <Attribute Name="Output_Length" Value="000001"/>
        </Attributes>
      </Column>
      <Column Name="CCC04" Nullable="true" DataType="varchar" Size="1" NativeType="varchar" Description="Kennz.: Raketentechnologie für Gesetzliche Kontrolle">
        <Attributes>
          <Attribute Name="Output_Length" Value="000001"/>
        </Attributes>
      </Column>
      <Column Name="CASSD" Nullable="true" DataType="varchar" Size="2" NativeType="varchar" Description="Zentrale Kontaktsperre für Debitor">
        <Attributes>
          <Attribute Name="Output_Length" Value="000002"/>
        </Attributes>
      </Column>
      <Column Name="KNURL" Nullable="true" DataType="varchar" Size="132" NativeType="varchar" Description="Uniform resource locator">
        <Attributes>
          <Attribute Name="Output_Length" Value="000132"/>
        </Attributes>
      </Column>
      <Column Name="MANDT" Nullable="true" DataType="varchar" Size="3" NativeType="varchar" Description="Mandant">
        <Attributes>
          <Attribute Name="Output_Length" Value="000003"/>
        </Attributes>
      </Column>
      <Column Name="ODQ_CHANGEMODE" Nullable="true" DataType="varchar" Size="1" NativeType="varchar" Description="Änderungsmodus eines Datensatzes im Delta">
        <Attributes>
          <Attribute Name="Change_Mode" Value="yes"/>
          <Attribute Name="Output_Length" Value="000001"/>
        </Attributes>
      </Column>
      <Column Name="ODQ_ENTITYCNTR" Nullable="true" DataType="decimal" Precision="19" Scale="0" NativeType="decimal" Description="Anzahl der Dateneinheiten (z.B. Datensätze)">
        <Attributes>
          <Attribute Name="Entity_Counter" Value="yes"/>
          <Attribute Name="Output_Length" Value="000020"/>
        </Attributes>
      </Column>
      <PrimaryKey>
        <PrimaryKeyColumn>KUNNR</PrimaryKeyColumn>
      </PrimaryKey>
    </Table>
  </MetadataObjects>
  <Status>
    <StatusCode>SUCCESS</StatusCode>
  </Status>
</MetadataReply>