<MetadataReply xmlns="http://www.sap.com/DataServices/DataServicesXSD">
  <ID>1178</ID>
  <MetadataObjects>
    <Table Name="T024D" Owner="" Description="">
      <Column Name="MANDT" Nullable="false" DataType="varchar" Size="3" NativeType="varchar" Description=""/>
      <Column Name="WERKS" Nullable="false" DataType="varchar" Size="4" NativeType="varchar" Description=""/>
      <Column Name="DISPO" Nullable="false" DataType="varchar" Size="3" NativeType="varchar" Description=""/>
      <Column Name="DSNAM" Nullable="false" DataType="varchar" Size="18" NativeType="varchar" Description=""/>
      <Column Name="DSTEL" Nullable="false" DataType="varchar" Size="12" NativeType="varchar" Description=""/>
      <Column Name="EKGRP" Nullable="false" DataType="varchar" Size="3" NativeType="varchar" Description=""/>
      <Column Name="MEMPF" Nullable="false" DataType="varchar" Size="12" NativeType="varchar" Description=""/>
      <Column Name="GSBER" Nullable="false" DataType="varchar" Size="4" NativeType="varchar" Description=""/>
      <Column Name="PRCTR" Nullable="false" DataType="varchar" Size="10" NativeType="varchar" Description=""/>
      <Column Name="USRTYP" Nullable="false" DataType="varchar" Size="2" NativeType="varchar" Description=""/>
      <Column Name="USRKEY" Nullable="false" DataType="varchar" Size="70" NativeType="varchar" Description=""/>
      <PrimaryKey>
        <PrimaryKeyColumn>MANDT</PrimaryKeyColumn>
        <PrimaryKeyColumn>WERKS</PrimaryKeyColumn>
        <PrimaryKeyColumn>DISPO</PrimaryKeyColumn>
      </PrimaryKey>
    </Table>
  </MetadataObjects>
  <Status>
    <StatusCode>SUCCESS</StatusCode>
  </Status>
</MetadataReply>