<MetadataReply xmlns="http://www.sap.com/DataServices/DataServicesXSD">
  <ID>1065</ID>
  <MetadataObjects>
    <Table Name="TWSPR" Owner="" Description="">
      <Column Name="MANDT" Nullable="false" DataType="varchar" Size="3" NativeType="varchar" Description=""/>
      <Column Name="WRKST" Nullable="false" DataType="varchar" Size="48" NativeType="varchar" Description=""/>
      <PrimaryKey>
        <PrimaryKeyColumn>MANDT</PrimaryKeyColumn>
        <PrimaryKeyColumn>WRKST</PrimaryKeyColumn>
      </PrimaryKey>
    </Table>
  </MetadataObjects>
  <Status>
    <StatusCode>SUCCESS</StatusCode>
  </Status>
</MetadataReply>