<MetadataReply xmlns="http://www.sap.com/DataServices/DataServicesXSD">
  <ID>1049</ID>
  <MetadataObjects>
    <Table Name="T615T" Owner="" Description="">
      <Column Name="MANDT" Nullable="false" DataType="varchar" Size="3" NativeType="varchar" Description=""/>
      <Column Name="SPRAS" Nullable="false" DataType="varchar" Size="1" NativeType="varchar" Description=""/>
      <Column Name="LAND1" Nullable="false" DataType="varchar" Size="3" NativeType="varchar" Description=""/>
      <Column Name="ZOLLA" Nullable="false" DataType="varchar" Size="6" NativeType="varchar" Description=""/>
      <Column Name="BEZEI" Nullable="true" DataType="varchar" Size="30" NativeType="varchar" Description=""/>
      <Column Name="TEXT2" Nullable="true" DataType="varchar" Size="60" NativeType="varchar" Description=""/>
      <Column Name="TEXT3" Nullable="true" DataType="varchar" Size="60" NativeType="varchar" Description=""/>
      <Column Name="TEXT4" Nullable="true" DataType="varchar" Size="60" NativeType="varchar" Description=""/>
      <Column Name="TEXT5" Nullable="true" DataType="varchar" Size="60" NativeType="varchar" Description=""/>
      <PrimaryKey>
        <PrimaryKeyColumn>MANDT</PrimaryKeyColumn>
        <PrimaryKeyColumn>SPRAS</PrimaryKeyColumn>
        <PrimaryKeyColumn>LAND1</PrimaryKeyColumn>
        <PrimaryKeyColumn>ZOLLA</PrimaryKeyColumn>
      </PrimaryKey>
    </Table>
  </MetadataObjects>
  <Status>
    <StatusCode>SUCCESS</StatusCode>
  </Status>
</MetadataReply>