<MetadataReply xmlns="http://www.sap.com/DataServices/DataServicesXSD">
  <ID>1124</ID>
  <MetadataObjects>
    <Table Name="H_MGEF" Owner="" Description="">
      <Attributes>
        <Attribute Name="SAP_Table_Class" Value="5"/>
        <Attribute Name="SAP_Table_Class_Name" Value="view"/>
        <Attribute Name="sap_row_size" Value="64"/>
        <Attribute Name="sap_table_type" Value="View"/>
      </Attributes>
      <Column Name="MANDT" Nullable="true" DataType="varchar" Size="3" NativeType="varchar" Description="Client"/>
      <Column Name="STOFF" Nullable="true" DataType="varchar" Size="18" NativeType="varchar" Description="Hazardous material number"/>
      <Column Name="REGKZ" Nullable="true" DataType="varchar" Size="3" NativeType="varchar" Description="Region code"/>
      <Column Name="STOFT" Nullable="true" DataType="varchar" Size="40" NativeType="varchar" Description="Short text for number of hazardous material"/>
      <PrimaryKey>
        <PrimaryKeyColumn>MANDT</PrimaryKeyColumn>
        <PrimaryKeyColumn>STOFF</PrimaryKeyColumn>
        <PrimaryKeyColumn>REGKZ</PrimaryKeyColumn>
      </PrimaryKey>
      <TableIndex Name="PRIMARY" isPrimary="true" Unique="true">
        <IndexColumn Name="MANDT"/>
        <IndexColumn Name="STOFF"/>
        <IndexColumn Name="REGKZ"/>
      </TableIndex>
      <ForeignKey Name="ACTA_FK_0" ReferredTableKey="" ReferredTable="T646R" ReferredTableOwner="-1">
        <PKFKColumn Column="REGKZ" ReferredColumn="REGKZ"/>
      </ForeignKey>
    </Table>
  </MetadataObjects>
  <Status>
    <StatusCode>SUCCESS</StatusCode>
  </Status>
</MetadataReply>