<MetadataReply xmlns="http://www.sap.com/DataServices/DataServicesXSD">
  <ID>1085</ID>
  <MetadataObjects>
    <Table Name="TVSB" Owner="" Description="">
      <Column Name="MANDT" Nullable="false" DataType="varchar" Size="3" NativeType="varchar" Description=""/>
      <Column Name="VSBED" Nullable="false" DataType="varchar" Size="2" NativeType="varchar" Description=""/>
      <PrimaryKey>
        <PrimaryKeyColumn>MANDT</PrimaryKeyColumn>
        <PrimaryKeyColumn>VSBED</PrimaryKeyColumn>
      </PrimaryKey>
    </Table>
  </MetadataObjects>
  <Status>
    <StatusCode>SUCCESS</StatusCode>
  </Status>
</MetadataReply>