<MetadataReply xmlns="http://www.sap.com/DataServices/DataServicesXSD">
  <ID>1125</ID>
  <MetadataObjects>
    <Table Name="TZUN" Owner="" Description="">
      <Column Name="ZUAWA" Nullable="true" DataType="varchar" Size="3" NativeType="varchar" Description=""/>
      <Column Name="NAME1" Nullable="true" DataType="varchar" Size="5" NativeType="varchar" Description=""/>
      <Column Name="OFFS1" Nullable="true" DataType="numeric" Precision="2" Scale="0" NativeType="numeric" Description=""/>
      <Column Name="LENG1" Nullable="true" DataType="numeric" Precision="2" Scale="0" NativeType="numeric" Description=""/>
      <Column Name="NAME2" Nullable="true" DataType="varchar" Size="5" NativeType="varchar" Description=""/>
      <Column Name="OFFS2" Nullable="true" DataType="numeric" Precision="2" Scale="0" NativeType="numeric" Description=""/>
      <Column Name="LENG2" Nullable="true" DataType="numeric" Precision="2" Scale="0" NativeType="numeric" Description=""/>
      <Column Name="NAME3" Nullable="true" DataType="varchar" Size="5" NativeType="varchar" Description=""/>
      <Column Name="OFFS3" Nullable="true" DataType="numeric" Precision="2" Scale="0" NativeType="numeric" Description=""/>
      <Column Name="LENG3" Nullable="true" DataType="numeric" Precision="2" Scale="0" NativeType="numeric" Description=""/>
      <Column Name="NAME4" Nullable="true" DataType="varchar" Size="5" NativeType="varchar" Description=""/>
      <Column Name="OFFS4" Nullable="true" DataType="numeric" Precision="2" Scale="0" NativeType="numeric" Description=""/>
      <Column Name="LENG4" Nullable="true" DataType="numeric" Precision="2" Scale="0" NativeType="numeric" Description=""/>
      <Column Name="FELD1" Nullable="true" DataType="varchar" Size="30" NativeType="varchar" Description=""/>
      <Column Name="FELD2" Nullable="true" DataType="varchar" Size="30" NativeType="varchar" Description=""/>
      <Column Name="FELD3" Nullable="true" DataType="varchar" Size="30" NativeType="varchar" Description=""/>
      <Column Name="FELD4" Nullable="true" DataType="varchar" Size="30" NativeType="varchar" Description=""/>
      <PrimaryKey>
        <PrimaryKeyColumn>ZUAWA</PrimaryKeyColumn>
      </PrimaryKey>
    </Table>
  </MetadataObjects>
  <Status>
    <StatusCode>SUCCESS</StatusCode>
  </Status>
</MetadataReply>