<MetadataReply xmlns="http://www.sap.com/DataServices/DataServicesXSD">
  <ID>1093</ID>
  <MetadataObjects>
    <Table Name="TSABT" Owner="" Description="">
      <Column Name="MANDT" Nullable="false" DataType="varchar" Size="3" NativeType="varchar" Description=""/>
      <Column Name="SPRAS" Nullable="false" DataType="varchar" Size="1" NativeType="varchar" Description=""/>
      <Column Name="ABTNR" Nullable="false" DataType="varchar" Size="4" NativeType="varchar" Description=""/>
      <Column Name="VTEXT" Nullable="true" DataType="varchar" Size="20" NativeType="varchar" Description=""/>
      <PrimaryKey>
        <PrimaryKeyColumn>MANDT</PrimaryKeyColumn>
        <PrimaryKeyColumn>SPRAS</PrimaryKeyColumn>
        <PrimaryKeyColumn>ABTNR</PrimaryKeyColumn>
      </PrimaryKey>
    </Table>
  </MetadataObjects>
  <Status>
    <StatusCode>SUCCESS</StatusCode>
  </Status>
</MetadataReply>