<MetadataReply xmlns="http://www.sap.com/DataServices/DataServicesXSD">
  <ID>1235</ID>
  <MetadataObjects>
    <Table Name="T405" Owner="" Description="">
      <Column Name="MANDT" Nullable="false" DataType="varchar" Size="3" NativeType="varchar" Description=""/>
      <Column Name="EKWSL" Nullable="false" DataType="varchar" Size="4" NativeType="varchar" Description=""/>
      <Column Name="MAHN1" Nullable="false" DataType="decimal" Precision="3" Scale="0" NativeType="decimal" Description=""/>
      <Column Name="MAHN2" Nullable="false" DataType="decimal" Precision="3" Scale="0" NativeType="decimal" Description=""/>
      <Column Name="MAHN3" Nullable="false" DataType="decimal" Precision="3" Scale="0" NativeType="decimal" Description=""/>
      <Column Name="UNTTO" Nullable="false" DataType="decimal" Precision="3" Scale="0" NativeType="decimal" Description=""/>
      <Column Name="UEBTO" Nullable="false" DataType="decimal" Precision="3" Scale="0" NativeType="decimal" Description=""/>
      <Column Name="UEBTK" Nullable="false" DataType="varchar" Size="1" NativeType="varchar" Description=""/>
      <Column Name="EVERS" Nullable="false" DataType="varchar" Size="2" NativeType="varchar" Description=""/>
      <Column Name="KZABS" Nullable="false" DataType="varchar" Size="1" NativeType="varchar" Description=""/>
      <Column Name="WEPRZ" Nullable="false" DataType="decimal" Precision="3" Scale="0" NativeType="decimal" Description=""/>
      <Column Name="WELFZ" Nullable="false" DataType="numeric" Precision="3" Scale="0" NativeType="numeric" Description=""/>
      <PrimaryKey>
        <PrimaryKeyColumn>MANDT</PrimaryKeyColumn>
        <PrimaryKeyColumn>EKWSL</PrimaryKeyColumn>
      </PrimaryKey>
    </Table>
  </MetadataObjects>
  <Status>
    <StatusCode>SUCCESS</StatusCode>
  </Status>
</MetadataReply>