<MetadataReply xmlns="http://www.sap.com/DataServices/DataServicesXSD">
  <ID>1135</ID>
  <MetadataObjects>
    <Table Name="T880" Owner="" Description="">
      <Column Name="MANDT" Nullable="false" DataType="varchar" Size="3" NativeType="varchar" Description=""/>
      <Column Name="RCOMP" Nullable="false" DataType="varchar" Size="6" NativeType="varchar" Description=""/>
      <Column Name="NAME1" Nullable="true" DataType="varchar" Size="30" NativeType="varchar" Description=""/>
      <Column Name="CNTRY" Nullable="true" DataType="varchar" Size="3" NativeType="varchar" Description=""/>
      <Column Name="NAME2" Nullable="true" DataType="varchar" Size="30" NativeType="varchar" Description=""/>
      <Column Name="LANGU" Nullable="true" DataType="varchar" Size="1" NativeType="varchar" Description=""/>
      <Column Name="STRET" Nullable="true" DataType="varchar" Size="30" NativeType="varchar" Description=""/>
      <Column Name="POBOX" Nullable="true" DataType="varchar" Size="10" NativeType="varchar" Description=""/>
      <Column Name="PSTLC" Nullable="true" DataType="varchar" Size="10" NativeType="varchar" Description=""/>
      <Column Name="CITY" Nullable="true" DataType="varchar" Size="30" NativeType="varchar" Description=""/>
      <Column Name="CURR" Nullable="true" DataType="varchar" Size="5" NativeType="varchar" Description=""/>
      <Column Name="MODCP" Nullable="true" DataType="varchar" Size="4" NativeType="varchar" Description=""/>
      <Column Name="GLSIP" Nullable="true" DataType="varchar" Size="1" NativeType="varchar" Description=""/>
      <Column Name="RESTA" Nullable="true" DataType="varchar" Size="1" NativeType="varchar" Description=""/>
      <Column Name="RFORM" Nullable="true" DataType="varchar" Size="30" NativeType="varchar" Description=""/>
      <Column Name="ZWEIG" Nullable="true" DataType="varchar" Size="30" NativeType="varchar" Description=""/>
      <Column Name="MCOMP" Nullable="true" DataType="varchar" Size="4" NativeType="varchar" Description=""/>
      <Column Name="MCLNT" Nullable="true" DataType="numeric" Precision="3" Scale="0" NativeType="numeric" Description=""/>
      <Column Name="LCCOMP" Nullable="true" DataType="varchar" Size="1" NativeType="varchar" Description=""/>
      <Column Name="STRT2" Nullable="true" DataType="varchar" Size="30" NativeType="varchar" Description=""/>
      <Column Name="INDPO" Nullable="true" DataType="varchar" Size="1" NativeType="varchar" Description=""/>
      <PrimaryKey>
        <PrimaryKeyColumn>MANDT</PrimaryKeyColumn>
        <PrimaryKeyColumn>RCOMP</PrimaryKeyColumn>
      </PrimaryKey>
    </Table>
  </MetadataObjects>
  <Status>
    <StatusCode>SUCCESS</StatusCode>
  </Status>
</MetadataReply>