<MetadataReply xmlns="http://www.sap.com/DataServices/DataServicesXSD">
  <ID>1110</ID>
  <MetadataObjects>
    <Table Name="TCO48" Owner="" Description="">
      <Column Name="MANDT" Nullable="false" DataType="varchar" Size="3" NativeType="varchar" Description=""/>
      <Column Name="GPROFILE" Nullable="false" DataType="varchar" Size="6" NativeType="varchar" Description=""/>
      <Column Name="CUST_PROFILE" Nullable="true" DataType="varchar" Size="6" NativeType="varchar" Description=""/>
      <Column Name="MAST_PROFILE" Nullable="true" DataType="varchar" Size="6" NativeType="varchar" Description=""/>
      <Column Name="ATO_PROFILE" Nullable="true" DataType="varchar" Size="6" NativeType="varchar" Description=""/>
      <PrimaryKey>
        <PrimaryKeyColumn>MANDT</PrimaryKeyColumn>
        <PrimaryKeyColumn>GPROFILE</PrimaryKeyColumn>
      </PrimaryKey>
    </Table>
  </MetadataObjects>
  <Status>
    <StatusCode>SUCCESS</StatusCode>
  </Status>
</MetadataReply>