<MetadataReply xmlns="http://www.sap.com/DataServices/DataServicesXSD">
  <ID>1022</ID>
  <MetadataObjects>
    <Table Name="T438M" Owner="" Description="">
      <Column Name="MANDT" Nullable="false" DataType="varchar" Size="3" NativeType="varchar" Description=""/>
      <Column Name="WERKS" Nullable="false" DataType="varchar" Size="4" NativeType="varchar" Description=""/>
      <Column Name="MTART" Nullable="false" DataType="varchar" Size="4" NativeType="varchar" Description=""/>
      <Column Name="BANER" Nullable="false" DataType="varchar" Size="1" NativeType="varchar" Description=""/>
      <Column Name="DISER" Nullable="false" DataType="varchar" Size="1" NativeType="varchar" Description=""/>
      <Column Name="UMTHZ" Nullable="false" DataType="numeric" Precision="3" Scale="0" NativeType="numeric" Description=""/>
      <Column Name="FIXHZ" Nullable="false" DataType="numeric" Precision="3" Scale="0" NativeType="numeric" Description=""/>
      <Column Name="PLAHZ" Nullable="false" DataType="numeric" Precision="3" Scale="0" NativeType="numeric" Description=""/>
      <Column Name="SBDIS" Nullable="false" DataType="numeric" Precision="3" Scale="0" NativeType="numeric" Description=""/>
      <Column Name="LIFKZ" Nullable="false" DataType="varchar" Size="1" NativeType="varchar" Description=""/>
      <Column Name="GTERM" Nullable="false" DataType="varchar" Size="1" NativeType="varchar" Description=""/>
      <Column Name="KZDRB" Nullable="false" DataType="varchar" Size="1" NativeType="varchar" Description=""/>
      <Column Name="XFAT1" Nullable="false" DataType="varchar" Size="1" NativeType="varchar" Description=""/>
      <Column Name="XFAT2" Nullable="false" DataType="varchar" Size="1" NativeType="varchar" Description=""/>
      <Column Name="VWVOR" Nullable="false" DataType="numeric" Precision="2" Scale="0" NativeType="numeric" Description=""/>
      <Column Name="VWVER" Nullable="false" DataType="numeric" Precision="2" Scale="0" NativeType="numeric" Description=""/>
      <Column Name="PRREG" Nullable="false" DataType="varchar" Size="2" NativeType="varchar" Description=""/>
      <Column Name="VRMOD" Nullable="false" DataType="varchar" Size="1" NativeType="varchar" Description=""/>
      <Column Name="VINT1" Nullable="false" DataType="numeric" Precision="3" Scale="0" NativeType="numeric" Description=""/>
      <Column Name="VINT2" Nullable="false" DataType="numeric" Precision="3" Scale="0" NativeType="numeric" Description=""/>
      <Column Name="STRGR" Nullable="false" DataType="varchar" Size="2" NativeType="varchar" Description=""/>
      <Column Name="RESHZ" Nullable="false" DataType="decimal" Precision="2" Scale="0" NativeType="decimal" Description=""/>
      <Column Name="ANDIS" Nullable="false" DataType="int" NativeType="int" Description=""/>
      <Column Name="AUART" Nullable="false" DataType="varchar" Size="4" NativeType="varchar" Description=""/>
      <Column Name="AUAR2" Nullable="false" DataType="varchar" Size="4" NativeType="varchar" Description=""/>
      <Column Name="PLSEL" Nullable="false" DataType="varchar" Size="1" NativeType="varchar" Description=""/>
      <Column Name="RVPKZ" Nullable="false" DataType="varchar" Size="1" NativeType="varchar" Description=""/>
      <Column Name="RESVP" Nullable="false" DataType="decimal" Precision="3" Scale="0" NativeType="decimal" Description=""/>
      <Column Name="SHFLG" Nullable="true" DataType="varchar" Size="1" NativeType="varchar" Description=""/>
      <Column Name="SHZET" Nullable="true" DataType="numeric" Precision="2" Scale="0" NativeType="numeric" Description=""/>
      <Column Name="MDACH" Nullable="true" DataType="varchar" Size="2" NativeType="varchar" Description=""/>
      <Column Name="PRASTA" Nullable="true" DataType="varchar" Size="5" NativeType="varchar" Description=""/>
      <Column Name="EXSGT" Nullable="true" DataType="varchar" Size="1" NativeType="varchar" Description=""/>
      <Column Name="BESAL" Nullable="true" DataType="varchar" Size="1" NativeType="varchar" Description=""/>
      <Column Name="BSART" Nullable="true" DataType="varchar" Size="4" NativeType="varchar" Description=""/>
      <Column Name="BARTL" Nullable="true" DataType="varchar" Size="4" NativeType="varchar" Description=""/>
      <Column Name="BARTU" Nullable="true" DataType="varchar" Size="4" NativeType="varchar" Description=""/>
      <Column Name="GRREL" Nullable="true" DataType="varchar" Size="1" NativeType="varchar" Description=""/>
      <Column Name="VERTR" Nullable="true" DataType="varchar" Size="1" NativeType="varchar" Description=""/>
      <Column Name="FKOBS" Nullable="true" DataType="varchar" Size="1" NativeType="varchar" Description=""/>
      <PrimaryKey>
        <PrimaryKeyColumn>MANDT</PrimaryKeyColumn>
        <PrimaryKeyColumn>WERKS</PrimaryKeyColumn>
        <PrimaryKeyColumn>MTART</PrimaryKeyColumn>
      </PrimaryKey>
    </Table>
  </MetadataObjects>
  <Status>
    <StatusCode>SUCCESS</StatusCode>
  </Status>
</MetadataReply>