<MetadataReply xmlns="http://www.sap.com/DataServices/DataServicesXSD">
  <ID>1182</ID>
  <MetadataObjects>
    <Table Name="TVM3" Owner="" Description="">
      <Column Name="MANDT" Nullable="false" DataType="varchar" Size="3" NativeType="varchar" Description=""/>
      <Column Name="MVGR3" Nullable="false" DataType="varchar" Size="3" NativeType="varchar" Description=""/>
      <PrimaryKey>
        <PrimaryKeyColumn>MANDT</PrimaryKeyColumn>
        <PrimaryKeyColumn>MVGR3</PrimaryKeyColumn>
      </PrimaryKey>
    </Table>
  </MetadataObjects>
  <Status>
    <StatusCode>SUCCESS</StatusCode>
  </Status>
</MetadataReply>