<MetadataReply xmlns="http://www.sap.com/DataServices/DataServicesXSD">
  <ID>1070</ID>
  <MetadataObjects>
    <Table Name="TPAR" Owner="" Description="">
      <Column Name="MANDT" Nullable="false" DataType="varchar" Size="3" NativeType="varchar" Description=""/>
      <Column Name="PARVW" Nullable="false" DataType="varchar" Size="2" NativeType="varchar" Description=""/>
      <Column Name="STEIN" Nullable="true" DataType="varchar" Size="1" NativeType="varchar" Description=""/>
      <Column Name="UPARV" Nullable="true" DataType="varchar" Size="2" NativeType="varchar" Description=""/>
      <Column Name="FEHGR" Nullable="true" DataType="varchar" Size="2" NativeType="varchar" Description=""/>
      <Column Name="ERNAM" Nullable="true" DataType="varchar" Size="12" NativeType="varchar" Description=""/>
      <Column Name="NRART" Nullable="true" DataType="varchar" Size="2" NativeType="varchar" Description=""/>
      <Column Name="HITYP" Nullable="true" DataType="varchar" Size="1" NativeType="varchar" Description=""/>
      <PrimaryKey>
        <PrimaryKeyColumn>MANDT</PrimaryKeyColumn>
        <PrimaryKeyColumn>PARVW</PrimaryKeyColumn>
      </PrimaryKey>
    </Table>
  </MetadataObjects>
  <Status>
    <StatusCode>SUCCESS</StatusCode>
  </Status>
</MetadataReply>