<MetadataReply xmlns="http://www.sap.com/DataServices/DataServicesXSD">
  <ID>1045</ID>
  <MetadataObjects>
    <Table Name="H_T149" Owner="" Description="">
      <Column Name="MANDT" Nullable="true" DataType="varchar" Size="3" NativeType="varchar" Description=""/>
      <Column Name="BWKEY" Nullable="true" DataType="varchar" Size="4" NativeType="varchar" Description=""/>
      <Column Name="BWTTY" Nullable="true" DataType="varchar" Size="1" NativeType="varchar" Description=""/>
      <Column Name="BTBEZ" Nullable="true" DataType="varchar" Size="15" NativeType="varchar" Description=""/>
      <PrimaryKey>
        <PrimaryKeyColumn>MANDT</PrimaryKeyColumn>
        <PrimaryKeyColumn>BWKEY</PrimaryKeyColumn>
        <PrimaryKeyColumn>BWTTY</PrimaryKeyColumn>
      </PrimaryKey>
    </Table>
  </MetadataObjects>
  <Status>
    <StatusCode>SUCCESS</StatusCode>
  </Status>
</MetadataReply>