<MetadataReply xmlns="http://www.sap.com/DataServices/DataServicesXSD">
  <ID>1109</ID>
  <MetadataObjects>
    <Table Name="T439A" Owner="" Description="">
      <Column Name="MANDT" Nullable="false" DataType="varchar" Size="3" NativeType="varchar" Description=""/>
      <Column Name="DISLS" Nullable="false" DataType="varchar" Size="2" NativeType="varchar" Description=""/>
      <Column Name="LOSVF" Nullable="false" DataType="varchar" Size="1" NativeType="varchar" Description=""/>
      <Column Name="LOSKZ" Nullable="false" DataType="varchar" Size="1" NativeType="varchar" Description=""/>
      <Column Name="PERAZ" Nullable="false" DataType="decimal" Precision="3" Scale="0" NativeType="decimal" Description=""/>
      <Column Name="TERBV" Nullable="false" DataType="varchar" Size="1" NativeType="varchar" Description=""/>
      <Column Name="UELAP" Nullable="false" DataType="varchar" Size="1" NativeType="varchar" Description=""/>
      <Column Name="KFPKZ" Nullable="false" DataType="varchar" Size="1" NativeType="varchar" Description=""/>
      <Column Name="KFPAZ" Nullable="false" DataType="decimal" Precision="3" Scale="0" NativeType="decimal" Description=""/>
      <Column Name="LGLVF" Nullable="false" DataType="varchar" Size="1" NativeType="varchar" Description=""/>
      <Column Name="LGLKZ" Nullable="false" DataType="varchar" Size="1" NativeType="varchar" Description=""/>
      <Column Name="LGPAZ" Nullable="false" DataType="decimal" Precision="3" Scale="0" NativeType="decimal" Description=""/>
      <Column Name="LGTER" Nullable="false" DataType="varchar" Size="1" NativeType="varchar" Description=""/>
      <Column Name="LGUEL" Nullable="false" DataType="varchar" Size="1" NativeType="varchar" Description=""/>
      <Column Name="LGMIN" Nullable="false" DataType="varchar" Size="1" NativeType="varchar" Description=""/>
      <Column Name="LGMAX" Nullable="false" DataType="varchar" Size="1" NativeType="varchar" Description=""/>
      <Column Name="KZSPL" Nullable="false" DataType="varchar" Size="1" NativeType="varchar" Description=""/>
      <Column Name="LGSPL" Nullable="false" DataType="varchar" Size="1" NativeType="varchar" Description=""/>
      <Column Name="INTKA" Nullable="false" DataType="varchar" Size="1" NativeType="varchar" Description=""/>
      <Column Name="LGINT" Nullable="false" DataType="varchar" Size="1" NativeType="varchar" Description=""/>
      <Column Name="LGKND" Nullable="false" DataType="varchar" Size="1" NativeType="varchar" Description=""/>
      <Column Name="KZHOR" Nullable="true" DataType="numeric" Precision="3" Scale="0" NativeType="numeric" Description=""/>
      <Column Name="HBVAR" Nullable="true" DataType="varchar" Size="1" NativeType="varchar" Description=""/>
      <Column Name="LASTL" Nullable="true" DataType="varchar" Size="1" NativeType="varchar" Description=""/>
      <Column Name="UNTKZ" Nullable="true" DataType="varchar" Size="1" NativeType="varchar" Description=""/>
      <PrimaryKey>
        <PrimaryKeyColumn>MANDT</PrimaryKeyColumn>
        <PrimaryKeyColumn>DISLS</PrimaryKeyColumn>
      </PrimaryKey>
    </Table>
  </MetadataObjects>
  <Status>
    <StatusCode>SUCCESS</StatusCode>
  </Status>
</MetadataReply>