<MetadataReply xmlns="http://www.sap.com/DataServices/DataServicesXSD">
  <ID>1155</ID>
  <MetadataObjects>
    <Table Name="TVFM" Owner="" Description="">
      <Column Name="MANDT" Nullable="false" DataType="varchar" Size="3" NativeType="varchar" Description=""/>
      <Column Name="MTVER" Nullable="false" DataType="varchar" Size="4" NativeType="varchar" Description=""/>
      <Column Name="STAZO" Nullable="true" DataType="varchar" Size="3" NativeType="varchar" Description=""/>
      <PrimaryKey>
        <PrimaryKeyColumn>MANDT</PrimaryKeyColumn>
        <PrimaryKeyColumn>MTVER</PrimaryKeyColumn>
      </PrimaryKey>
    </Table>
  </MetadataObjects>
  <Status>
    <StatusCode>SUCCESS</StatusCode>
  </Status>
</MetadataReply>