<MetadataReply xmlns="http://www.sap.com/DataServices/DataServicesXSD">
  <ID>1228</ID>
  <MetadataObjects>
    <Table Name="KNVI" Owner="" Description="">
      <Column Name="MANDT" Nullable="false" DataType="varchar" Size="3" NativeType="varchar" Description=""/>
      <Column Name="KUNNR" Nullable="false" DataType="varchar" Size="10" NativeType="varchar" Description=""/>
      <Column Name="ALAND" Nullable="false" DataType="varchar" Size="3" NativeType="varchar" Description=""/>
      <Column Name="TATYP" Nullable="false" DataType="varchar" Size="4" NativeType="varchar" Description=""/>
      <Column Name="TAXKD" Nullable="true" DataType="varchar" Size="1" NativeType="varchar" Description=""/>
      <PrimaryKey>
        <PrimaryKeyColumn>MANDT</PrimaryKeyColumn>
        <PrimaryKeyColumn>KUNNR</PrimaryKeyColumn>
        <PrimaryKeyColumn>ALAND</PrimaryKeyColumn>
        <PrimaryKeyColumn>TATYP</PrimaryKeyColumn>
      </PrimaryKey>
    </Table>
  </MetadataObjects>
  <Status>
    <StatusCode>SUCCESS</StatusCode>
  </Status>
</MetadataReply>