<MetadataReply xmlns="http://www.sap.com/DataServices/DataServicesXSD">
  <ID>1129</ID>
  <MetadataObjects>
    <Table Name="T438A" Owner="" Description="">
      <Column Name="MANDT" Nullable="false" DataType="varchar" Size="3" NativeType="varchar" Description=""/>
      <Column Name="DISMM" Nullable="false" DataType="varchar" Size="2" NativeType="varchar" Description=""/>
      <Column Name="DISVF" Nullable="false" DataType="varchar" Size="1" NativeType="varchar" Description=""/>
      <Column Name="PROKZ" Nullable="false" DataType="varchar" Size="1" NativeType="varchar" Description=""/>
      <Column Name="PROVB" Nullable="false" DataType="varchar" Size="1" NativeType="varchar" Description=""/>
      <Column Name="PROOS" Nullable="false" DataType="varchar" Size="1" NativeType="varchar" Description=""/>
      <Column Name="KZSIB" Nullable="false" DataType="varchar" Size="1" NativeType="varchar" Description=""/>
      <Column Name="KZMEB" Nullable="false" DataType="varchar" Size="1" NativeType="varchar" Description=""/>
      <Column Name="PRRED" Nullable="true" DataType="varchar" Size="1" NativeType="varchar" Description=""/>
      <Column Name="FXART" Nullable="false" DataType="varchar" Size="1" NativeType="varchar" Description=""/>
      <Column Name="RESPL" Nullable="false" DataType="varchar" Size="1" NativeType="varchar" Description=""/>
      <Column Name="KZREG" Nullable="false" DataType="varchar" Size="1" NativeType="varchar" Description=""/>
      <Column Name="ICBED" Nullable="true" DataType="varchar" Size="1" NativeType="varchar" Description=""/>
      <Column Name="RYBED" Nullable="true" DataType="varchar" Size="1" NativeType="varchar" Description=""/>
      <Column Name="DYFOL" Nullable="false" DataType="varchar" Size="3" NativeType="varchar" Description=""/>
      <Column Name="CBPPT" Nullable="true" DataType="varchar" Size="1" NativeType="varchar" Description=""/>
      <Column Name="BBBED" Nullable="true" DataType="varchar" Size="1" NativeType="varchar" Description=""/>
      <Column Name="U1BED" Nullable="true" DataType="varchar" Size="1" NativeType="varchar" Description=""/>
      <Column Name="U2BED" Nullable="true" DataType="varchar" Size="1" NativeType="varchar" Description=""/>
      <Column Name="U4BED" Nullable="true" DataType="varchar" Size="1" NativeType="varchar" Description=""/>
      <Column Name="A1BED" Nullable="true" DataType="varchar" Size="1" NativeType="varchar" Description=""/>
      <Column Name="A2BED" Nullable="true" DataType="varchar" Size="1" NativeType="varchar" Description=""/>
      <PrimaryKey>
        <PrimaryKeyColumn>MANDT</PrimaryKeyColumn>
        <PrimaryKeyColumn>DISMM</PrimaryKeyColumn>
      </PrimaryKey>
    </Table>
  </MetadataObjects>
  <Status>
    <StatusCode>SUCCESS</StatusCode>
  </Status>
</MetadataReply>