<MetadataReply xmlns="http://www.sap.com/DataServices/DataServicesXSD">
  <ID>1138</ID>
  <MetadataObjects>
    <Table Name="LFM1" Owner="" Description="">
      <Column Name="MANDT" Nullable="false" DataType="varchar" Size="3" NativeType="varchar" Description=""/>
      <Column Name="LIFNR" Nullable="false" DataType="varchar" Size="10" NativeType="varchar" Description=""/>
      <Column Name="EKORG" Nullable="false" DataType="varchar" Size="4" NativeType="varchar" Description=""/>
      <Column Name="ERDAT" Nullable="true" DataType="date" NativeType="date" Description=""/>
      <Column Name="ERNAM" Nullable="true" DataType="varchar" Size="12" NativeType="varchar" Description=""/>
      <Column Name="SPERM" Nullable="true" DataType="varchar" Size="1" NativeType="varchar" Description=""/>
      <Column Name="LOEVM" Nullable="true" DataType="varchar" Size="1" NativeType="varchar" Description=""/>
      <Column Name="LFABC" Nullable="true" DataType="varchar" Size="1" NativeType="varchar" Description=""/>
      <Column Name="WAERS" Nullable="true" DataType="varchar" Size="5" NativeType="varchar" Description=""/>
      <Column Name="VERKF" Nullable="true" DataType="varchar" Size="30" NativeType="varchar" Description=""/>
      <Column Name="TELF1" Nullable="true" DataType="varchar" Size="16" NativeType="varchar" Description=""/>
      <Column Name="MINBW" Nullable="true" DataType="decimal" Precision="13" Scale="0" NativeType="decimal" Description=""/>
      <Column Name="ZTERM" Nullable="true" DataType="varchar" Size="4" NativeType="varchar" Description=""/>
      <Column Name="INCO1" Nullable="true" DataType="varchar" Size="3" NativeType="varchar" Description=""/>
      <Column Name="INCO2" Nullable="true" DataType="varchar" Size="28" NativeType="varchar" Description=""/>
      <Column Name="WEBRE" Nullable="true" DataType="varchar" Size="1" NativeType="varchar" Description=""/>
      <Column Name="KZABS" Nullable="true" DataType="varchar" Size="1" NativeType="varchar" Description=""/>
      <Column Name="KALSK" Nullable="true" DataType="varchar" Size="2" NativeType="varchar" Description=""/>
      <Column Name="KZAUT" Nullable="true" DataType="varchar" Size="1" NativeType="varchar" Description=""/>
      <Column Name="EXPVZ" Nullable="true" DataType="varchar" Size="1" NativeType="varchar" Description=""/>
      <Column Name="ZOLLA" Nullable="true" DataType="varchar" Size="6" NativeType="varchar" Description=""/>
      <Column Name="MEPRF" Nullable="true" DataType="varchar" Size="1" NativeType="varchar" Description=""/>
      <Column Name="EKGRP" Nullable="true" DataType="varchar" Size="3" NativeType="varchar" Description=""/>
      <Column Name="XERSY" Nullable="true" DataType="varchar" Size="1" NativeType="varchar" Description=""/>
      <Column Name="PLIFZ" Nullable="true" DataType="decimal" Precision="3" Scale="0" NativeType="decimal" Description=""/>
      <Column Name="MRPPP" Nullable="true" DataType="varchar" Size="3" NativeType="varchar" Description=""/>
      <Column Name="LFRHY" Nullable="true" DataType="varchar" Size="3" NativeType="varchar" Description=""/>
      <Column Name="LIBES" Nullable="true" DataType="varchar" Size="1" NativeType="varchar" Description=""/>
      <Column Name="LIPRE" Nullable="true" DataType="varchar" Size="2" NativeType="varchar" Description=""/>
      <Column Name="LISER" Nullable="true" DataType="varchar" Size="1" NativeType="varchar" Description=""/>
      <Column Name="PRFRE" Nullable="true" DataType="varchar" Size="1" NativeType="varchar" Description=""/>
      <Column Name="NRGEW" Nullable="true" DataType="varchar" Size="1" NativeType="varchar" Description=""/>
      <Column Name="BOIND" Nullable="true" DataType="varchar" Size="1" NativeType="varchar" Description=""/>
      <Column Name="BLIND" Nullable="true" DataType="varchar" Size="1" NativeType="varchar" Description=""/>
      <Column Name="KZRET" Nullable="true" DataType="varchar" Size="1" NativeType="varchar" Description=""/>
      <Column Name="SKRIT" Nullable="true" DataType="varchar" Size="1" NativeType="varchar" Description=""/>
      <Column Name="BSTAE" Nullable="true" DataType="varchar" Size="4" NativeType="varchar" Description=""/>
      <Column Name="RDPRF" Nullable="true" DataType="varchar" Size="4" NativeType="varchar" Description=""/>
      <Column Name="MEGRU" Nullable="true" DataType="varchar" Size="4" NativeType="varchar" Description=""/>
      <Column Name="VENSL" Nullable="true" DataType="decimal" Precision="4" Scale="0" NativeType="decimal" Description=""/>
      <Column Name="BOPNR" Nullable="true" DataType="varchar" Size="4" NativeType="varchar" Description=""/>
      <Column Name="XERSR" Nullable="true" DataType="varchar" Size="1" NativeType="varchar" Description=""/>
      <Column Name="EIKTO" Nullable="true" DataType="varchar" Size="12" NativeType="varchar" Description=""/>
      <Column Name="ABUEB" Nullable="true" DataType="varchar" Size="4" NativeType="varchar" Description=""/>
      <Column Name="PAPRF" Nullable="true" DataType="varchar" Size="4" NativeType="varchar" Description=""/>
      <Column Name="AGREL" Nullable="true" DataType="varchar" Size="1" NativeType="varchar" Description=""/>
      <Column Name="XNBWY" Nullable="true" DataType="varchar" Size="1" NativeType="varchar" Description=""/>
      <Column Name="VSBED" Nullable="true" DataType="varchar" Size="2" NativeType="varchar" Description=""/>
      <Column Name="LEBRE" Nullable="true" DataType="varchar" Size="1" NativeType="varchar" Description=""/>
      <Column Name="BOLRE" Nullable="true" DataType="varchar" Size="1" NativeType="varchar" Description=""/>
      <Column Name="UMSAE" Nullable="true" DataType="varchar" Size="1" NativeType="varchar" Description=""/>
      <Column Name="ACTIVITY_PROFIL" Nullable="true" DataType="varchar" Size="4" NativeType="varchar" Description=""/>
      <PrimaryKey>
        <PrimaryKeyColumn>MANDT</PrimaryKeyColumn>
        <PrimaryKeyColumn>LIFNR</PrimaryKeyColumn>
        <PrimaryKeyColumn>EKORG</PrimaryKeyColumn>
      </PrimaryKey>
    </Table>
  </MetadataObjects>
  <Status>
    <StatusCode>SUCCESS</StatusCode>
  </Status>
</MetadataReply>