<MetadataReply xmlns="http://www.sap.com/DataServices/DataServicesXSD">
  <ID>1225</ID>
  <MetadataObjects>
    <Table Name="J_1ATODC" Owner="" Description="">
      <Column Name="MANDT" Nullable="false" DataType="varchar" Size="3" NativeType="varchar" Description=""/>
      <Column Name="J_1ATODC" Nullable="false" DataType="varchar" Size="2" NativeType="varchar" Description=""/>
      <PrimaryKey>
        <PrimaryKeyColumn>MANDT</PrimaryKeyColumn>
        <PrimaryKeyColumn>J_1ATODC</PrimaryKeyColumn>
      </PrimaryKey>
    </Table>
  </MetadataObjects>
  <Status>
    <StatusCode>SUCCESS</StatusCode>
  </Status>
</MetadataReply>