<MetadataReply xmlns="http://www.sap.com/DataServices/DataServicesXSD">
  <ID>1099</ID>
  <MetadataObjects>
    <Table Name="T46AC" Owner="" Description="">
      <Column Name="MANDT" Nullable="false" DataType="varchar" Size="3" NativeType="varchar" Description=""/>
      <Column Name="MDACH" Nullable="false" DataType="varchar" Size="2" NativeType="varchar" Description=""/>
      <Column Name="ACCFM" Nullable="false" DataType="varchar" Size="4" NativeType="varchar" Description=""/>
      <Column Name="ACCTO" Nullable="false" DataType="varchar" Size="4" NativeType="varchar" Description=""/>
      <PrimaryKey>
        <PrimaryKeyColumn>MANDT</PrimaryKeyColumn>
        <PrimaryKeyColumn>MDACH</PrimaryKeyColumn>
        <PrimaryKeyColumn>ACCFM</PrimaryKeyColumn>
        <PrimaryKeyColumn>ACCTO</PrimaryKeyColumn>
      </PrimaryKey>
    </Table>
  </MetadataObjects>
  <Status>
    <StatusCode>SUCCESS</StatusCode>
  </Status>
</MetadataReply>