<MetadataReply xmlns="http://www.sap.com/DataServices/DataServicesXSD">
  <ID>1624</ID>
  <MetadataObjects>
    <Table Name="H_MARC" Owner="" Description="Help View for Material/Plant">
      <Attributes>
        <Attribute Name="SAP_Table_Class" Value="5"/>
        <Attribute Name="SAP_Table_Class_Name" Value="view"/>
        <Attribute Name="sap_row_size" Value="55"/>
        <Attribute Name="sap_table_type" Value="View"/>
      </Attributes>
      <Column Name="MANDT" Nullable="true" DataType="varchar" Size="3" NativeType="varchar" Description="Client"/>
      <Column Name="MATNR" Nullable="true" DataType="varchar" Size="18" NativeType="varchar" Description="Material Number"/>
      <Column Name="WERKS" Nullable="true" DataType="varchar" Size="4" NativeType="varchar" Description="Plant"/>
      <Column Name="NAME1" Nullable="true" DataType="varchar" Size="30" NativeType="varchar" Description="Name"/>
      <PrimaryKey>
        <PrimaryKeyColumn>MANDT</PrimaryKeyColumn>
        <PrimaryKeyColumn>MATNR</PrimaryKeyColumn>
        <PrimaryKeyColumn>WERKS</PrimaryKeyColumn>
      </PrimaryKey>
      <TableIndex Name="PRIMARY" isPrimary="true" Unique="true">
        <IndexColumn Name="MANDT"/>
        <IndexColumn Name="MATNR"/>
        <IndexColumn Name="WERKS"/>
      </TableIndex>
      <ForeignKey Name="ACTA_FK_0" ReferredTableKey="" ReferredTable="MARA" ReferredTableOwner="">
        <PKFKColumn Column="MATNR" ReferredColumn="MATNR"/>
      </ForeignKey>
      <ForeignKey Name="ACTA_FK_1" ReferredTableKey="" ReferredTable="T001W" ReferredTableOwner="">
        <PKFKColumn Column="WERKS" ReferredColumn="WERKS"/>
      </ForeignKey>
    </Table>
  </MetadataObjects>
  <Status>
    <StatusCode>SUCCESS</StatusCode>
  </Status>
</MetadataReply>