<MetadataReply xmlns="http://www.sap.com/DataServices/DataServicesXSD">
  <ID>1074</ID>
  <MetadataObjects>
    <Table Name="T023" Owner="" Description="">
      <Column Name="MANDT" Nullable="false" DataType="varchar" Size="3" NativeType="varchar" Description=""/>
      <Column Name="MATKL" Nullable="false" DataType="varchar" Size="9" NativeType="varchar" Description=""/>
      <Column Name="SPART" Nullable="false" DataType="varchar" Size="2" NativeType="varchar" Description=""/>
      <Column Name="LREF3" Nullable="false" DataType="varchar" Size="3" NativeType="varchar" Description=""/>
      <Column Name="WWGDA" Nullable="false" DataType="varchar" Size="18" NativeType="varchar" Description=""/>
      <Column Name="WWGPA" Nullable="false" DataType="varchar" Size="18" NativeType="varchar" Description=""/>
      <Column Name="ABTNR" Nullable="false" DataType="varchar" Size="4" NativeType="varchar" Description=""/>
      <Column Name="BEGRU" Nullable="false" DataType="varchar" Size="4" NativeType="varchar" Description=""/>
      <Column Name="GEWEI" Nullable="false" DataType="varchar" Size="3" NativeType="varchar" Description=""/>
      <Column Name="J_1BNBM" Nullable="true" DataType="varchar" Size="16" NativeType="varchar" Description=""/>
      <Column Name="BKLAS" Nullable="true" DataType="varchar" Size="4" NativeType="varchar" Description=""/>
      <Column Name="EKWSL" Nullable="true" DataType="varchar" Size="4" NativeType="varchar" Description=""/>
      <Column Name="ANLKL" Nullable="true" DataType="varchar" Size="8" NativeType="varchar" Description=""/>
      <Column Name="DEF_SCHDSC" Nullable="true" DataType="varchar" Size="6" NativeType="varchar" Description=""/>
      <Column Name="PRICE_GROUP" Nullable="true" DataType="varchar" Size="6" NativeType="varchar" Description=""/>
      <PrimaryKey>
        <PrimaryKeyColumn>MANDT</PrimaryKeyColumn>
        <PrimaryKeyColumn>MATKL</PrimaryKeyColumn>
      </PrimaryKey>
    </Table>
  </MetadataObjects>
  <Status>
    <StatusCode>SUCCESS</StatusCode>
  </Status>
</MetadataReply>