<MetadataReply xmlns="http://www.sap.com/DataServices/DataServicesXSD">
  <ID>1075</ID>
  <MetadataObjects>
    <Table Name="T001W" Owner="" Description="">
      <Column Name="MANDT" Nullable="false" DataType="varchar" Size="3" NativeType="varchar" Description=""/>
      <Column Name="WERKS" Nullable="false" DataType="varchar" Size="4" NativeType="varchar" Description=""/>
      <Column Name="NAME1" Nullable="false" DataType="varchar" Size="30" NativeType="varchar" Description=""/>
      <Column Name="BWKEY" Nullable="false" DataType="varchar" Size="4" NativeType="varchar" Description=""/>
      <Column Name="KUNNR" Nullable="false" DataType="varchar" Size="10" NativeType="varchar" Description=""/>
      <Column Name="LIFNR" Nullable="false" DataType="varchar" Size="10" NativeType="varchar" Description=""/>
      <Column Name="FABKL" Nullable="true" DataType="varchar" Size="2" NativeType="varchar" Description=""/>
      <Column Name="NAME2" Nullable="true" DataType="varchar" Size="30" NativeType="varchar" Description=""/>
      <Column Name="STRAS" Nullable="true" DataType="varchar" Size="30" NativeType="varchar" Description=""/>
      <Column Name="PFACH" Nullable="true" DataType="varchar" Size="10" NativeType="varchar" Description=""/>
      <Column Name="PSTLZ" Nullable="true" DataType="varchar" Size="10" NativeType="varchar" Description=""/>
      <Column Name="ORT01" Nullable="true" DataType="varchar" Size="25" NativeType="varchar" Description=""/>
      <Column Name="EKORG" Nullable="true" DataType="varchar" Size="4" NativeType="varchar" Description=""/>
      <Column Name="VKORG" Nullable="true" DataType="varchar" Size="4" NativeType="varchar" Description=""/>
      <Column Name="CHAZV" Nullable="true" DataType="varchar" Size="1" NativeType="varchar" Description=""/>
      <Column Name="KKOWK" Nullable="true" DataType="varchar" Size="1" NativeType="varchar" Description=""/>
      <Column Name="KORDB" Nullable="true" DataType="varchar" Size="1" NativeType="varchar" Description=""/>
      <Column Name="BEDPL" Nullable="true" DataType="varchar" Size="1" NativeType="varchar" Description=""/>
      <Column Name="LAND1" Nullable="true" DataType="varchar" Size="3" NativeType="varchar" Description=""/>
      <Column Name="REGIO" Nullable="true" DataType="varchar" Size="3" NativeType="varchar" Description=""/>
      <Column Name="COUNC" Nullable="true" DataType="varchar" Size="3" NativeType="varchar" Description=""/>
      <Column Name="CITYC" Nullable="true" DataType="varchar" Size="4" NativeType="varchar" Description=""/>
      <Column Name="ADRNR" Nullable="true" DataType="varchar" Size="10" NativeType="varchar" Description=""/>
      <Column Name="IWERK" Nullable="true" DataType="varchar" Size="4" NativeType="varchar" Description=""/>
      <Column Name="TXJCD" Nullable="true" DataType="varchar" Size="15" NativeType="varchar" Description=""/>
      <Column Name="VTWEG" Nullable="true" DataType="varchar" Size="2" NativeType="varchar" Description=""/>
      <Column Name="SPART" Nullable="true" DataType="varchar" Size="2" NativeType="varchar" Description=""/>
      <Column Name="SPRAS" Nullable="true" DataType="varchar" Size="1" NativeType="varchar" Description=""/>
      <Column Name="WKSOP" Nullable="true" DataType="varchar" Size="1" NativeType="varchar" Description=""/>
      <Column Name="AWSLS" Nullable="true" DataType="varchar" Size="6" NativeType="varchar" Description=""/>
      <Column Name="CHAZV_OLD" Nullable="true" DataType="varchar" Size="1" NativeType="varchar" Description=""/>
      <Column Name="VLFKZ" Nullable="true" DataType="varchar" Size="1" NativeType="varchar" Description=""/>
      <Column Name="BZIRK" Nullable="true" DataType="varchar" Size="6" NativeType="varchar" Description=""/>
      <Column Name="ZONE1" Nullable="true" DataType="varchar" Size="10" NativeType="varchar" Description=""/>
      <Column Name="TAXIW" Nullable="true" DataType="varchar" Size="1" NativeType="varchar" Description=""/>
      <Column Name="BZQHL" Nullable="true" DataType="varchar" Size="1" NativeType="varchar" Description=""/>
      <Column Name="LET01" Nullable="true" DataType="decimal" Precision="3" Scale="0" NativeType="decimal" Description=""/>
      <Column Name="LET02" Nullable="true" DataType="decimal" Precision="3" Scale="0" NativeType="decimal" Description=""/>
      <Column Name="LET03" Nullable="true" DataType="decimal" Precision="3" Scale="0" NativeType="decimal" Description=""/>
      <Column Name="TXNAM_MA1" Nullable="true" DataType="varchar" Size="16" NativeType="varchar" Description=""/>
      <Column Name="TXNAM_MA2" Nullable="true" DataType="varchar" Size="16" NativeType="varchar" Description=""/>
      <Column Name="TXNAM_MA3" Nullable="true" DataType="varchar" Size="16" NativeType="varchar" Description=""/>
      <Column Name="BETOL" Nullable="true" DataType="numeric" Precision="3" Scale="0" NativeType="numeric" Description=""/>
      <Column Name="J_1BBRANCH" Nullable="true" DataType="varchar" Size="4" NativeType="varchar" Description=""/>
      <Column Name="VTBFI" Nullable="true" DataType="varchar" Size="2" NativeType="varchar" Description=""/>
      <Column Name="FPRFW" Nullable="true" DataType="varchar" Size="3" NativeType="varchar" Description=""/>
      <Column Name="ACHVM" Nullable="true" DataType="varchar" Size="1" NativeType="varchar" Description=""/>
      <Column Name="DVSART" Nullable="true" DataType="varchar" Size="1" NativeType="varchar" Description=""/>
      <Column Name="NODETYPE" Nullable="true" DataType="varchar" Size="3" NativeType="varchar" Description=""/>
      <Column Name="NSCHEMA" Nullable="true" DataType="varchar" Size="4" NativeType="varchar" Description=""/>
      <Column Name="PKOSA" Nullable="true" DataType="varchar" Size="1" NativeType="varchar" Description=""/>
      <Column Name="MISCH" Nullable="true" DataType="varchar" Size="1" NativeType="varchar" Description=""/>
      <Column Name="MGVUPD" Nullable="true" DataType="varchar" Size="1" NativeType="varchar" Description=""/>
      <Column Name="VSTEL" Nullable="true" DataType="varchar" Size="4" NativeType="varchar" Description=""/>
      <Column Name="MGVLAUPD" Nullable="true" DataType="varchar" Size="1" NativeType="varchar" Description=""/>
      <Column Name="SOURCING" Nullable="true" DataType="varchar" Size="1" NativeType="varchar" Description=""/>
      <Column Name="OILIVAL" Nullable="true" DataType="varchar" Size="1" NativeType="varchar" Description=""/>
      <Column Name="OIHVTYPE" Nullable="true" DataType="varchar" Size="1" NativeType="varchar" Description=""/>
      <Column Name="OIHCREDIPI" Nullable="true" DataType="varchar" Size="1" NativeType="varchar" Description=""/>
      <Column Name="STORETYPE" Nullable="true" DataType="varchar" Size="1" NativeType="varchar" Description=""/>
      <Column Name="DEP_STORE" Nullable="true" DataType="varchar" Size="4" NativeType="varchar" Description=""/>
      <PrimaryKey>
        <PrimaryKeyColumn>MANDT</PrimaryKeyColumn>
        <PrimaryKeyColumn>WERKS</PrimaryKeyColumn>
      </PrimaryKey>
    </Table>
  </MetadataObjects>
  <Status>
    <StatusCode>SUCCESS</StatusCode>
  </Status>
</MetadataReply>