<MetadataReply xmlns="http://www.sap.com/DataServices/DataServicesXSD">
  <ID>1078</ID>
  <MetadataObjects>
    <Table Name="TNTP" Owner="" Description="">
      <Column Name="MANDT" Nullable="false" DataType="varchar" Size="3" NativeType="varchar" Description=""/>
      <Column Name="NUMTP" Nullable="false" DataType="varchar" Size="2" NativeType="varchar" Description=""/>
      <Column Name="PRFZA" Nullable="false" DataType="varchar" Size="2" NativeType="varchar" Description=""/>
      <Column Name="NKOBJ" Nullable="false" DataType="varchar" Size="10" NativeType="varchar" Description=""/>
      <Column Name="NMKRS" Nullable="false" DataType="varchar" Size="2" NativeType="varchar" Description=""/>
      <Column Name="NMKRE" Nullable="false" DataType="varchar" Size="2" NativeType="varchar" Description=""/>
      <Column Name="PGEAN" Nullable="false" DataType="varchar" Size="2" NativeType="varchar" Description=""/>
      <Column Name="RZEAN" Nullable="false" DataType="varchar" Size="1" NativeType="varchar" Description=""/>
      <Column Name="ANEAN" Nullable="false" DataType="varchar" Size="1" NativeType="varchar" Description=""/>
      <Column Name="LNEAN" Nullable="true" DataType="numeric" Precision="2" Scale="0" NativeType="numeric" Description=""/>
      <PrimaryKey>
        <PrimaryKeyColumn>MANDT</PrimaryKeyColumn>
        <PrimaryKeyColumn>NUMTP</PrimaryKeyColumn>
      </PrimaryKey>
    </Table>
  </MetadataObjects>
  <Status>
    <StatusCode>SUCCESS</StatusCode>
  </Status>
</MetadataReply>