<MetadataReply xmlns="http://www.sap.com/DataServices/DataServicesXSD">
  <ID>1036</ID>
  <MetadataObjects>
    <Table Name="T056" Owner="" Description="">
      <Column Name="MANDT" Nullable="true" DataType="varchar" Size="3" NativeType="varchar" Description=""/>
      <Column Name="VZSKZ" Nullable="true" DataType="varchar" Size="2" NativeType="varchar" Description=""/>
      <Column Name="KENNZ" Nullable="true" DataType="varchar" Size="1" NativeType="varchar" Description=""/>
      <Column Name="VZSKZ_L" Nullable="true" DataType="varchar" Size="1" NativeType="varchar" Description=""/>
      <PrimaryKey>
        <PrimaryKeyColumn>MANDT</PrimaryKeyColumn>
        <PrimaryKeyColumn>VZSKZ</PrimaryKeyColumn>
      </PrimaryKey>
    </Table>
  </MetadataObjects>
  <Status>
    <StatusCode>SUCCESS</StatusCode>
  </Status>
</MetadataReply>