<MetadataReply xmlns="http://www.sap.com/DataServices/DataServicesXSD">
  <ID>1088</ID>
  <MetadataObjects>
    <Table Name="LFZA" Owner="" Description="">
      <Column Name="MANDT" Nullable="false" DataType="varchar" Size="3" NativeType="varchar" Description=""/>
      <Column Name="LIFNR" Nullable="false" DataType="varchar" Size="10" NativeType="varchar" Description=""/>
      <Column Name="BUKRS" Nullable="false" DataType="varchar" Size="4" NativeType="varchar" Description=""/>
      <Column Name="EMPFK" Nullable="false" DataType="varchar" Size="10" NativeType="varchar" Description=""/>
      <PrimaryKey>
        <PrimaryKeyColumn>MANDT</PrimaryKeyColumn>
        <PrimaryKeyColumn>LIFNR</PrimaryKeyColumn>
        <PrimaryKeyColumn>BUKRS</PrimaryKeyColumn>
        <PrimaryKeyColumn>EMPFK</PrimaryKeyColumn>
      </PrimaryKey>
    </Table>
  </MetadataObjects>
  <Status>
    <StatusCode>SUCCESS</StatusCode>
  </Status>
</MetadataReply>