<MetadataReply xmlns="http://www.sap.com/DataServices/DataServicesXSD">
  <ID>1173</ID>
  <MetadataObjects>
    <Table Name="T008" Owner="" Description="">
      <Column Name="MANDT" Nullable="false" DataType="varchar" Size="3" NativeType="varchar" Description=""/>
      <Column Name="ZAHLS" Nullable="false" DataType="varchar" Size="1" NativeType="varchar" Description=""/>
      <Column Name="CHAR1" Nullable="true" DataType="varchar" Size="1" NativeType="varchar" Description=""/>
      <Column Name="XOZSP" Nullable="true" DataType="varchar" Size="1" NativeType="varchar" Description=""/>
      <Column Name="XNCHG" Nullable="true" DataType="varchar" Size="1" NativeType="varchar" Description=""/>
      <PrimaryKey>
        <PrimaryKeyColumn>MANDT</PrimaryKeyColumn>
        <PrimaryKeyColumn>ZAHLS</PrimaryKeyColumn>
      </PrimaryKey>
    </Table>
  </MetadataObjects>
  <Status>
    <StatusCode>SUCCESS</StatusCode>
  </Status>
</MetadataReply>