<MetadataReply xmlns="http://www.sap.com/DataServices/DataServicesXSD">
  <ID>1145</ID>
  <MetadataObjects>
    <Table Name="T604" Owner="" Description="">
      <Column Name="MANDT" Nullable="false" DataType="varchar" Size="3" NativeType="varchar" Description=""/>
      <Column Name="LAND1" Nullable="false" DataType="varchar" Size="3" NativeType="varchar" Description=""/>
      <Column Name="STAWN" Nullable="false" DataType="varchar" Size="17" NativeType="varchar" Description=""/>
      <Column Name="BEMEH" Nullable="true" DataType="varchar" Size="3" NativeType="varchar" Description=""/>
      <Column Name="NIHON" Nullable="true" DataType="numeric" Precision="1" Scale="0" NativeType="numeric" Description=""/>
      <Column Name="IMPMA" Nullable="true" DataType="varchar" Size="3" NativeType="varchar" Description=""/>
      <Column Name="MINOL" Nullable="true" DataType="varchar" Size="1" NativeType="varchar" Description=""/>
      <PrimaryKey>
        <PrimaryKeyColumn>MANDT</PrimaryKeyColumn>
        <PrimaryKeyColumn>LAND1</PrimaryKeyColumn>
        <PrimaryKeyColumn>STAWN</PrimaryKeyColumn>
      </PrimaryKey>
    </Table>
  </MetadataObjects>
  <Status>
    <StatusCode>SUCCESS</StatusCode>
  </Status>
</MetadataReply>