<MetadataReply xmlns="http://www.sap.com/DataServices/DataServicesXSD">
  <ID>1176</ID>
  <MetadataObjects>
    <Table Name="T024" Owner="" Description="">
      <Column Name="MANDT" Nullable="false" DataType="varchar" Size="3" NativeType="varchar" Description=""/>
      <Column Name="EKGRP" Nullable="false" DataType="varchar" Size="3" NativeType="varchar" Description=""/>
      <Column Name="EKNAM" Nullable="true" DataType="varchar" Size="18" NativeType="varchar" Description=""/>
      <Column Name="EKTEL" Nullable="true" DataType="varchar" Size="12" NativeType="varchar" Description=""/>
      <Column Name="LDEST" Nullable="true" DataType="varchar" Size="4" NativeType="varchar" Description=""/>
      <Column Name="TELFX" Nullable="true" DataType="varchar" Size="31" NativeType="varchar" Description=""/>
      <Column Name="TEL_NUMBER" Nullable="false" DataType="varchar" Size="30" NativeType="varchar" Description=""/>
      <Column Name="TEL_EXTENS" Nullable="false" DataType="varchar" Size="10" NativeType="varchar" Description=""/>
      <Column Name="SMTP_ADDR" Nullable="false" DataType="varchar" Size="241" NativeType="varchar" Description=""/>
      <PrimaryKey>
        <PrimaryKeyColumn>MANDT</PrimaryKeyColumn>
        <PrimaryKeyColumn>EKGRP</PrimaryKeyColumn>
      </PrimaryKey>
    </Table>
  </MetadataObjects>
  <Status>
    <StatusCode>SUCCESS</StatusCode>
  </Status>
</MetadataReply>