<MetadataReply xmlns="http://www.sap.com/DataServices/DataServicesXSD">
  <ID>1044</ID>
  <MetadataObjects>
    <Table Name="TWBO1" Owner="" Description="">
      <Column Name="MANDT" Nullable="false" DataType="varchar" Size="3" NativeType="varchar" Description=""/>
      <Column Name="BOPNR" Nullable="false" DataType="varchar" Size="4" NativeType="varchar" Description=""/>
      <Column Name="BORESTRI" Nullable="false" DataType="varchar" Size="2" NativeType="varchar" Description=""/>
      <Column Name="BOTYPI" Nullable="false" DataType="varchar" Size="2" NativeType="varchar" Description=""/>
      <Column Name="BORESMNG" Nullable="true" DataType="decimal" Precision="13" Scale="0" NativeType="decimal" Description=""/>
      <Column Name="MEINS" Nullable="true" DataType="varchar" Size="3" NativeType="varchar" Description=""/>
      <Column Name="BORESVOL" Nullable="true" DataType="decimal" Precision="13" Scale="0" NativeType="decimal" Description=""/>
      <Column Name="VOLEH" Nullable="true" DataType="varchar" Size="3" NativeType="varchar" Description=""/>
      <Column Name="BORESWGT" Nullable="true" DataType="decimal" Precision="13" Scale="0" NativeType="decimal" Description=""/>
      <Column Name="GEWEI" Nullable="true" DataType="varchar" Size="3" NativeType="varchar" Description=""/>
      <Column Name="BORESVAL" Nullable="true" DataType="decimal" Precision="11" Scale="0" NativeType="decimal" Description=""/>
      <Column Name="WAERS" Nullable="true" DataType="varchar" Size="5" NativeType="varchar" Description=""/>
      <Column Name="KSCHL" Nullable="true" DataType="varchar" Size="4" NativeType="varchar" Description=""/>
      <Column Name="BOTOL" Nullable="true" DataType="decimal" Precision="4" Scale="0" NativeType="decimal" Description=""/>
      <Column Name="BORESPUN" Nullable="true" DataType="decimal" Precision="13" Scale="0" NativeType="decimal" Description=""/>
      <Column Name="PUNEI" Nullable="true" DataType="varchar" Size="3" NativeType="varchar" Description=""/>
      <PrimaryKey>
        <PrimaryKeyColumn>MANDT</PrimaryKeyColumn>
        <PrimaryKeyColumn>BOPNR</PrimaryKeyColumn>
        <PrimaryKeyColumn>BORESTRI</PrimaryKeyColumn>
        <PrimaryKeyColumn>BOTYPI</PrimaryKeyColumn>
      </PrimaryKey>
    </Table>
  </MetadataObjects>
  <Status>
    <StatusCode>SUCCESS</StatusCode>
  </Status>
</MetadataReply>