<MetadataReply xmlns="http://www.sap.com/DataServices/DataServicesXSD">
  <ID>1132</ID>
  <MetadataObjects>
    <Table Name="T047A" Owner="" Description="">
      <Column Name="MANDT" Nullable="true" DataType="varchar" Size="3" NativeType="varchar" Description=""/>
      <Column Name="MAHNA" Nullable="true" DataType="varchar" Size="4" NativeType="varchar" Description=""/>
      <Column Name="RHYTH" Nullable="true" DataType="numeric" Precision="3" Scale="0" NativeType="numeric" Description=""/>
      <Column Name="MIVRZ" Nullable="true" DataType="numeric" Precision="3" Scale="0" NativeType="numeric" Description=""/>
      <Column Name="KULEP" Nullable="true" DataType="numeric" Precision="3" Scale="0" NativeType="numeric" Description=""/>
      <Column Name="UMSKD" Nullable="true" DataType="varchar" Size="20" NativeType="varchar" Description=""/>
      <Column Name="UMSKK" Nullable="true" DataType="varchar" Size="20" NativeType="varchar" Description=""/>
      <Column Name="XNUMS" Nullable="true" DataType="varchar" Size="1" NativeType="varchar" Description=""/>
      <Column Name="VZSKZ" Nullable="true" DataType="varchar" Size="2" NativeType="varchar" Description=""/>
      <Column Name="MAHNR" Nullable="true" DataType="varchar" Size="4" NativeType="varchar" Description=""/>
      <Column Name="MAHNS" Nullable="true" DataType="numeric" Precision="1" Scale="0" NativeType="numeric" Description=""/>
      <Column Name="KALID" Nullable="true" DataType="varchar" Size="2" NativeType="varchar" Description=""/>
      <Column Name="XMGER" Nullable="true" DataType="varchar" Size="1" NativeType="varchar" Description=""/>
      <PrimaryKey>
        <PrimaryKeyColumn>MANDT</PrimaryKeyColumn>
        <PrimaryKeyColumn>MAHNA</PrimaryKeyColumn>
      </PrimaryKey>
    </Table>
  </MetadataObjects>
  <Status>
    <StatusCode>SUCCESS</StatusCode>
  </Status>
</MetadataReply>