<MetadataReply xmlns="http://www.sap.com/DataServices/DataServicesXSD">
  <ID>1166</ID>
  <MetadataObjects>
    <Table Name="T163L" Owner="" Description="">
      <Column Name="MANDT" Nullable="false" DataType="varchar" Size="3" NativeType="varchar" Description=""/>
      <Column Name="BSTAE" Nullable="false" DataType="varchar" Size="4" NativeType="varchar" Description=""/>
      <Column Name="AAGEN" Nullable="true" DataType="varchar" Size="1" NativeType="varchar" Description=""/>
      <Column Name="PODREL" Nullable="true" DataType="varchar" Size="1" NativeType="varchar" Description=""/>
      <Column Name="QTYDH" Nullable="true" DataType="varchar" Size="8" NativeType="varchar" Description=""/>
      <Column Name="IDT_TRACK_IND" Nullable="true" DataType="varchar" Size="1" NativeType="varchar" Description=""/>
      <Column Name="COMPL_COMPL_IND" Nullable="true" DataType="varchar" Size="1" NativeType="varchar" Description=""/>
      <Column Name="ASN_INBOUND_AUTO" Nullable="true" DataType="varchar" Size="1" NativeType="varchar" Description=""/>
      <PrimaryKey>
        <PrimaryKeyColumn>MANDT</PrimaryKeyColumn>
        <PrimaryKeyColumn>BSTAE</PrimaryKeyColumn>
      </PrimaryKey>
    </Table>
  </MetadataObjects>
  <Status>
    <StatusCode>SUCCESS</StatusCode>
  </Status>
</MetadataReply>