<MetadataReply xmlns="http://www.sap.com/DataServices/DataServicesXSD">
  <ID>1169</ID>
  <MetadataObjects>
    <Table Name="T077K" Owner="" Description="">
      <Column Name="MANDT" Nullable="false" DataType="varchar" Size="3" NativeType="varchar" Description=""/>
      <Column Name="KTOKK" Nullable="false" DataType="varchar" Size="4" NativeType="varchar" Description=""/>
      <Column Name="FAUSA" Nullable="false" DataType="varchar" Size="40" NativeType="varchar" Description=""/>
      <Column Name="FAUSF" Nullable="false" DataType="varchar" Size="40" NativeType="varchar" Description=""/>
      <Column Name="FAUSM" Nullable="false" DataType="varchar" Size="40" NativeType="varchar" Description=""/>
      <Column Name="NUMKR" Nullable="false" DataType="varchar" Size="2" NativeType="varchar" Description=""/>
      <Column Name="XCPDS" Nullable="false" DataType="varchar" Size="1" NativeType="varchar" Description=""/>
      <Column Name="FAUS1" Nullable="false" DataType="varchar" Size="40" NativeType="varchar" Description=""/>
      <Column Name="FAUSW" Nullable="false" DataType="varchar" Size="40" NativeType="varchar" Description=""/>
      <Column Name="FAUST" Nullable="false" DataType="varchar" Size="40" NativeType="varchar" Description=""/>
      <Column Name="LTSNA" Nullable="false" DataType="varchar" Size="1" NativeType="varchar" Description=""/>
      <Column Name="WERKR" Nullable="false" DataType="varchar" Size="1" NativeType="varchar" Description=""/>
      <Column Name="PARGE" Nullable="false" DataType="varchar" Size="4" NativeType="varchar" Description=""/>
      <Column Name="PARGT" Nullable="false" DataType="varchar" Size="4" NativeType="varchar" Description=""/>
      <Column Name="PARGW" Nullable="false" DataType="varchar" Size="4" NativeType="varchar" Description=""/>
      <Column Name="DURAS" Nullable="false" DataType="varchar" Size="1" NativeType="varchar" Description=""/>
      <Column Name="KTOKD" Nullable="false" DataType="varchar" Size="4" NativeType="varchar" Description=""/>
      <Column Name="FAUSG" Nullable="false" DataType="varchar" Size="40" NativeType="varchar" Description=""/>
      <Column Name="FAUSN" Nullable="true" DataType="varchar" Size="40" NativeType="varchar" Description=""/>
      <Column Name="FAUSX" Nullable="true" DataType="varchar" Size="40" NativeType="varchar" Description=""/>
      <Column Name="FAUSU" Nullable="true" DataType="varchar" Size="40" NativeType="varchar" Description=""/>
      <Column Name="FAUS2" Nullable="true" DataType="varchar" Size="40" NativeType="varchar" Description=""/>
      <PrimaryKey>
        <PrimaryKeyColumn>MANDT</PrimaryKeyColumn>
        <PrimaryKeyColumn>KTOKK</PrimaryKeyColumn>
      </PrimaryKey>
    </Table>
  </MetadataObjects>
  <Status>
    <StatusCode>SUCCESS</StatusCode>
  </Status>
</MetadataReply>