<MetadataReply xmlns="http://www.sap.com/DataServices/DataServicesXSD">
  <ID>1227</ID>
  <MetadataObjects>
    <Table Name="KNEX" Owner="" Description="">
      <Column Name="MANDT" Nullable="false" DataType="varchar" Size="3" NativeType="varchar" Description=""/>
      <Column Name="KUNNR" Nullable="false" DataType="varchar" Size="10" NativeType="varchar" Description=""/>
      <Column Name="LNDEX" Nullable="false" DataType="varchar" Size="3" NativeType="varchar" Description=""/>
      <Column Name="TDOCO" Nullable="false" DataType="varchar" Size="1" NativeType="varchar" Description=""/>
      <Column Name="TDODA" Nullable="false" DataType="date" NativeType="date" Description=""/>
      <Column Name="SDNCO" Nullable="false" DataType="varchar" Size="1" NativeType="varchar" Description=""/>
      <Column Name="SDNDA" Nullable="false" DataType="date" NativeType="date" Description=""/>
      <Column Name="DHRCO" Nullable="false" DataType="varchar" Size="1" NativeType="varchar" Description=""/>
      <Column Name="DHRDA" Nullable="false" DataType="date" NativeType="date" Description=""/>
      <Column Name="BL1CO" Nullable="false" DataType="varchar" Size="1" NativeType="varchar" Description=""/>
      <Column Name="BL1DA" Nullable="false" DataType="date" NativeType="date" Description=""/>
      <Column Name="BL2CO" Nullable="false" DataType="varchar" Size="1" NativeType="varchar" Description=""/>
      <Column Name="BL2DA" Nullable="false" DataType="date" NativeType="date" Description=""/>
      <Column Name="SLSCO" Nullable="true" DataType="varchar" Size="1" NativeType="varchar" Description=""/>
      <Column Name="SLDCK" Nullable="true" DataType="date" NativeType="date" Description=""/>
      <Column Name="SLDST" Nullable="true" DataType="date" NativeType="date" Description=""/>
      <Column Name="SLDEN" Nullable="true" DataType="date" NativeType="date" Description=""/>
      <Column Name="TDOST" Nullable="true" DataType="date" NativeType="date" Description=""/>
      <Column Name="TDOEN" Nullable="true" DataType="date" NativeType="date" Description=""/>
      <Column Name="SDNST" Nullable="true" DataType="date" NativeType="date" Description=""/>
      <Column Name="SDNEN" Nullable="true" DataType="date" NativeType="date" Description=""/>
      <Column Name="DHRST" Nullable="true" DataType="date" NativeType="date" Description=""/>
      <Column Name="DHREN" Nullable="true" DataType="date" NativeType="date" Description=""/>
      <Column Name="BL1ST" Nullable="true" DataType="date" NativeType="date" Description=""/>
      <Column Name="BL1EN" Nullable="true" DataType="date" NativeType="date" Description=""/>
      <Column Name="BL2ST" Nullable="true" DataType="date" NativeType="date" Description=""/>
      <Column Name="BL2EN" Nullable="true" DataType="date" NativeType="date" Description=""/>
      <PrimaryKey>
        <PrimaryKeyColumn>MANDT</PrimaryKeyColumn>
        <PrimaryKeyColumn>KUNNR</PrimaryKeyColumn>
        <PrimaryKeyColumn>LNDEX</PrimaryKeyColumn>
      </PrimaryKey>
    </Table>
  </MetadataObjects>
  <Status>
    <StatusCode>SUCCESS</StatusCode>
  </Status>
</MetadataReply>