<MetadataReply xmlns="http://www.sap.com/DataServices/DataServicesXSD">
  <ID>1064</ID>
  <MetadataObjects>
    <Table Name="H_TVBVK" Owner="" Description="">
      <Column Name="MANDT" Nullable="true" DataType="varchar" Size="3" NativeType="varchar" Description=""/>
      <Column Name="VKBUR" Nullable="true" DataType="varchar" Size="4" NativeType="varchar" Description=""/>
      <Column Name="VKGRP" Nullable="true" DataType="varchar" Size="3" NativeType="varchar" Description=""/>
      <Column Name="BEZEI" Nullable="true" DataType="varchar" Size="20" NativeType="varchar" Description=""/>
      <PrimaryKey>
        <PrimaryKeyColumn>MANDT</PrimaryKeyColumn>
        <PrimaryKeyColumn>VKBUR</PrimaryKeyColumn>
        <PrimaryKeyColumn>VKGRP</PrimaryKeyColumn>
      </PrimaryKey>
    </Table>
  </MetadataObjects>
  <Status>
    <StatusCode>SUCCESS</StatusCode>
  </Status>
</MetadataReply>