<MetadataReply xmlns="http://www.sap.com/DataServices/DataServicesXSD">
  <ID>1201</ID>
  <MetadataObjects>
    <Table Name="TVPV" Owner="" Description="">
      <Column Name="MANDT" Nullable="false" DataType="varchar" Size="3" NativeType="varchar" Description=""/>
      <Column Name="PARVO" Nullable="false" DataType="varchar" Size="1" NativeType="varchar" Description=""/>
      <Column Name="BU_PAAUTH" Nullable="true" DataType="varchar" Size="1" NativeType="varchar" Description=""/>
      <PrimaryKey>
        <PrimaryKeyColumn>MANDT</PrimaryKeyColumn>
        <PrimaryKeyColumn>PARVO</PrimaryKeyColumn>
      </PrimaryKey>
    </Table>
  </MetadataObjects>
  <Status>
    <StatusCode>SUCCESS</StatusCode>
  </Status>
</MetadataReply>