<MetadataReply xmlns="http://www.sap.com/DataServices/DataServicesXSD">
  <ID>1130</ID>
  <MetadataObjects>
    <Table Name="WYT3" Owner="" Description="">
      <Column Name="MANDT" Nullable="false" DataType="varchar" Size="3" NativeType="varchar" Description=""/>
      <Column Name="LIFNR" Nullable="false" DataType="varchar" Size="10" NativeType="varchar" Description=""/>
      <Column Name="EKORG" Nullable="false" DataType="varchar" Size="4" NativeType="varchar" Description=""/>
      <Column Name="LTSNR" Nullable="false" DataType="varchar" Size="6" NativeType="varchar" Description=""/>
      <Column Name="WERKS" Nullable="false" DataType="varchar" Size="4" NativeType="varchar" Description=""/>
      <Column Name="PARVW" Nullable="false" DataType="varchar" Size="2" NativeType="varchar" Description=""/>
      <Column Name="PARZA" Nullable="false" DataType="numeric" Precision="3" Scale="0" NativeType="numeric" Description=""/>
      <Column Name="ERNAM" Nullable="true" DataType="varchar" Size="12" NativeType="varchar" Description=""/>
      <Column Name="ERDAT" Nullable="true" DataType="date" NativeType="date" Description=""/>
      <Column Name="LIFN2" Nullable="true" DataType="varchar" Size="10" NativeType="varchar" Description=""/>
      <Column Name="DEFPA" Nullable="true" DataType="varchar" Size="1" NativeType="varchar" Description=""/>
      <Column Name="PERNR" Nullable="true" DataType="numeric" Precision="8" Scale="0" NativeType="numeric" Description=""/>
      <Column Name="PARNR" Nullable="true" DataType="numeric" Precision="10" Scale="0" NativeType="numeric" Description=""/>
      <PrimaryKey>
        <PrimaryKeyColumn>MANDT</PrimaryKeyColumn>
        <PrimaryKeyColumn>LIFNR</PrimaryKeyColumn>
        <PrimaryKeyColumn>EKORG</PrimaryKeyColumn>
        <PrimaryKeyColumn>LTSNR</PrimaryKeyColumn>
        <PrimaryKeyColumn>WERKS</PrimaryKeyColumn>
        <PrimaryKeyColumn>PARVW</PrimaryKeyColumn>
        <PrimaryKeyColumn>PARZA</PrimaryKeyColumn>
      </PrimaryKey>
    </Table>
  </MetadataObjects>
  <Status>
    <StatusCode>SUCCESS</StatusCode>
  </Status>
</MetadataReply>