<MetadataReply xmlns="http://www.sap.com/DataServices/DataServicesXSD">
  <ID>1217</ID>
  <MetadataObjects>
    <Table Name="TMVF" Owner="" Description="">
      <Column Name="MANDT" Nullable="false" DataType="varchar" Size="3" NativeType="varchar" Description=""/>
      <Column Name="MTVFP" Nullable="false" DataType="varchar" Size="2" NativeType="varchar" Description=""/>
      <Column Name="SUMAU" Nullable="false" DataType="varchar" Size="1" NativeType="varchar" Description=""/>
      <Column Name="SUMLF" Nullable="false" DataType="varchar" Size="1" NativeType="varchar" Description=""/>
      <Column Name="SWBZT" Nullable="false" DataType="decimal" Precision="3" Scale="0" NativeType="decimal" Description=""/>
      <Column Name="ACENQ" Nullable="false" DataType="varchar" Size="1" NativeType="varchar" Description=""/>
      <Column Name="VERPN" Nullable="false" DataType="varchar" Size="1" NativeType="varchar" Description=""/>
      <Column Name="ONVBA" Nullable="false" DataType="numeric" Precision="1" Scale="0" NativeType="numeric" Description=""/>
      <Column Name="RELRE" Nullable="false" DataType="numeric" Precision="1" Scale="0" NativeType="numeric" Description=""/>
      <Column Name="KZRVP" Nullable="true" DataType="varchar" Size="1" NativeType="varchar" Description=""/>
      <PrimaryKey>
        <PrimaryKeyColumn>MANDT</PrimaryKeyColumn>
        <PrimaryKeyColumn>MTVFP</PrimaryKeyColumn>
      </PrimaryKey>
    </Table>
  </MetadataObjects>
  <Status>
    <StatusCode>SUCCESS</StatusCode>
  </Status>
</MetadataReply>