<MetadataReply xmlns="http://www.sap.com/DataServices/DataServicesXSD">
  <ID>1098</ID>
  <MetadataObjects>
    <Table Name="TVTWT" Owner="" Description="">
      <Column Name="MANDT" Nullable="false" DataType="varchar" Size="3" NativeType="varchar" Description=""/>
      <Column Name="SPRAS" Nullable="false" DataType="varchar" Size="1" NativeType="varchar" Description=""/>
      <Column Name="VTWEG" Nullable="false" DataType="varchar" Size="2" NativeType="varchar" Description=""/>
      <Column Name="VTEXT" Nullable="true" DataType="varchar" Size="20" NativeType="varchar" Description=""/>
      <PrimaryKey>
        <PrimaryKeyColumn>MANDT</PrimaryKeyColumn>
        <PrimaryKeyColumn>SPRAS</PrimaryKeyColumn>
        <PrimaryKeyColumn>VTWEG</PrimaryKeyColumn>
      </PrimaryKey>
    </Table>
  </MetadataObjects>
  <Status>
    <StatusCode>SUCCESS</StatusCode>
  </Status>
</MetadataReply>