<MetadataReply xmlns="http://www.sap.com/DataServices/DataServicesXSD">
  <ID>1149</ID>
  <MetadataObjects>
    <Table Name="LFA1" Owner="" Description="">
      <Column Name="MANDT" Nullable="false" DataType="varchar" Size="3" NativeType="varchar" Description=""/>
      <Column Name="LIFNR" Nullable="false" DataType="varchar" Size="10" NativeType="varchar" Description=""/>
      <Column Name="LAND1" Nullable="true" DataType="varchar" Size="3" NativeType="varchar" Description=""/>
      <Column Name="NAME1" Nullable="true" DataType="varchar" Size="35" NativeType="varchar" Description=""/>
      <Column Name="NAME2" Nullable="true" DataType="varchar" Size="35" NativeType="varchar" Description=""/>
      <Column Name="NAME3" Nullable="true" DataType="varchar" Size="35" NativeType="varchar" Description=""/>
      <Column Name="NAME4" Nullable="true" DataType="varchar" Size="35" NativeType="varchar" Description=""/>
      <Column Name="ORT01" Nullable="true" DataType="varchar" Size="35" NativeType="varchar" Description=""/>
      <Column Name="ORT02" Nullable="true" DataType="varchar" Size="35" NativeType="varchar" Description=""/>
      <Column Name="PFACH" Nullable="true" DataType="varchar" Size="10" NativeType="varchar" Description=""/>
      <Column Name="PSTL2" Nullable="true" DataType="varchar" Size="10" NativeType="varchar" Description=""/>
      <Column Name="PSTLZ" Nullable="true" DataType="varchar" Size="10" NativeType="varchar" Description=""/>
      <Column Name="REGIO" Nullable="true" DataType="varchar" Size="3" NativeType="varchar" Description=""/>
      <Column Name="SORTL" Nullable="true" DataType="varchar" Size="10" NativeType="varchar" Description=""/>
      <Column Name="STRAS" Nullable="true" DataType="varchar" Size="35" NativeType="varchar" Description=""/>
      <Column Name="ADRNR" Nullable="true" DataType="varchar" Size="10" NativeType="varchar" Description=""/>
      <Column Name="MCOD1" Nullable="true" DataType="varchar" Size="25" NativeType="varchar" Description=""/>
      <Column Name="MCOD2" Nullable="true" DataType="varchar" Size="25" NativeType="varchar" Description=""/>
      <Column Name="MCOD3" Nullable="true" DataType="varchar" Size="25" NativeType="varchar" Description=""/>
      <Column Name="ANRED" Nullable="true" DataType="varchar" Size="15" NativeType="varchar" Description=""/>
      <Column Name="BAHNS" Nullable="true" DataType="varchar" Size="25" NativeType="varchar" Description=""/>
      <Column Name="BBBNR" Nullable="true" DataType="numeric" Precision="7" Scale="0" NativeType="numeric" Description=""/>
      <Column Name="BBSNR" Nullable="true" DataType="numeric" Precision="5" Scale="0" NativeType="numeric" Description=""/>
      <Column Name="BEGRU" Nullable="true" DataType="varchar" Size="4" NativeType="varchar" Description=""/>
      <Column Name="BRSCH" Nullable="true" DataType="varchar" Size="4" NativeType="varchar" Description=""/>
      <Column Name="BUBKZ" Nullable="true" DataType="numeric" Precision="1" Scale="0" NativeType="numeric" Description=""/>
      <Column Name="DATLT" Nullable="true" DataType="varchar" Size="14" NativeType="varchar" Description=""/>
      <Column Name="DTAMS" Nullable="true" DataType="varchar" Size="1" NativeType="varchar" Description=""/>
      <Column Name="DTAWS" Nullable="true" DataType="varchar" Size="2" NativeType="varchar" Description=""/>
      <Column Name="ERDAT" Nullable="true" DataType="date" NativeType="date" Description=""/>
      <Column Name="ERNAM" Nullable="true" DataType="varchar" Size="12" NativeType="varchar" Description=""/>
      <Column Name="ESRNR" Nullable="true" DataType="varchar" Size="11" NativeType="varchar" Description=""/>
      <Column Name="KONZS" Nullable="true" DataType="varchar" Size="10" NativeType="varchar" Description=""/>
      <Column Name="KTOKK" Nullable="true" DataType="varchar" Size="4" NativeType="varchar" Description=""/>
      <Column Name="KUNNR" Nullable="true" DataType="varchar" Size="10" NativeType="varchar" Description=""/>
      <Column Name="LNRZA" Nullable="true" DataType="varchar" Size="10" NativeType="varchar" Description=""/>
      <Column Name="LOEVM" Nullable="true" DataType="varchar" Size="1" NativeType="varchar" Description=""/>
      <Column Name="SPERR" Nullable="true" DataType="varchar" Size="1" NativeType="varchar" Description=""/>
      <Column Name="SPERM" Nullable="true" DataType="varchar" Size="1" NativeType="varchar" Description=""/>
      <Column Name="SPRAS" Nullable="true" DataType="varchar" Size="1" NativeType="varchar" Description=""/>
      <Column Name="STCD1" Nullable="true" DataType="varchar" Size="16" NativeType="varchar" Description=""/>
      <Column Name="STCD2" Nullable="true" DataType="varchar" Size="11" NativeType="varchar" Description=""/>
      <Column Name="STKZA" Nullable="true" DataType="varchar" Size="1" NativeType="varchar" Description=""/>
      <Column Name="STKZU" Nullable="true" DataType="varchar" Size="1" NativeType="varchar" Description=""/>
      <Column Name="TELBX" Nullable="true" DataType="varchar" Size="15" NativeType="varchar" Description=""/>
      <Column Name="TELF1" Nullable="true" DataType="varchar" Size="16" NativeType="varchar" Description=""/>
      <Column Name="TELF2" Nullable="true" DataType="varchar" Size="16" NativeType="varchar" Description=""/>
      <Column Name="TELFX" Nullable="true" DataType="varchar" Size="31" NativeType="varchar" Description=""/>
      <Column Name="TELTX" Nullable="true" DataType="varchar" Size="30" NativeType="varchar" Description=""/>
      <Column Name="TELX1" Nullable="true" DataType="varchar" Size="30" NativeType="varchar" Description=""/>
      <Column Name="XCPDK" Nullable="true" DataType="varchar" Size="1" NativeType="varchar" Description=""/>
      <Column Name="XZEMP" Nullable="true" DataType="varchar" Size="1" NativeType="varchar" Description=""/>
      <Column Name="VBUND" Nullable="true" DataType="varchar" Size="6" NativeType="varchar" Description=""/>
      <Column Name="FISKN" Nullable="true" DataType="varchar" Size="10" NativeType="varchar" Description=""/>
      <Column Name="STCEG" Nullable="true" DataType="varchar" Size="20" NativeType="varchar" Description=""/>
      <Column Name="STKZN" Nullable="true" DataType="varchar" Size="1" NativeType="varchar" Description=""/>
      <Column Name="SPERQ" Nullable="true" DataType="varchar" Size="2" NativeType="varchar" Description=""/>
      <Column Name="GBORT" Nullable="true" DataType="varchar" Size="25" NativeType="varchar" Description=""/>
      <Column Name="GBDAT" Nullable="true" DataType="date" NativeType="date" Description=""/>
      <Column Name="SEXKZ" Nullable="true" DataType="varchar" Size="1" NativeType="varchar" Description=""/>
      <Column Name="KRAUS" Nullable="true" DataType="varchar" Size="11" NativeType="varchar" Description=""/>
      <Column Name="REVDB" Nullable="true" DataType="date" NativeType="date" Description=""/>
      <Column Name="QSSYS" Nullable="true" DataType="varchar" Size="4" NativeType="varchar" Description=""/>
      <Column Name="KTOCK" Nullable="true" DataType="varchar" Size="4" NativeType="varchar" Description=""/>
      <Column Name="PFORT" Nullable="true" DataType="varchar" Size="35" NativeType="varchar" Description=""/>
      <Column Name="WERKS" Nullable="true" DataType="varchar" Size="4" NativeType="varchar" Description=""/>
      <Column Name="LTSNA" Nullable="true" DataType="varchar" Size="1" NativeType="varchar" Description=""/>
      <Column Name="WERKR" Nullable="true" DataType="varchar" Size="1" NativeType="varchar" Description=""/>
      <Column Name="PLKAL" Nullable="true" DataType="varchar" Size="2" NativeType="varchar" Description=""/>
      <Column Name="DUEFL" Nullable="true" DataType="varchar" Size="1" NativeType="varchar" Description=""/>
      <Column Name="TXJCD" Nullable="true" DataType="varchar" Size="15" NativeType="varchar" Description=""/>
      <Column Name="SPERZ" Nullable="true" DataType="varchar" Size="1" NativeType="varchar" Description=""/>
      <Column Name="SCACD" Nullable="true" DataType="varchar" Size="4" NativeType="varchar" Description=""/>
      <Column Name="SFRGR" Nullable="true" DataType="varchar" Size="4" NativeType="varchar" Description=""/>
      <Column Name="LZONE" Nullable="true" DataType="varchar" Size="10" NativeType="varchar" Description=""/>
      <Column Name="XLFZA" Nullable="true" DataType="varchar" Size="1" NativeType="varchar" Description=""/>
      <Column Name="DLGRP" Nullable="true" DataType="varchar" Size="4" NativeType="varchar" Description=""/>
      <Column Name="FITYP" Nullable="true" DataType="varchar" Size="2" NativeType="varchar" Description=""/>
      <Column Name="STCDT" Nullable="true" DataType="varchar" Size="2" NativeType="varchar" Description=""/>
      <Column Name="REGSS" Nullable="true" DataType="varchar" Size="1" NativeType="varchar" Description=""/>
      <Column Name="ACTSS" Nullable="true" DataType="varchar" Size="3" NativeType="varchar" Description=""/>
      <Column Name="STCD3" Nullable="true" DataType="varchar" Size="18" NativeType="varchar" Description=""/>
      <Column Name="STCD4" Nullable="true" DataType="varchar" Size="18" NativeType="varchar" Description=""/>
      <Column Name="IPISP" Nullable="true" DataType="varchar" Size="1" NativeType="varchar" Description=""/>
      <Column Name="TAXBS" Nullable="true" DataType="numeric" Precision="1" Scale="0" NativeType="numeric" Description=""/>
      <Column Name="PROFS" Nullable="true" DataType="varchar" Size="30" NativeType="varchar" Description=""/>
      <Column Name="STGDL" Nullable="true" DataType="varchar" Size="2" NativeType="varchar" Description=""/>
      <Column Name="EMNFR" Nullable="true" DataType="varchar" Size="10" NativeType="varchar" Description=""/>
      <Column Name="LFURL" Nullable="true" DataType="varchar" Size="132" NativeType="varchar" Description=""/>
      <Column Name="J_1KFREPRE" Nullable="true" DataType="varchar" Size="10" NativeType="varchar" Description=""/>
      <Column Name="J_1KFTBUS" Nullable="true" DataType="varchar" Size="30" NativeType="varchar" Description=""/>
      <Column Name="J_1KFTIND" Nullable="true" DataType="varchar" Size="30" NativeType="varchar" Description=""/>
      <Column Name="CONFS" Nullable="false" DataType="varchar" Size="1" NativeType="varchar" Description=""/>
      <Column Name="UPDAT" Nullable="true" DataType="date" NativeType="date" Description=""/>
      <Column Name="UPTIM" Nullable="true" DataType="time" NativeType="time" Description=""/>
      <Column Name="NODEL" Nullable="false" DataType="varchar" Size="1" NativeType="varchar" Description=""/>
      <Column Name="QSSYSDAT" Nullable="true" DataType="date" NativeType="date" Description=""/>
      <Column Name="PODKZB" Nullable="true" DataType="varchar" Size="1" NativeType="varchar" Description=""/>
      <Column Name="FISKU" Nullable="true" DataType="varchar" Size="10" NativeType="varchar" Description=""/>
      <Column Name="STENR" Nullable="true" DataType="varchar" Size="18" NativeType="varchar" Description=""/>
      <Column Name="CARRIER_CONF" Nullable="true" DataType="varchar" Size="1" NativeType="varchar" Description=""/>
      <Column Name="J_SC_CAPITAL" Nullable="true" DataType="decimal" Precision="15" Scale="0" NativeType="decimal" Description=""/>
      <Column Name="J_SC_CURRENCY" Nullable="true" DataType="varchar" Size="5" NativeType="varchar" Description=""/>
      <Column Name="ALC" Nullable="true" DataType="varchar" Size="8" NativeType="varchar" Description=""/>
      <Column Name="PMT_OFFICE" Nullable="true" DataType="varchar" Size="5" NativeType="varchar" Description=""/>
      <Column Name="PSOFG" Nullable="true" DataType="varchar" Size="10" NativeType="varchar" Description=""/>
      <Column Name="PSOIS" Nullable="true" DataType="varchar" Size="20" NativeType="varchar" Description=""/>
      <Column Name="PSON1" Nullable="true" DataType="varchar" Size="35" NativeType="varchar" Description=""/>
      <Column Name="PSON2" Nullable="true" DataType="varchar" Size="35" NativeType="varchar" Description=""/>
      <Column Name="PSON3" Nullable="true" DataType="varchar" Size="35" NativeType="varchar" Description=""/>
      <Column Name="PSOVN" Nullable="true" DataType="varchar" Size="35" NativeType="varchar" Description=""/>
      <Column Name="PSOTL" Nullable="true" DataType="varchar" Size="20" NativeType="varchar" Description=""/>
      <Column Name="PSOHS" Nullable="true" DataType="varchar" Size="6" NativeType="varchar" Description=""/>
      <Column Name="PSOST" Nullable="true" DataType="varchar" Size="28" NativeType="varchar" Description=""/>
      <Column Name="TRANSPORT_CHAIN" Nullable="true" DataType="varchar" Size="10" NativeType="varchar" Description=""/>
      <Column Name="STAGING_TIME" Nullable="true" DataType="decimal" Precision="3" Scale="0" NativeType="decimal" Description=""/>
      <Column Name="SCHEDULING_TYPE" Nullable="true" DataType="varchar" Size="1" NativeType="varchar" Description=""/>
      <Column Name="SUBMI_RELEVANT" Nullable="true" DataType="varchar" Size="1" NativeType="varchar" Description=""/>
      <PrimaryKey>
        <PrimaryKeyColumn>MANDT</PrimaryKeyColumn>
        <PrimaryKeyColumn>LIFNR</PrimaryKeyColumn>
      </PrimaryKey>
    </Table>
  </MetadataObjects>
  <Status>
    <StatusCode>SUCCESS</StatusCode>
  </Status>
</MetadataReply>