<MetadataReply xmlns="http://www.sap.com/DataServices/DataServicesXSD">
  <ID>1102</ID>
  <MetadataObjects>
    <Table Name="H_TCA01" Owner="" Description="">
      <Column Name="MANDT" Nullable="true" DataType="varchar" Size="3" NativeType="varchar" Description=""/>
      <Column Name="PLNTY" Nullable="true" DataType="varchar" Size="1" NativeType="varchar" Description=""/>
      <Column Name="TXT" Nullable="true" DataType="varchar" Size="30" NativeType="varchar" Description=""/>
      <PrimaryKey>
        <PrimaryKeyColumn>MANDT</PrimaryKeyColumn>
        <PrimaryKeyColumn>PLNTY</PrimaryKeyColumn>
      </PrimaryKey>
    </Table>
  </MetadataObjects>
  <Status>
    <StatusCode>SUCCESS</StatusCode>
  </Status>
</MetadataReply>