<MetadataReply xmlns="http://www.sap.com/DataServices/DataServicesXSD">
  <ID>1080</ID>
  <MetadataObjects>
    <Table Name="T307" Owner="" Description="">
      <Column Name="MANDT" Nullable="false" DataType="varchar" Size="3" NativeType="varchar" Description=""/>
      <Column Name="LGNUM" Nullable="false" DataType="varchar" Size="3" NativeType="varchar" Description=""/>
      <Column Name="LETYP" Nullable="false" DataType="varchar" Size="3" NativeType="varchar" Description=""/>
      <Column Name="KKAPV" Nullable="false" DataType="decimal" Precision="11" Scale="0" NativeType="decimal" Description=""/>
      <Column Name="METYP" Nullable="true" DataType="varchar" Size="1" NativeType="varchar" Description=""/>
      <PrimaryKey>
        <PrimaryKeyColumn>MANDT</PrimaryKeyColumn>
        <PrimaryKeyColumn>LGNUM</PrimaryKeyColumn>
        <PrimaryKeyColumn>LETYP</PrimaryKeyColumn>
      </PrimaryKey>
    </Table>
  </MetadataObjects>
  <Status>
    <StatusCode>SUCCESS</StatusCode>
  </Status>
</MetadataReply>