<MetadataReply xmlns="http://www.sap.com/DataServices/DataServicesXSD">
  <ID>1233</ID>
  <MetadataObjects>
    <Table Name="TCURC" Owner="" Description="">
      <Column Name="MANDT" Nullable="false" DataType="varchar" Size="3" NativeType="varchar" Description=""/>
      <Column Name="WAERS" Nullable="false" DataType="varchar" Size="5" NativeType="varchar" Description=""/>
      <Column Name="ISOCD" Nullable="true" DataType="varchar" Size="3" NativeType="varchar" Description=""/>
      <Column Name="ALTWR" Nullable="true" DataType="varchar" Size="3" NativeType="varchar" Description=""/>
      <Column Name="GDATU" Nullable="true" DataType="date" NativeType="date" Description=""/>
      <Column Name="XPRIMARY" Nullable="true" DataType="varchar" Size="1" NativeType="varchar" Description=""/>
      <PrimaryKey>
        <PrimaryKeyColumn>MANDT</PrimaryKeyColumn>
        <PrimaryKeyColumn>WAERS</PrimaryKeyColumn>
      </PrimaryKey>
    </Table>
  </MetadataObjects>
  <Status>
    <StatusCode>SUCCESS</StatusCode>
  </Status>
</MetadataReply>