<MetadataReply xmlns="http://www.sap.com/DataServices/DataServicesXSD">
  <ID>1027</ID>
  <MetadataObjects>
    <Table Name="BNKA" Owner="" Description="">
      <Column Name="MANDT" Nullable="false" DataType="varchar" Size="3" NativeType="varchar" Description=""/>
      <Column Name="BANKS" Nullable="false" DataType="varchar" Size="3" NativeType="varchar" Description=""/>
      <Column Name="BANKL" Nullable="false" DataType="varchar" Size="15" NativeType="varchar" Description=""/>
      <Column Name="ERDAT" Nullable="true" DataType="date" NativeType="date" Description=""/>
      <Column Name="ERNAM" Nullable="true" DataType="varchar" Size="12" NativeType="varchar" Description=""/>
      <Column Name="BANKA" Nullable="true" DataType="varchar" Size="60" NativeType="varchar" Description=""/>
      <Column Name="PROVZ" Nullable="true" DataType="varchar" Size="3" NativeType="varchar" Description=""/>
      <Column Name="STRAS" Nullable="true" DataType="varchar" Size="35" NativeType="varchar" Description=""/>
      <Column Name="ORT01" Nullable="true" DataType="varchar" Size="35" NativeType="varchar" Description=""/>
      <Column Name="SWIFT" Nullable="true" DataType="varchar" Size="11" NativeType="varchar" Description=""/>
      <Column Name="BGRUP" Nullable="true" DataType="varchar" Size="2" NativeType="varchar" Description=""/>
      <Column Name="XPGRO" Nullable="true" DataType="varchar" Size="1" NativeType="varchar" Description=""/>
      <Column Name="LOEVM" Nullable="true" DataType="varchar" Size="1" NativeType="varchar" Description=""/>
      <Column Name="BNKLZ" Nullable="true" DataType="varchar" Size="15" NativeType="varchar" Description=""/>
      <Column Name="PSKTO" Nullable="true" DataType="varchar" Size="16" NativeType="varchar" Description=""/>
      <Column Name="ADRNR" Nullable="true" DataType="varchar" Size="10" NativeType="varchar" Description=""/>
      <Column Name="BRNCH" Nullable="true" DataType="varchar" Size="40" NativeType="varchar" Description=""/>
      <Column Name="CHKME" Nullable="true" DataType="varchar" Size="4" NativeType="varchar" Description=""/>
      <Column Name="VERS" Nullable="true" DataType="varchar" Size="3" NativeType="varchar" Description=""/>
      <Column Name="BICKY" Nullable="true" DataType="varchar" Size="12" NativeType="varchar" Description=""/>
      <Column Name="RCCODE" Nullable="true" DataType="varchar" Size="15" NativeType="varchar" Description=""/>
      <PrimaryKey>
        <PrimaryKeyColumn>MANDT</PrimaryKeyColumn>
        <PrimaryKeyColumn>BANKS</PrimaryKeyColumn>
        <PrimaryKeyColumn>BANKL</PrimaryKeyColumn>
      </PrimaryKey>
    </Table>
  </MetadataObjects>
  <Status>
    <StatusCode>SUCCESS</StatusCode>
  </Status>
</MetadataReply>