<MetadataReply xmlns="http://www.sap.com/DataServices/DataServicesXSD">
  <ID>1038</ID>
  <MetadataObjects>
    <Table Name="TIBAN" Owner="" Description="">
      <Column Name="MANDT" Nullable="false" DataType="varchar" Size="3" NativeType="varchar" Description=""/>
      <Column Name="BANKS" Nullable="false" DataType="varchar" Size="3" NativeType="varchar" Description=""/>
      <Column Name="BANKL" Nullable="false" DataType="varchar" Size="15" NativeType="varchar" Description=""/>
      <Column Name="BANKN" Nullable="false" DataType="varchar" Size="35" NativeType="varchar" Description=""/>
      <Column Name="BKONT" Nullable="false" DataType="varchar" Size="2" NativeType="varchar" Description=""/>
      <Column Name="IBAN" Nullable="true" DataType="varchar" Size="34" NativeType="varchar" Description=""/>
      <Column Name="VALID_FROM" Nullable="true" DataType="date" NativeType="date" Description=""/>
      <Column Name="ERNAM" Nullable="true" DataType="varchar" Size="12" NativeType="varchar" Description=""/>
      <Column Name="ERDAT" Nullable="true" DataType="date" NativeType="date" Description=""/>
      <Column Name="TABNAME" Nullable="true" DataType="varchar" Size="16" NativeType="varchar" Description=""/>
      <Column Name="TABKEY" Nullable="true" DataType="varchar" Size="24" NativeType="varchar" Description=""/>
      <PrimaryKey>
        <PrimaryKeyColumn>MANDT</PrimaryKeyColumn>
        <PrimaryKeyColumn>BANKS</PrimaryKeyColumn>
        <PrimaryKeyColumn>BANKL</PrimaryKeyColumn>
        <PrimaryKeyColumn>BANKN</PrimaryKeyColumn>
        <PrimaryKeyColumn>BKONT</PrimaryKeyColumn>
      </PrimaryKey>
    </Table>
  </MetadataObjects>
  <Status>
    <StatusCode>SUCCESS</StatusCode>
  </Status>
</MetadataReply>