<MetadataReply xmlns="http://www.sap.com/DataServices/DataServicesXSD">
  <ID>1041</ID>
  <MetadataObjects>
    <Table Name="TMFG" Owner="" Description="">
      <Column Name="MANDT" Nullable="false" DataType="varchar" Size="3" NativeType="varchar" Description=""/>
      <Column Name="MFRGR" Nullable="false" DataType="varchar" Size="8" NativeType="varchar" Description=""/>
      <PrimaryKey>
        <PrimaryKeyColumn>MANDT</PrimaryKeyColumn>
        <PrimaryKeyColumn>MFRGR</PrimaryKeyColumn>
      </PrimaryKey>
    </Table>
  </MetadataObjects>
  <Status>
    <StatusCode>SUCCESS</StatusCode>
  </Status>
</MetadataReply>