<MetadataReply xmlns="http://www.sap.com/DataServices/DataServicesXSD">
  <ID>1091</ID>
  <MetadataObjects>
    <Table Name="T012" Owner="" Description="">
      <Column Name="MANDT" Nullable="false" DataType="varchar" Size="3" NativeType="varchar" Description=""/>
      <Column Name="BUKRS" Nullable="false" DataType="varchar" Size="4" NativeType="varchar" Description=""/>
      <Column Name="HBKID" Nullable="false" DataType="varchar" Size="5" NativeType="varchar" Description=""/>
      <Column Name="BANKS" Nullable="true" DataType="varchar" Size="3" NativeType="varchar" Description=""/>
      <Column Name="BANKL" Nullable="true" DataType="varchar" Size="15" NativeType="varchar" Description=""/>
      <Column Name="TELF1" Nullable="true" DataType="varchar" Size="16" NativeType="varchar" Description=""/>
      <Column Name="STCD1" Nullable="true" DataType="varchar" Size="16" NativeType="varchar" Description=""/>
      <Column Name="NAME1" Nullable="true" DataType="varchar" Size="30" NativeType="varchar" Description=""/>
      <Column Name="SPRAS" Nullable="true" DataType="varchar" Size="1" NativeType="varchar" Description=""/>
      <Column Name="BUPLA" Nullable="true" DataType="varchar" Size="4" NativeType="varchar" Description=""/>
      <Column Name="VPAST" Nullable="true" DataType="varchar" Size="1" NativeType="varchar" Description=""/>
      <PrimaryKey>
        <PrimaryKeyColumn>MANDT</PrimaryKeyColumn>
        <PrimaryKeyColumn>BUKRS</PrimaryKeyColumn>
        <PrimaryKeyColumn>HBKID</PrimaryKeyColumn>
      </PrimaryKey>
    </Table>
  </MetadataObjects>
  <Status>
    <StatusCode>SUCCESS</StatusCode>
  </Status>
</MetadataReply>