<MetadataReply xmlns="http://www.sap.com/DataServices/DataServicesXSD">
  <ID>1079</ID>
  <MetadataObjects>
    <Table Name="T300" Owner="" Description="">
      <Column Name="MANDT" Nullable="false" DataType="varchar" Size="3" NativeType="varchar" Description=""/>
      <Column Name="LGNUM" Nullable="false" DataType="varchar" Size="3" NativeType="varchar" Description=""/>
      <Column Name="REGKZ" Nullable="true" DataType="varchar" Size="3" NativeType="varchar" Description=""/>
      <PrimaryKey>
        <PrimaryKeyColumn>MANDT</PrimaryKeyColumn>
        <PrimaryKeyColumn>LGNUM</PrimaryKeyColumn>
      </PrimaryKey>
    </Table>
  </MetadataObjects>
  <Status>
    <StatusCode>SUCCESS</StatusCode>
  </Status>
</MetadataReply>