<MetadataReply xmlns="http://www.sap.com/DataServices/DataServicesXSD">
  <ID>1123</ID>
  <MetadataObjects>
    <Table Name="T015W" Owner="" Description="">
      <Column Name="MANDT" Nullable="false" DataType="varchar" Size="3" NativeType="varchar" Description=""/>
      <Column Name="BANKS" Nullable="false" DataType="varchar" Size="3" NativeType="varchar" Description=""/>
      <Column Name="ZLSCH" Nullable="false" DataType="varchar" Size="1" NativeType="varchar" Description=""/>
      <Column Name="DTAWS" Nullable="false" DataType="varchar" Size="2" NativeType="varchar" Description=""/>
      <Column Name="DTWS1" Nullable="true" DataType="numeric" Precision="2" Scale="0" NativeType="numeric" Description=""/>
      <Column Name="DTWS2" Nullable="true" DataType="numeric" Precision="2" Scale="0" NativeType="numeric" Description=""/>
      <Column Name="DTWS3" Nullable="true" DataType="numeric" Precision="2" Scale="0" NativeType="numeric" Description=""/>
      <Column Name="DTWS4" Nullable="true" DataType="numeric" Precision="2" Scale="0" NativeType="numeric" Description=""/>
      <Column Name="DTZUS" Nullable="true" DataType="varchar" Size="25" NativeType="varchar" Description=""/>
      <Column Name="DTKVS" Nullable="true" DataType="numeric" Precision="2" Scale="0" NativeType="numeric" Description=""/>
      <Column Name="DTKZA" Nullable="true" DataType="numeric" Precision="2" Scale="0" NativeType="numeric" Description=""/>
      <Column Name="EDIZA" Nullable="true" DataType="varchar" Size="3" NativeType="varchar" Description=""/>
      <Column Name="EDIME" Nullable="true" DataType="varchar" Size="3" NativeType="varchar" Description=""/>
      <Column Name="DTWSC" Nullable="true" DataType="varchar" Size="5" NativeType="varchar" Description=""/>
      <PrimaryKey>
        <PrimaryKeyColumn>MANDT</PrimaryKeyColumn>
        <PrimaryKeyColumn>BANKS</PrimaryKeyColumn>
        <PrimaryKeyColumn>ZLSCH</PrimaryKeyColumn>
        <PrimaryKeyColumn>DTAWS</PrimaryKeyColumn>
      </PrimaryKey>
    </Table>
  </MetadataObjects>
  <Status>
    <StatusCode>SUCCESS</StatusCode>
  </Status>
</MetadataReply>