<MetadataReply xmlns="http://www.sap.com/DataServices/DataServicesXSD">
  <ID>1087</ID>
  <MetadataObjects>
    <Table Name="TVKO" Owner="" Description="">
      <Column Name="MANDT" Nullable="false" DataType="varchar" Size="3" NativeType="varchar" Description=""/>
      <Column Name="VKORG" Nullable="false" DataType="varchar" Size="4" NativeType="varchar" Description=""/>
      <Column Name="WAERS" Nullable="true" DataType="varchar" Size="5" NativeType="varchar" Description=""/>
      <Column Name="BUKRS" Nullable="true" DataType="varchar" Size="4" NativeType="varchar" Description=""/>
      <Column Name="ADRNR" Nullable="true" DataType="varchar" Size="10" NativeType="varchar" Description=""/>
      <Column Name="TXNAM_ADR" Nullable="true" DataType="varchar" Size="16" NativeType="varchar" Description=""/>
      <Column Name="TXNAM_KOP" Nullable="true" DataType="varchar" Size="16" NativeType="varchar" Description=""/>
      <Column Name="TXNAM_FUS" Nullable="true" DataType="varchar" Size="16" NativeType="varchar" Description=""/>
      <Column Name="TXNAM_GRU" Nullable="true" DataType="varchar" Size="16" NativeType="varchar" Description=""/>
      <Column Name="VKOAU" Nullable="true" DataType="varchar" Size="4" NativeType="varchar" Description=""/>
      <Column Name="KUNNR" Nullable="true" DataType="varchar" Size="10" NativeType="varchar" Description=""/>
      <Column Name="BOAVO" Nullable="true" DataType="varchar" Size="1" NativeType="varchar" Description=""/>
      <Column Name="VKOKL" Nullable="true" DataType="varchar" Size="2" NativeType="varchar" Description=""/>
      <Column Name="EKORG" Nullable="true" DataType="varchar" Size="4" NativeType="varchar" Description=""/>
      <Column Name="EKGRP" Nullable="true" DataType="varchar" Size="3" NativeType="varchar" Description=""/>
      <Column Name="LIFNR" Nullable="true" DataType="varchar" Size="10" NativeType="varchar" Description=""/>
      <Column Name="WERKS" Nullable="true" DataType="varchar" Size="4" NativeType="varchar" Description=""/>
      <Column Name="BSART" Nullable="true" DataType="varchar" Size="4" NativeType="varchar" Description=""/>
      <Column Name="BSTYP" Nullable="true" DataType="varchar" Size="1" NativeType="varchar" Description=""/>
      <Column Name="BWART" Nullable="true" DataType="varchar" Size="3" NativeType="varchar" Description=""/>
      <Column Name="LGORT" Nullable="true" DataType="varchar" Size="4" NativeType="varchar" Description=""/>
      <Column Name="TXNAM_SDB" Nullable="true" DataType="varchar" Size="16" NativeType="varchar" Description=""/>
      <Column Name="MWSKZ" Nullable="true" DataType="varchar" Size="2" NativeType="varchar" Description=""/>
      <Column Name="XSTCEG" Nullable="true" DataType="varchar" Size="1" NativeType="varchar" Description=""/>
      <Column Name="J_1ANUTIME" Nullable="true" DataType="varchar" Size="1" NativeType="varchar" Description=""/>
      <Column Name="MAXBI" Nullable="true" DataType="numeric" Precision="3" Scale="0" NativeType="numeric" Description=""/>
      <Column Name="PLAUFZ" Nullable="true" DataType="numeric" Precision="3" Scale="0" NativeType="numeric" Description=""/>
      <Column Name="PLAUEZ" Nullable="true" DataType="varchar" Size="1" NativeType="varchar" Description=""/>
      <PrimaryKey>
        <PrimaryKeyColumn>MANDT</PrimaryKeyColumn>
        <PrimaryKeyColumn>VKORG</PrimaryKeyColumn>
      </PrimaryKey>
    </Table>
  </MetadataObjects>
  <Status>
    <StatusCode>SUCCESS</StatusCode>
  </Status>
</MetadataReply>