<MetadataReply xmlns="http://www.sap.com/DataServices/DataServicesXSD">
  <ID>1108</ID>
  <MetadataObjects>
    <Table Name="T043G" Owner="" Description="">
      <Column Name="MANDT" Nullable="true" DataType="varchar" Size="3" NativeType="varchar" Description=""/>
      <Column Name="BUKRS" Nullable="true" DataType="varchar" Size="4" NativeType="varchar" Description=""/>
      <Column Name="TOGRU" Nullable="true" DataType="varchar" Size="4" NativeType="varchar" Description=""/>
      <Column Name="BETRS" Nullable="true" DataType="decimal" Precision="7" Scale="0" NativeType="decimal" Description=""/>
      <Column Name="BETRH" Nullable="true" DataType="decimal" Precision="7" Scale="0" NativeType="decimal" Description=""/>
      <Column Name="PROZS" Nullable="true" DataType="decimal" Precision="3" Scale="0" NativeType="decimal" Description=""/>
      <Column Name="PROZH" Nullable="true" DataType="decimal" Precision="3" Scale="0" NativeType="decimal" Description=""/>
      <Column Name="SKNTS" Nullable="true" DataType="decimal" Precision="7" Scale="0" NativeType="decimal" Description=""/>
      <Column Name="SKNTH" Nullable="true" DataType="decimal" Precision="7" Scale="0" NativeType="decimal" Description=""/>
      <Column Name="TOLER" Nullable="true" DataType="numeric" Precision="2" Scale="0" NativeType="numeric" Description=""/>
      <Column Name="SKTRE" Nullable="true" DataType="varchar" Size="1" NativeType="varchar" Description=""/>
      <Column Name="XKONR" Nullable="true" DataType="varchar" Size="1" NativeType="varchar" Description=""/>
      <Column Name="ZTERM" Nullable="true" DataType="varchar" Size="4" NativeType="varchar" Description=""/>
      <Column Name="XSKAN" Nullable="true" DataType="varchar" Size="1" NativeType="varchar" Description=""/>
      <Column Name="MSLRP" Nullable="true" DataType="varchar" Size="1" NativeType="varchar" Description=""/>
      <Column Name="PRAVS" Nullable="true" DataType="decimal" Precision="3" Scale="0" NativeType="decimal" Description=""/>
      <Column Name="PRAVH" Nullable="true" DataType="decimal" Precision="3" Scale="0" NativeType="decimal" Description=""/>
      <Column Name="BEAVS" Nullable="true" DataType="decimal" Precision="7" Scale="0" NativeType="decimal" Description=""/>
      <Column Name="BEAVH" Nullable="true" DataType="decimal" Precision="7" Scale="0" NativeType="decimal" Description=""/>
      <Column Name="VRZDE" Nullable="true" DataType="varchar" Size="1" NativeType="varchar" Description=""/>
      <Column Name="BEADS" Nullable="true" DataType="decimal" Precision="7" Scale="0" NativeType="decimal" Description=""/>
      <Column Name="BEADH" Nullable="true" DataType="decimal" Precision="7" Scale="0" NativeType="decimal" Description=""/>
      <Column Name="PRADS" Nullable="true" DataType="decimal" Precision="3" Scale="0" NativeType="decimal" Description=""/>
      <Column Name="PRADH" Nullable="true" DataType="decimal" Precision="3" Scale="0" NativeType="decimal" Description=""/>
      <PrimaryKey>
        <PrimaryKeyColumn>MANDT</PrimaryKeyColumn>
        <PrimaryKeyColumn>BUKRS</PrimaryKeyColumn>
        <PrimaryKeyColumn>TOGRU</PrimaryKeyColumn>
      </PrimaryKey>
    </Table>
  </MetadataObjects>
  <Status>
    <StatusCode>SUCCESS</StatusCode>
  </Status>
</MetadataReply>