<MetadataReply xmlns="http://www.sap.com/DataServices/DataServicesXSD">
  <ID>1621</ID>
  <MetadataObjects>
    <Table Name="TSAD3T" Owner="" Description="Titles (Texts) (Business Address Services)">
      <Attributes>
        <Attribute Name="SAP_Table_Class" Value="1"/>
        <Attribute Name="SAP_Table_Class_Name" Value="transparent"/>
        <Attribute Name="sap_row_size" Value="38"/>
        <Attribute Name="sap_table_type" Value="Transparent Table"/>
      </Attributes>
      <Column Name="CLIENT" Nullable="false" DataType="varchar" Size="3" NativeType="varchar" Description="Client"/>
      <Column Name="LANGU" Nullable="false" DataType="varchar" Size="1" NativeType="varchar" Description="Language Key"/>
      <Column Name="TITLE" Nullable="false" DataType="varchar" Size="4" NativeType="varchar" Description="Form-of-Address Key">
        <Attributes>
          <Attribute Name="Content_Type" Value="TITLE"/>
        </Attributes>
      </Column>
      <Column Name="TITLE_MEDI" Nullable="false" DataType="varchar" Size="30" NativeType="varchar" Description="Title text"/>
      <PrimaryKey>
        <PrimaryKeyColumn>CLIENT</PrimaryKeyColumn>
        <PrimaryKeyColumn>LANGU</PrimaryKeyColumn>
        <PrimaryKeyColumn>TITLE</PrimaryKeyColumn>
      </PrimaryKey>
      <TableIndex Name="PRIMARY" isPrimary="true" Unique="true">
        <IndexColumn Name="CLIENT"/>
        <IndexColumn Name="LANGU"/>
        <IndexColumn Name="TITLE"/>
      </TableIndex>
      <ForeignKey Name="ACTA_FK_1" ReferredTableKey="" ReferredTable="T002" ReferredTableOwner="">
        <PKFKColumn Column="LANGU" ReferredColumn="SPRAS"/>
      </ForeignKey>
      <ForeignKey Name="ACTA_FK_0" ReferredTableKey="" ReferredTable="T000" ReferredTableOwner="-1">
        <PKFKColumn Column="CLIENT" ReferredColumn="MANDT"/>
      </ForeignKey>
      <ForeignKey Name="ACTA_FK_2" ReferredTableKey="" ReferredTable="TSAD3" ReferredTableOwner="-1">
        <PKFKColumn Column="CLIENT" ReferredColumn="CLIENT"/>
        <PKFKColumn Column="TITLE" ReferredColumn="TITLE"/>
      </ForeignKey>
    </Table>
  </MetadataObjects>
  <Status>
    <StatusCode>SUCCESS</StatusCode>
  </Status>
</MetadataReply>