<MetadataReply xmlns="http://www.sap.com/DataServices/DataServicesXSD">
  <ID>1096</ID>
  <MetadataObjects>
    <Table Name="TPFK" Owner="" Description="">
      <Column Name="MANDT" Nullable="false" DataType="varchar" Size="3" NativeType="varchar" Description=""/>
      <Column Name="PAFKT" Nullable="false" DataType="varchar" Size="2" NativeType="varchar" Description=""/>
      <Column Name="BU_PAFKT" Nullable="true" DataType="varchar" Size="4" NativeType="varchar" Description=""/>
      <PrimaryKey>
        <PrimaryKeyColumn>MANDT</PrimaryKeyColumn>
        <PrimaryKeyColumn>PAFKT</PrimaryKeyColumn>
      </PrimaryKey>
    </Table>
  </MetadataObjects>
  <Status>
    <StatusCode>SUCCESS</StatusCode>
  </Status>
</MetadataReply>