<MetadataReply xmlns="http://www.sap.com/DataServices/DataServicesXSD">
  <ID>1037</ID>
  <MetadataObjects>
    <Table Name="T352B" Owner="" Description="">
      <Column Name="MANDT" Nullable="false" DataType="varchar" Size="3" NativeType="varchar" Description=""/>
      <Column Name="RBNR" Nullable="false" DataType="varchar" Size="9" NativeType="varchar" Description=""/>
      <Column Name="FEGRP" Nullable="false" DataType="varchar" Size="8" NativeType="varchar" Description=""/>
      <Column Name="URGRP" Nullable="false" DataType="varchar" Size="8" NativeType="varchar" Description=""/>
      <Column Name="MAGRP" Nullable="false" DataType="varchar" Size="8" NativeType="varchar" Description=""/>
      <Column Name="MFGRP" Nullable="false" DataType="varchar" Size="8" NativeType="varchar" Description=""/>
      <Column Name="OTGRP" Nullable="false" DataType="varchar" Size="8" NativeType="varchar" Description=""/>
      <Column Name="FRKLS" Nullable="false" DataType="varchar" Size="18" NativeType="varchar" Description=""/>
      <Column Name="FRKLSKZ" Nullable="true" DataType="varchar" Size="1" NativeType="varchar" Description=""/>
      <Column Name="QMTYP" Nullable="false" DataType="varchar" Size="2" NativeType="varchar" Description=""/>
      <Column Name="UNITFLBEW" Nullable="false" DataType="varchar" Size="3" NativeType="varchar" Description=""/>
      <Column Name="DECIMALS" Nullable="false" DataType="int" NativeType="int" Description=""/>
      <Column Name="MSGTP" Nullable="false" DataType="varchar" Size="1" NativeType="varchar" Description=""/>
      <PrimaryKey>
        <PrimaryKeyColumn>MANDT</PrimaryKeyColumn>
        <PrimaryKeyColumn>RBNR</PrimaryKeyColumn>
      </PrimaryKey>
    </Table>
  </MetadataObjects>
  <Status>
    <StatusCode>SUCCESS</StatusCode>
  </Status>
</MetadataReply>