<MetadataReply xmlns="http://www.sap.com/DataServices/DataServicesXSD">
  <ID>1066</ID>
  <MetadataObjects>
    <Table Name="TKKH1" Owner="" Description="">
      <Column Name="MANDT" Nullable="false" DataType="varchar" Size="3" NativeType="varchar" Description=""/>
      <Column Name="KOKRS" Nullable="false" DataType="varchar" Size="4" NativeType="varchar" Description=""/>
      <Column Name="KOATY" Nullable="false" DataType="varchar" Size="2" NativeType="varchar" Description=""/>
      <Column Name="HRKFT" Nullable="false" DataType="varchar" Size="4" NativeType="varchar" Description=""/>
      <PrimaryKey>
        <PrimaryKeyColumn>MANDT</PrimaryKeyColumn>
        <PrimaryKeyColumn>KOKRS</PrimaryKeyColumn>
        <PrimaryKeyColumn>KOATY</PrimaryKeyColumn>
        <PrimaryKeyColumn>HRKFT</PrimaryKeyColumn>
      </PrimaryKey>
    </Table>
  </MetadataObjects>
  <Status>
    <StatusCode>SUCCESS</StatusCode>
  </Status>
</MetadataReply>