<MetadataReply xmlns="http://www.sap.com/DataServices/DataServicesXSD">
  <ID>1086</ID>
  <MetadataObjects>
    <Table Name="T001L" Owner="" Description="">
      <Column Name="MANDT" Nullable="false" DataType="varchar" Size="3" NativeType="varchar" Description=""/>
      <Column Name="WERKS" Nullable="false" DataType="varchar" Size="4" NativeType="varchar" Description=""/>
      <Column Name="LGORT" Nullable="false" DataType="varchar" Size="4" NativeType="varchar" Description=""/>
      <Column Name="LGOBE" Nullable="false" DataType="varchar" Size="16" NativeType="varchar" Description=""/>
      <Column Name="SPART" Nullable="false" DataType="varchar" Size="2" NativeType="varchar" Description=""/>
      <Column Name="XLONG" Nullable="false" DataType="varchar" Size="1" NativeType="varchar" Description=""/>
      <Column Name="XBUFX" Nullable="false" DataType="varchar" Size="1" NativeType="varchar" Description=""/>
      <Column Name="DISKZ" Nullable="false" DataType="varchar" Size="1" NativeType="varchar" Description=""/>
      <Column Name="XBLGO" Nullable="true" DataType="varchar" Size="1" NativeType="varchar" Description=""/>
      <Column Name="XRESS" Nullable="true" DataType="varchar" Size="1" NativeType="varchar" Description=""/>
      <Column Name="XHUPF" Nullable="true" DataType="varchar" Size="1" NativeType="varchar" Description=""/>
      <Column Name="PARLG" Nullable="true" DataType="varchar" Size="4" NativeType="varchar" Description=""/>
      <Column Name="VKORG" Nullable="true" DataType="varchar" Size="4" NativeType="varchar" Description=""/>
      <Column Name="VTWEG" Nullable="true" DataType="varchar" Size="2" NativeType="varchar" Description=""/>
      <Column Name="VSTEL" Nullable="true" DataType="varchar" Size="4" NativeType="varchar" Description=""/>
      <Column Name="LIFNR" Nullable="true" DataType="varchar" Size="10" NativeType="varchar" Description=""/>
      <Column Name="KUNNR" Nullable="true" DataType="varchar" Size="10" NativeType="varchar" Description=""/>
      <Column Name="OIH_LICNO" Nullable="true" DataType="varchar" Size="15" NativeType="varchar" Description=""/>
      <Column Name="OIG_ITRFL" Nullable="true" DataType="varchar" Size="1" NativeType="varchar" Description=""/>
      <Column Name="OIB_TNKASSIGN" Nullable="true" DataType="varchar" Size="1" NativeType="varchar" Description=""/>
      <PrimaryKey>
        <PrimaryKeyColumn>MANDT</PrimaryKeyColumn>
        <PrimaryKeyColumn>WERKS</PrimaryKeyColumn>
        <PrimaryKeyColumn>LGORT</PrimaryKeyColumn>
      </PrimaryKey>
    </Table>
  </MetadataObjects>
  <Status>
    <StatusCode>SUCCESS</StatusCode>
  </Status>
</MetadataReply>