<MetadataReply xmlns="http://www.sap.com/DataServices/DataServicesXSD">
  <ID>1150</ID>
  <MetadataObjects>
    <Table Name="LFB1" Owner="" Description="">
      <Column Name="MANDT" Nullable="false" DataType="varchar" Size="3" NativeType="varchar" Description=""/>
      <Column Name="LIFNR" Nullable="false" DataType="varchar" Size="10" NativeType="varchar" Description=""/>
      <Column Name="BUKRS" Nullable="false" DataType="varchar" Size="4" NativeType="varchar" Description=""/>
      <Column Name="PERNR" Nullable="true" DataType="numeric" Precision="8" Scale="0" NativeType="numeric" Description=""/>
      <Column Name="ERDAT" Nullable="true" DataType="date" NativeType="date" Description=""/>
      <Column Name="ERNAM" Nullable="true" DataType="varchar" Size="12" NativeType="varchar" Description=""/>
      <Column Name="SPERR" Nullable="true" DataType="varchar" Size="1" NativeType="varchar" Description=""/>
      <Column Name="LOEVM" Nullable="true" DataType="varchar" Size="1" NativeType="varchar" Description=""/>
      <Column Name="ZUAWA" Nullable="true" DataType="varchar" Size="3" NativeType="varchar" Description=""/>
      <Column Name="AKONT" Nullable="true" DataType="varchar" Size="10" NativeType="varchar" Description=""/>
      <Column Name="BEGRU" Nullable="true" DataType="varchar" Size="4" NativeType="varchar" Description=""/>
      <Column Name="VZSKZ" Nullable="true" DataType="varchar" Size="2" NativeType="varchar" Description=""/>
      <Column Name="ZWELS" Nullable="true" DataType="varchar" Size="10" NativeType="varchar" Description=""/>
      <Column Name="XVERR" Nullable="true" DataType="varchar" Size="1" NativeType="varchar" Description=""/>
      <Column Name="ZAHLS" Nullable="true" DataType="varchar" Size="1" NativeType="varchar" Description=""/>
      <Column Name="ZTERM" Nullable="true" DataType="varchar" Size="4" NativeType="varchar" Description=""/>
      <Column Name="EIKTO" Nullable="true" DataType="varchar" Size="12" NativeType="varchar" Description=""/>
      <Column Name="ZSABE" Nullable="true" DataType="varchar" Size="15" NativeType="varchar" Description=""/>
      <Column Name="KVERM" Nullable="true" DataType="varchar" Size="30" NativeType="varchar" Description=""/>
      <Column Name="FDGRV" Nullable="true" DataType="varchar" Size="10" NativeType="varchar" Description=""/>
      <Column Name="BUSAB" Nullable="true" DataType="varchar" Size="2" NativeType="varchar" Description=""/>
      <Column Name="LNRZE" Nullable="true" DataType="varchar" Size="10" NativeType="varchar" Description=""/>
      <Column Name="LNRZB" Nullable="true" DataType="varchar" Size="10" NativeType="varchar" Description=""/>
      <Column Name="ZINDT" Nullable="true" DataType="date" NativeType="date" Description=""/>
      <Column Name="ZINRT" Nullable="true" DataType="numeric" Precision="2" Scale="0" NativeType="numeric" Description=""/>
      <Column Name="DATLZ" Nullable="true" DataType="date" NativeType="date" Description=""/>
      <Column Name="XDEZV" Nullable="true" DataType="varchar" Size="1" NativeType="varchar" Description=""/>
      <Column Name="WEBTR" Nullable="true" DataType="decimal" Precision="13" Scale="0" NativeType="decimal" Description=""/>
      <Column Name="KULTG" Nullable="true" DataType="decimal" Precision="3" Scale="0" NativeType="decimal" Description=""/>
      <Column Name="REPRF" Nullable="true" DataType="varchar" Size="1" NativeType="varchar" Description=""/>
      <Column Name="TOGRU" Nullable="true" DataType="varchar" Size="4" NativeType="varchar" Description=""/>
      <Column Name="HBKID" Nullable="true" DataType="varchar" Size="5" NativeType="varchar" Description=""/>
      <Column Name="XPORE" Nullable="true" DataType="varchar" Size="1" NativeType="varchar" Description=""/>
      <Column Name="QSZNR" Nullable="true" DataType="varchar" Size="10" NativeType="varchar" Description=""/>
      <Column Name="QSZDT" Nullable="true" DataType="date" NativeType="date" Description=""/>
      <Column Name="QSSKZ" Nullable="true" DataType="varchar" Size="2" NativeType="varchar" Description=""/>
      <Column Name="BLNKZ" Nullable="true" DataType="varchar" Size="2" NativeType="varchar" Description=""/>
      <Column Name="MINDK" Nullable="true" DataType="varchar" Size="3" NativeType="varchar" Description=""/>
      <Column Name="ALTKN" Nullable="true" DataType="varchar" Size="10" NativeType="varchar" Description=""/>
      <Column Name="ZGRUP" Nullable="true" DataType="varchar" Size="2" NativeType="varchar" Description=""/>
      <Column Name="MGRUP" Nullable="true" DataType="varchar" Size="2" NativeType="varchar" Description=""/>
      <Column Name="UZAWE" Nullable="true" DataType="varchar" Size="2" NativeType="varchar" Description=""/>
      <Column Name="QSREC" Nullable="true" DataType="varchar" Size="2" NativeType="varchar" Description=""/>
      <Column Name="QSBGR" Nullable="true" DataType="varchar" Size="1" NativeType="varchar" Description=""/>
      <Column Name="QLAND" Nullable="true" DataType="varchar" Size="3" NativeType="varchar" Description=""/>
      <Column Name="XEDIP" Nullable="true" DataType="varchar" Size="1" NativeType="varchar" Description=""/>
      <Column Name="FRGRP" Nullable="true" DataType="varchar" Size="4" NativeType="varchar" Description=""/>
      <Column Name="TOGRR" Nullable="true" DataType="varchar" Size="4" NativeType="varchar" Description=""/>
      <Column Name="TLFXS" Nullable="true" DataType="varchar" Size="31" NativeType="varchar" Description=""/>
      <Column Name="INTAD" Nullable="true" DataType="varchar" Size="130" NativeType="varchar" Description=""/>
      <Column Name="XLFZB" Nullable="true" DataType="varchar" Size="1" NativeType="varchar" Description=""/>
      <Column Name="GUZTE" Nullable="true" DataType="varchar" Size="4" NativeType="varchar" Description=""/>
      <Column Name="GRICD" Nullable="true" DataType="varchar" Size="2" NativeType="varchar" Description=""/>
      <Column Name="GRIDT" Nullable="true" DataType="varchar" Size="2" NativeType="varchar" Description=""/>
      <Column Name="XAUSZ" Nullable="true" DataType="varchar" Size="1" NativeType="varchar" Description=""/>
      <Column Name="CERDT" Nullable="true" DataType="date" NativeType="date" Description=""/>
      <Column Name="CONFS" Nullable="false" DataType="varchar" Size="1" NativeType="varchar" Description=""/>
      <Column Name="UPDAT" Nullable="true" DataType="date" NativeType="date" Description=""/>
      <Column Name="UPTIM" Nullable="true" DataType="time" NativeType="time" Description=""/>
      <Column Name="NODEL" Nullable="false" DataType="varchar" Size="1" NativeType="varchar" Description=""/>
      <Column Name="TLFNS" Nullable="true" DataType="varchar" Size="30" NativeType="varchar" Description=""/>
      <Column Name="J_SC_SUBCONTYPE" Nullable="true" DataType="varchar" Size="1" NativeType="varchar" Description=""/>
      <Column Name="J_SC_COMPDATE" Nullable="true" DataType="numeric" Precision="3" Scale="0" NativeType="numeric" Description=""/>
      <Column Name="J_SC_OFFSM" Nullable="true" DataType="varchar" Size="1" NativeType="varchar" Description=""/>
      <Column Name="J_SC_OFFSR" Nullable="true" DataType="numeric" Precision="3" Scale="0" NativeType="numeric" Description=""/>
      <Column Name="BASIS_PNT" Nullable="true" DataType="decimal" Precision="6" Scale="0" NativeType="decimal" Description=""/>
      <Column Name="GMVKZK" Nullable="true" DataType="varchar" Size="1" NativeType="varchar" Description=""/>
      <Column Name="PREPAY_RELEVANT" Nullable="true" DataType="varchar" Size="1" NativeType="varchar" Description=""/>
      <Column Name="ASSIGN_TEST" Nullable="true" DataType="varchar" Size="4" NativeType="varchar" Description=""/>
      <PrimaryKey>
        <PrimaryKeyColumn>MANDT</PrimaryKeyColumn>
        <PrimaryKeyColumn>LIFNR</PrimaryKeyColumn>
        <PrimaryKeyColumn>BUKRS</PrimaryKeyColumn>
      </PrimaryKey>
    </Table>
  </MetadataObjects>
  <Status>
    <StatusCode>SUCCESS</StatusCode>
  </Status>
</MetadataReply>