<MetadataReply xmlns="http://www.sap.com/DataServices/DataServicesXSD">
  <ID>1120</ID>
  <MetadataObjects>
    <Table Name="TVM5" Owner="" Description="">
      <Column Name="MANDT" Nullable="false" DataType="varchar" Size="3" NativeType="varchar" Description=""/>
      <Column Name="MVGR5" Nullable="false" DataType="varchar" Size="3" NativeType="varchar" Description=""/>
      <PrimaryKey>
        <PrimaryKeyColumn>MANDT</PrimaryKeyColumn>
        <PrimaryKeyColumn>MVGR5</PrimaryKeyColumn>
      </PrimaryKey>
    </Table>
  </MetadataObjects>
  <Status>
    <StatusCode>SUCCESS</StatusCode>
  </Status>
</MetadataReply>