<MetadataReply xmlns="http://www.sap.com/DataServices/DataServicesXSD">
  <ID>1204</ID>
  <MetadataObjects>
    <Table Name="T059Q" Owner="" Description="">
      <Column Name="MANDT" Nullable="false" DataType="varchar" Size="3" NativeType="varchar" Description=""/>
      <Column Name="LAND1" Nullable="false" DataType="varchar" Size="3" NativeType="varchar" Description=""/>
      <Column Name="QSSKZ" Nullable="false" DataType="varchar" Size="2" NativeType="varchar" Description=""/>
      <Column Name="QSCOD" Nullable="true" DataType="varchar" Size="4" NativeType="varchar" Description=""/>
      <Column Name="QSBEZ" Nullable="true" DataType="varchar" Size="40" NativeType="varchar" Description=""/>
      <Column Name="QPROZ" Nullable="true" DataType="decimal" Precision="5" Scale="0" NativeType="decimal" Description=""/>
      <Column Name="QSATZ" Nullable="true" DataType="decimal" Precision="4" Scale="0" NativeType="decimal" Description=""/>
      <Column Name="XNTTO" Nullable="true" DataType="varchar" Size="1" NativeType="varchar" Description=""/>
      <Column Name="XQSBZ" Nullable="true" DataType="varchar" Size="1" NativeType="varchar" Description=""/>
      <Column Name="QSATR" Nullable="true" DataType="decimal" Precision="4" Scale="0" NativeType="decimal" Description=""/>
      <Column Name="XQFOR" Nullable="true" DataType="varchar" Size="1" NativeType="varchar" Description=""/>
      <Column Name="QMIND" Nullable="true" DataType="decimal" Precision="13" Scale="0" NativeType="decimal" Description=""/>
      <Column Name="QMIWA" Nullable="true" DataType="varchar" Size="5" NativeType="varchar" Description=""/>
      <Column Name="BLAND" Nullable="true" DataType="varchar" Size="3" NativeType="varchar" Description=""/>
      <Column Name="FPRCD" Nullable="true" DataType="varchar" Size="3" NativeType="varchar" Description=""/>
      <Column Name="QEKAR" Nullable="true" DataType="varchar" Size="4" NativeType="varchar" Description=""/>
      <Column Name="QSATS" Nullable="true" DataType="decimal" Precision="4" Scale="0" NativeType="decimal" Description=""/>
      <Column Name="J_1ISECTIO" Nullable="true" DataType="varchar" Size="10" NativeType="varchar" Description=""/>
      <Column Name="J_1ITXVNTY" Nullable="true" DataType="varchar" Size="1" NativeType="varchar" Description=""/>
      <Column Name="J_1IXVNDS" Nullable="true" DataType="varchar" Size="20" NativeType="varchar" Description=""/>
      <PrimaryKey>
        <PrimaryKeyColumn>MANDT</PrimaryKeyColumn>
        <PrimaryKeyColumn>LAND1</PrimaryKeyColumn>
        <PrimaryKeyColumn>QSSKZ</PrimaryKeyColumn>
      </PrimaryKey>
    </Table>
  </MetadataObjects>
  <Status>
    <StatusCode>SUCCESS</StatusCode>
  </Status>
</MetadataReply>