<MetadataReply xmlns="http://www.sap.com/DataServices/DataServicesXSD">
  <ID>1181</ID>
  <MetadataObjects>
    <Table Name="TCURV" Owner="" Description="">
      <Column Name="MANDT" Nullable="false" DataType="varchar" Size="3" NativeType="varchar" Description=""/>
      <Column Name="KURST" Nullable="false" DataType="varchar" Size="4" NativeType="varchar" Description=""/>
      <Column Name="XINVR" Nullable="false" DataType="varchar" Size="1" NativeType="varchar" Description=""/>
      <Column Name="BWAER" Nullable="false" DataType="varchar" Size="5" NativeType="varchar" Description=""/>
      <Column Name="XBWRL" Nullable="true" DataType="varchar" Size="1" NativeType="varchar" Description=""/>
      <Column Name="GKUZU" Nullable="true" DataType="varchar" Size="4" NativeType="varchar" Description=""/>
      <Column Name="BKUZU" Nullable="true" DataType="varchar" Size="4" NativeType="varchar" Description=""/>
      <Column Name="XFIXD" Nullable="true" DataType="varchar" Size="1" NativeType="varchar" Description=""/>
      <Column Name="XEURO" Nullable="true" DataType="varchar" Size="1" NativeType="varchar" Description=""/>
      <PrimaryKey>
        <PrimaryKeyColumn>MANDT</PrimaryKeyColumn>
        <PrimaryKeyColumn>KURST</PrimaryKeyColumn>
      </PrimaryKey>
    </Table>
  </MetadataObjects>
  <Status>
    <StatusCode>SUCCESS</StatusCode>
  </Status>
</MetadataReply>