<MetadataReply xmlns="http://www.sap.com/DataServices/DataServicesXSD">
  <ID>1241</ID>
  <MetadataObjects>
    <Table Name="LFB5" Owner="" Description="">
      <Column Name="MANDT" Nullable="false" DataType="varchar" Size="3" NativeType="varchar" Description=""/>
      <Column Name="LIFNR" Nullable="false" DataType="varchar" Size="10" NativeType="varchar" Description=""/>
      <Column Name="BUKRS" Nullable="false" DataType="varchar" Size="4" NativeType="varchar" Description=""/>
      <Column Name="MABER" Nullable="false" DataType="varchar" Size="2" NativeType="varchar" Description=""/>
      <Column Name="MAHNA" Nullable="true" DataType="varchar" Size="4" NativeType="varchar" Description=""/>
      <Column Name="MANSP" Nullable="true" DataType="varchar" Size="1" NativeType="varchar" Description=""/>
      <Column Name="MADAT" Nullable="true" DataType="date" NativeType="date" Description=""/>
      <Column Name="MAHNS" Nullable="true" DataType="numeric" Precision="1" Scale="0" NativeType="numeric" Description=""/>
      <Column Name="LFRMA" Nullable="true" DataType="varchar" Size="10" NativeType="varchar" Description=""/>
      <Column Name="GMVDT" Nullable="true" DataType="date" NativeType="date" Description=""/>
      <Column Name="BUSAB" Nullable="true" DataType="varchar" Size="2" NativeType="varchar" Description=""/>
      <PrimaryKey>
        <PrimaryKeyColumn>MANDT</PrimaryKeyColumn>
        <PrimaryKeyColumn>LIFNR</PrimaryKeyColumn>
        <PrimaryKeyColumn>BUKRS</PrimaryKeyColumn>
        <PrimaryKeyColumn>MABER</PrimaryKeyColumn>
      </PrimaryKey>
    </Table>
  </MetadataObjects>
  <Status>
    <StatusCode>SUCCESS</StatusCode>
  </Status>
</MetadataReply>