<MetadataReply xmlns="http://www.sap.com/DataServices/DataServicesXSD">
  <ID>1187</ID>
  <MetadataObjects>
    <Table Name="T077D" Owner="" Description="">
      <Column Name="MANDT" Nullable="false" DataType="varchar" Size="3" NativeType="varchar" Description=""/>
      <Column Name="KTOKD" Nullable="false" DataType="varchar" Size="4" NativeType="varchar" Description=""/>
      <Column Name="FAUSA" Nullable="true" DataType="varchar" Size="40" NativeType="varchar" Description=""/>
      <Column Name="FAUSF" Nullable="true" DataType="varchar" Size="40" NativeType="varchar" Description=""/>
      <Column Name="FAUSV" Nullable="true" DataType="varchar" Size="40" NativeType="varchar" Description=""/>
      <Column Name="NUMKR" Nullable="true" DataType="varchar" Size="2" NativeType="varchar" Description=""/>
      <Column Name="XCPDS" Nullable="true" DataType="varchar" Size="1" NativeType="varchar" Description=""/>
      <Column Name="KALSM" Nullable="true" DataType="varchar" Size="6" NativeType="varchar" Description=""/>
      <Column Name="DEAR1" Nullable="true" DataType="varchar" Size="1" NativeType="varchar" Description=""/>
      <Column Name="DEAR2" Nullable="true" DataType="varchar" Size="1" NativeType="varchar" Description=""/>
      <Column Name="DEAR3" Nullable="true" DataType="varchar" Size="1" NativeType="varchar" Description=""/>
      <Column Name="DEAR4" Nullable="true" DataType="varchar" Size="1" NativeType="varchar" Description=""/>
      <Column Name="DEAR5" Nullable="true" DataType="varchar" Size="1" NativeType="varchar" Description=""/>
      <Column Name="FAUS1" Nullable="true" DataType="varchar" Size="40" NativeType="varchar" Description=""/>
      <Column Name="FAUSW" Nullable="true" DataType="varchar" Size="40" NativeType="varchar" Description=""/>
      <Column Name="FAUSG" Nullable="true" DataType="varchar" Size="40" NativeType="varchar" Description=""/>
      <Column Name="DEAR6" Nullable="true" DataType="varchar" Size="1" NativeType="varchar" Description=""/>
      <Column Name="FAUS2" Nullable="true" DataType="varchar" Size="40" NativeType="varchar" Description=""/>
      <Column Name="FAUSU" Nullable="true" DataType="varchar" Size="40" NativeType="varchar" Description=""/>
      <PrimaryKey>
        <PrimaryKeyColumn>MANDT</PrimaryKeyColumn>
        <PrimaryKeyColumn>KTOKD</PrimaryKeyColumn>
      </PrimaryKey>
    </Table>
  </MetadataObjects>
  <Status>
    <StatusCode>SUCCESS</StatusCode>
  </Status>
</MetadataReply>