<MetadataReply xmlns="http://www.sap.com/DataServices/DataServicesXSD">
  <ID>1236</ID>
  <MetadataObjects>
    <Table Name="T502T" Owner="" Description="">
      <Column Name="MANDT" Nullable="false" DataType="varchar" Size="3" NativeType="varchar" Description=""/>
      <Column Name="SPRSL" Nullable="false" DataType="varchar" Size="1" NativeType="varchar" Description=""/>
      <Column Name="FAMST" Nullable="false" DataType="varchar" Size="1" NativeType="varchar" Description=""/>
      <Column Name="FTEXT" Nullable="false" DataType="varchar" Size="6" NativeType="varchar" Description=""/>
      <PrimaryKey>
        <PrimaryKeyColumn>MANDT</PrimaryKeyColumn>
        <PrimaryKeyColumn>SPRSL</PrimaryKeyColumn>
        <PrimaryKeyColumn>FAMST</PrimaryKeyColumn>
      </PrimaryKey>
    </Table>
  </MetadataObjects>
  <Status>
    <StatusCode>SUCCESS</StatusCode>
  </Status>
</MetadataReply>