<MetadataReply xmlns="http://www.sap.com/DataServices/DataServicesXSD">
  <ID>1179</ID>
  <MetadataObjects>
    <Table Name="T009" Owner="" Description="">
      <Column Name="MANDT" Nullable="true" DataType="varchar" Size="3" NativeType="varchar" Description=""/>
      <Column Name="PERIV" Nullable="true" DataType="varchar" Size="2" NativeType="varchar" Description=""/>
      <Column Name="XKALE" Nullable="true" DataType="varchar" Size="1" NativeType="varchar" Description=""/>
      <Column Name="XJABH" Nullable="true" DataType="varchar" Size="1" NativeType="varchar" Description=""/>
      <Column Name="ANZBP" Nullable="true" DataType="numeric" Precision="3" Scale="0" NativeType="numeric" Description=""/>
      <Column Name="ANZSP" Nullable="true" DataType="numeric" Precision="2" Scale="0" NativeType="numeric" Description=""/>
      <PrimaryKey>
        <PrimaryKeyColumn>MANDT</PrimaryKeyColumn>
        <PrimaryKeyColumn>PERIV</PrimaryKeyColumn>
      </PrimaryKey>
    </Table>
  </MetadataObjects>
  <Status>
    <StatusCode>SUCCESS</StatusCode>
  </Status>
</MetadataReply>