<MetadataReply xmlns="http://www.sap.com/DataServices/DataServicesXSD">
  <ID>1112</ID>
  <MetadataObjects>
    <Table Name="T044G" Owner="" Description="">
      <Column Name="MANDT" Nullable="false" DataType="varchar" Size="3" NativeType="varchar" Description=""/>
      <Column Name="WBRSL" Nullable="false" DataType="varchar" Size="2" NativeType="varchar" Description=""/>
      <Column Name="BWBER" Nullable="false" DataType="varchar" Size="2" NativeType="varchar" Description=""/>
      <Column Name="LAND1" Nullable="false" DataType="varchar" Size="3" NativeType="varchar" Description=""/>
      <Column Name="OVDUE" Nullable="false" DataType="numeric" Precision="3" Scale="0" NativeType="numeric" Description=""/>
      <Column Name="FUTURE" Nullable="false" DataType="varchar" Size="1" NativeType="varchar" Description=""/>
      <Column Name="ZINSO" Nullable="true" DataType="decimal" Precision="7" Scale="0" NativeType="decimal" Description=""/>
      <Column Name="XMANU" Nullable="false" DataType="varchar" Size="1" NativeType="varchar" Description=""/>
      <Column Name="XEXTR" Nullable="true" DataType="varchar" Size="1" NativeType="varchar" Description=""/>
      <PrimaryKey>
        <PrimaryKeyColumn>MANDT</PrimaryKeyColumn>
        <PrimaryKeyColumn>WBRSL</PrimaryKeyColumn>
        <PrimaryKeyColumn>BWBER</PrimaryKeyColumn>
        <PrimaryKeyColumn>LAND1</PrimaryKeyColumn>
        <PrimaryKeyColumn>OVDUE</PrimaryKeyColumn>
        <PrimaryKeyColumn>FUTURE</PrimaryKeyColumn>
      </PrimaryKey>
    </Table>
  </MetadataObjects>
  <Status>
    <StatusCode>SUCCESS</StatusCode>
  </Status>
</MetadataReply>