<MetadataReply xmlns="http://www.sap.com/DataServices/DataServicesXSD">
  <ID>1209</ID>
  <MetadataObjects>
    <Table Name="T001" Owner="" Description="Company Codes">
      <Attributes>
        <Attribute Name="SAP_Table_Class" Value="1"/>
        <Attribute Name="SAP_Table_Class_Name" Value="transparent"/>
        <Attribute Name="sap_row_size" Value="248"/>
        <Attribute Name="sap_table_type" Value="Transparent Table"/>
      </Attributes>
      <Column Name="MANDT" Nullable="false" DataType="varchar" Size="3" NativeType="varchar" Description="Client"/>
      <Column Name="BUKRS" Nullable="false" DataType="varchar" Size="4" NativeType="varchar" Description="Company Code"/>
      <Column Name="BUTXT" Nullable="true" DataType="varchar" Size="25" NativeType="varchar" Description="Name of Company Code or Company"/>
      <Column Name="ORT01" Nullable="true" DataType="varchar" Size="25" NativeType="varchar" Description="City"/>
      <Column Name="LAND1" Nullable="true" DataType="varchar" Size="3" NativeType="varchar" Description="Country Key"/>
      <Column Name="WAERS" Nullable="true" DataType="varchar" Size="5" NativeType="varchar" Description="Currency Key"/>
      <Column Name="SPRAS" Nullable="true" DataType="varchar" Size="1" NativeType="varchar" Description="Language Key"/>
      <Column Name="KTOPL" Nullable="true" DataType="varchar" Size="4" NativeType="varchar" Description="Chart of Accounts"/>
      <Column Name="WAABW" Nullable="true" DataType="numeric" Precision="2" Scale="0" NativeType="numeric" Description="Maximum exchange rate deviation in percent"/>
      <Column Name="PERIV" Nullable="true" DataType="varchar" Size="2" NativeType="varchar" Description="Fiscal Year Variant"/>
      <Column Name="KOKFI" Nullable="true" DataType="varchar" Size="1" NativeType="varchar" Description="Allocation Indicator"/>
      <Column Name="RCOMP" Nullable="true" DataType="varchar" Size="6" NativeType="varchar" Description="Company"/>
      <Column Name="ADRNR" Nullable="true" DataType="varchar" Size="10" NativeType="varchar" Description="Address"/>
      <Column Name="STCEG" Nullable="true" DataType="varchar" Size="20" NativeType="varchar" Description="VAT Registration Number"/>
      <Column Name="FIKRS" Nullable="true" DataType="varchar" Size="4" NativeType="varchar" Description="Financial Management Area"/>
      <Column Name="XFMCO" Nullable="true" DataType="varchar" Size="1" NativeType="varchar" Description="Indicator: Project Cash Management active?"/>
      <Column Name="XFMCB" Nullable="true" DataType="varchar" Size="1" NativeType="varchar" Description="Indicator: Cash budget management active"/>
      <Column Name="XFMCA" Nullable="true" DataType="varchar" Size="1" NativeType="varchar" Description="Activate Update in Funds Management"/>
      <Column Name="TXJCD" Nullable="true" DataType="varchar" Size="15" NativeType="varchar" Description="Jurisdiction for tax calculation - tax jurisdiction code"/>
      <Column Name="FMHRDATE" Nullable="true" DataType="date" NativeType="date" Description="Funds center can be assigned to an account in HR from"/>
      <Column Name="BUVAR" Nullable="true" DataType="varchar" Size="1" NativeType="varchar" Description="Company Code Variant (Screen)"/>
      <Column Name="FDBUK" Nullable="true" DataType="varchar" Size="4" NativeType="varchar" Description="Cash Management and Forecast Company Code"/>
      <Column Name="XFDIS" Nullable="true" DataType="varchar" Size="1" NativeType="varchar" Description="Indicator: Cash Management activated?"/>
      <Column Name="XVALV" Nullable="true" DataType="varchar" Size="1" NativeType="varchar" Description="Indicator: Propose current date as value date ?"/>
      <Column Name="XSKFN" Nullable="true" DataType="varchar" Size="1" NativeType="varchar" Description="Indicator: Discount base amount is the net value"/>
      <Column Name="KKBER" Nullable="true" DataType="varchar" Size="4" NativeType="varchar" Description="Credit Control Area"/>
      <Column Name="XMWSN" Nullable="true" DataType="varchar" Size="1" NativeType="varchar" Description="Indicator: Base amount for tax is net of discount ?"/>
      <Column Name="MREGL" Nullable="true" DataType="varchar" Size="4" NativeType="varchar" Description="Rules for Copying from the Sample Account for G/L Accounts"/>
      <Column Name="XGSBE" Nullable="true" DataType="varchar" Size="1" NativeType="varchar" Description="Indicator: Business area financial statements required?"/>
      <Column Name="XGJRV" Nullable="true" DataType="varchar" Size="1" NativeType="varchar" Description="Indicator: Propose fiscal year ?"/>
      <Column Name="XKDFT" Nullable="true" DataType="varchar" Size="1" NativeType="varchar" Description="Indicator: Post translations for exchange rate differences ?"/>
      <Column Name="XPROD" Nullable="true" DataType="varchar" Size="1" NativeType="varchar" Description="Indicator: Productive company code?"/>
      <Column Name="XEINK" Nullable="true" DataType="varchar" Size="1" NativeType="varchar" Description="Indicator: Purchase Account Processing is Active"/>
      <Column Name="XJVAA" Nullable="true" DataType="varchar" Size="1" NativeType="varchar" Description="Indicator: JVA Active"/>
      <Column Name="XVVWA" Nullable="true" DataType="varchar" Size="1" NativeType="varchar" Description="Indicator: Financial Assets Management active"/>
      <Column Name="XSLTA" Nullable="true" DataType="varchar" Size="1" NativeType="varchar" Description="Indicator: No ex.rate difference when clearing in local crcy"/>
      <Column Name="XFDMM" Nullable="true" DataType="varchar" Size="1" NativeType="varchar" Description="Indicator: Updating MM in Cash Mgmt/Forecast activated?"/>
      <Column Name="XFDSD" Nullable="true" DataType="varchar" Size="1" NativeType="varchar" Description="Indicator: Updating SD in Cash Mgmt/Forecast activated?"/>
      <Column Name="XEXTB" Nullable="true" DataType="varchar" Size="1" NativeType="varchar" Description="Indicator: Company code is in another system"/>
      <Column Name="EBUKR" Nullable="true" DataType="varchar" Size="4" NativeType="varchar" Description="Original Key of the Company Code"/>
      <Column Name="KTOP2" Nullable="true" DataType="varchar" Size="4" NativeType="varchar" Description="Chart of Accounts According to Country Legislation"/>
      <Column Name="UMKRS" Nullable="true" DataType="varchar" Size="4" NativeType="varchar" Description="Sales/Purchases Tax Group"/>
      <Column Name="BUKRS_GLOB" Nullable="true" DataType="varchar" Size="6" NativeType="varchar" Description="Name of global company code"/>
      <Column Name="FSTVA" Nullable="true" DataType="varchar" Size="4" NativeType="varchar" Description="Field Status Variant"/>
      <Column Name="OPVAR" Nullable="true" DataType="varchar" Size="4" NativeType="varchar" Description="Posting Period Variant"/>
      <Column Name="XCOVR" Nullable="true" DataType="varchar" Size="1" NativeType="varchar" Description="Indicator: hedge request active"/>
      <Column Name="TXKRS" Nullable="true" DataType="varchar" Size="1" NativeType="varchar" Description="Foreign Currency Translation for Tax Items"/>
      <Column Name="WFVAR" Nullable="true" DataType="varchar" Size="4" NativeType="varchar" Description="Workflow variant"/>
      <Column Name="XBBBF" Nullable="true" DataType="varchar" Size="1" NativeType="varchar" Description="G/L account authorization check in inventory management"/>
      <Column Name="XBBBE" Nullable="true" DataType="varchar" Size="1" NativeType="varchar" Description="G/L account authorization check in PO/scheduling agreement"/>
      <Column Name="XBBBA" Nullable="true" DataType="varchar" Size="1" NativeType="varchar" Description="G/L account authorization check in purchase requisitions"/>
      <Column Name="XBBKO" Nullable="true" DataType="varchar" Size="1" NativeType="varchar" Description="G/L account authorization check in contracts"/>
      <Column Name="XSTDT" Nullable="true" DataType="varchar" Size="1" NativeType="varchar" Description="Indicator: Document date as the basis for tax determination"/>
      <Column Name="MWSKV" Nullable="true" DataType="varchar" Size="2" NativeType="varchar" Description="Input Tax Code for Non-Taxable Transactions"/>
      <Column Name="MWSKA" Nullable="true" DataType="varchar" Size="2" NativeType="varchar" Description="Output Tax Code for Non-Taxable Transactions"/>
      <Column Name="IMPDA" Nullable="true" DataType="varchar" Size="1" NativeType="varchar" Description="Foreign Trade: Import Data Control in MM Purchase Orders"/>
      <Column Name="XNEGP" Nullable="true" DataType="varchar" Size="1" NativeType="varchar" Description="Indicator: Negative Postings Permitted"/>
      <Column Name="XKKBI" Nullable="true" DataType="varchar" Size="1" NativeType="varchar" Description="Indicator: Can credit control area be overwritten?"/>
      <Column Name="WT_NEWWT" Nullable="true" DataType="varchar" Size="1" NativeType="varchar" Description="Indicator: Extended withholding tax active"/>
      <Column Name="PP_PDATE" Nullable="true" DataType="varchar" Size="1" NativeType="varchar" Description="Procedure for Setting the Posting Date"/>
      <Column Name="INFMT" Nullable="true" DataType="varchar" Size="4" NativeType="varchar" Description="Inflation Method"/>
      <Column Name="FSTVARE" Nullable="true" DataType="varchar" Size="4" NativeType="varchar" Description="Funds reservation field status var."/>
      <Column Name="KOPIM" Nullable="true" DataType="varchar" Size="1" NativeType="varchar" Description="Foreign trade: Import data copying control for GR"/>
      <Column Name="DKWEG" Nullable="true" DataType="varchar" Size="1" NativeType="varchar" Description="Foreign Trade: Screen ctrl of imp.data f. MM-goods rececipt"/>
      <Column Name="OFFSACCT" Nullable="true" DataType="numeric" Precision="1" Scale="0" NativeType="numeric" Description="Method for offsetting account determination"/>
      <Column Name="BAPOVAR" Nullable="true" DataType="varchar" Size="2" NativeType="varchar" Description="Additional settings variant for bus.area financial statemnts"/>
      <Column Name="XCOS" Nullable="true" DataType="varchar" Size="1" NativeType="varchar" Description="Cost of sales accounting status"/>
      <Column Name="XCESSION" Nullable="true" DataType="varchar" Size="1" NativeType="varchar" Description="Accounts Receivable Pledging Active"/>
      <Column Name="XSPLT" Nullable="true" DataType="varchar" Size="1" NativeType="varchar" Description="Enable Amount Split"/>
      <Column Name="SURCCM" Nullable="true" DataType="varchar" Size="1" NativeType="varchar" Description="Surcharge Calculation Method"/>
      <Column Name="DTPROV" Nullable="true" DataType="varchar" Size="2" NativeType="varchar" Description="Document Type for Provisions for Taxes on Services Received"/>
      <Column Name="DTAMTC" Nullable="true" DataType="varchar" Size="2" NativeType="varchar" Description="Document Type for Journal Voucher (Amount Correction)"/>
      <Column Name="DTTAXC" Nullable="true" DataType="varchar" Size="2" NativeType="varchar" Description="Document Type for Journal Voucher (Tax Code Correction)"/>
      <Column Name="DTTDSP" Nullable="true" DataType="varchar" Size="2" NativeType="varchar" Description="Document Type for Remittance Challans"/>
      <Column Name="DTAXR" Nullable="true" DataType="varchar" Size="4" NativeType="varchar" Description="Deferred Tax Rule"/>
      <Column Name="FM_DERIVE_ACC" Nullable="true" DataType="varchar" Size="1" NativeType="varchar" Description="Activate Account Assignment Derivation in Funds Management"/>
      <Column Name="XVATDATE" Nullable="true" DataType="varchar" Size="1" NativeType="varchar" Description="Tax Reporting Date Active in Documents"/>
      <Column Name="PST_PER_VAR" Nullable="true" DataType="varchar" Size="1" NativeType="varchar" Description="Manage Variant of Posting Period for Company Code/Ledger"/>
      <Column Name="XBBSC" Nullable="true" DataType="varchar" Size="1" NativeType="varchar" Description="G/L account authorization check in shopping cart"/>
      <PrimaryKey>
        <PrimaryKeyColumn>MANDT</PrimaryKeyColumn>
        <PrimaryKeyColumn>BUKRS</PrimaryKeyColumn>
      </PrimaryKey>
      <TableIndex Name="PRIMARY" isPrimary="true" Unique="true">
        <IndexColumn Name="MANDT"/>
        <IndexColumn Name="BUKRS"/>
      </TableIndex>
      <ForeignKey Name="ACTA_FK_13" ReferredTableKey="" ReferredTable="T005" ReferredTableOwner="">
        <PKFKColumn Column="LAND1" ReferredColumn="LAND1"/>
      </ForeignKey>
      <ForeignKey Name="ACTA_FK_20" ReferredTableKey="" ReferredTable="TCURC" ReferredTableOwner="">
        <PKFKColumn Column="WAERS" ReferredColumn="WAERS"/>
      </ForeignKey>
      <ForeignKey Name="ACTA_FK_16" ReferredTableKey="" ReferredTable="T009" ReferredTableOwner="">
        <PKFKColumn Column="PERIV" ReferredColumn="PERIV"/>
      </ForeignKey>
      <ForeignKey Name="ACTA_FK_4" ReferredTableKey="" ReferredTable="T002" ReferredTableOwner="">
        <PKFKColumn Column="SPRAS" ReferredColumn="SPRAS"/>
      </ForeignKey>
      <ForeignKey Name="ACTA_FK_2" ReferredTableKey="" ReferredTable="T001" ReferredTableOwner="">
        <PKFKColumn Column="FDBUK" ReferredColumn="BUKRS"/>
      </ForeignKey>
      <ForeignKey Name="ACTA_FK_19" ReferredTableKey="" ReferredTable="T880" ReferredTableOwner="">
        <PKFKColumn Column="RCOMP" ReferredColumn="RCOMP"/>
      </ForeignKey>
    </Table>
  </MetadataObjects>
  <Status>
    <StatusCode>SUCCESS</StatusCode>
  </Status>
</MetadataReply>