<MetadataReply xmlns="http://www.sap.com/DataServices/DataServicesXSD">
  <ID>1061</ID>
  <MetadataObjects>
    <Table Name="T436A" Owner="" Description="">
      <Column Name="MANDT" Nullable="false" DataType="varchar" Size="3" NativeType="varchar" Description=""/>
      <Column Name="WERKS" Nullable="false" DataType="varchar" Size="4" NativeType="varchar" Description=""/>
      <Column Name="FHORI" Nullable="false" DataType="varchar" Size="3" NativeType="varchar" Description=""/>
      <Column Name="ERHOR" Nullable="false" DataType="numeric" Precision="3" Scale="0" NativeType="numeric" Description=""/>
      <Column Name="SICHZ" Nullable="false" DataType="numeric" Precision="3" Scale="0" NativeType="numeric" Description=""/>
      <Column Name="VORGZ" Nullable="false" DataType="numeric" Precision="3" Scale="0" NativeType="numeric" Description=""/>
      <Column Name="FREIZ" Nullable="false" DataType="numeric" Precision="3" Scale="0" NativeType="numeric" Description=""/>
      <PrimaryKey>
        <PrimaryKeyColumn>MANDT</PrimaryKeyColumn>
        <PrimaryKeyColumn>WERKS</PrimaryKeyColumn>
        <PrimaryKeyColumn>FHORI</PrimaryKeyColumn>
      </PrimaryKey>
    </Table>
  </MetadataObjects>
  <Status>
    <StatusCode>SUCCESS</StatusCode>
  </Status>
</MetadataReply>