<MetadataReply xmlns="http://www.sap.com/DataServices/DataServicesXSD">
  <ID>1221</ID>
  <MetadataObjects>
    <Table Name="TVCIN" Owner="" Description="">
      <Column Name="MANDT" Nullable="false" DataType="varchar" Size="3" NativeType="varchar" Description=""/>
      <Column Name="CCINS" Nullable="false" DataType="varchar" Size="4" NativeType="varchar" Description=""/>
      <Column Name="KSCHL" Nullable="true" DataType="varchar" Size="4" NativeType="varchar" Description=""/>
      <Column Name="KSCHC" Nullable="true" DataType="varchar" Size="4" NativeType="varchar" Description=""/>
      <Column Name="FNCHK" Nullable="true" DataType="varchar" Size="30" NativeType="varchar" Description=""/>
      <Column Name="DSCHK" Nullable="true" DataType="varchar" Size="32" NativeType="varchar" Description=""/>
      <Column Name="TGVAL" Nullable="true" DataType="numeric" Precision="3" Scale="0" NativeType="numeric" Description=""/>
      <Column Name="CCPRGRS" Nullable="true" DataType="varchar" Size="1" NativeType="varchar" Description=""/>
      <Column Name="VCARD" Nullable="true" DataType="varchar" Size="1" NativeType="varchar" Description=""/>
      <PrimaryKey>
        <PrimaryKeyColumn>MANDT</PrimaryKeyColumn>
        <PrimaryKeyColumn>CCINS</PrimaryKeyColumn>
      </PrimaryKey>
    </Table>
  </MetadataObjects>
  <Status>
    <StatusCode>SUCCESS</StatusCode>
  </Status>
</MetadataReply>