<MetadataReply xmlns="http://www.sap.com/DataServices/DataServicesXSD">
  <ID>1031</ID>
  <MetadataObjects>
    <Table Name="T001S" Owner="" Description="">
      <Column Name="MANDT" Nullable="false" DataType="varchar" Size="3" NativeType="varchar" Description=""/>
      <Column Name="BUKRS" Nullable="false" DataType="varchar" Size="4" NativeType="varchar" Description=""/>
      <Column Name="BUSAB" Nullable="false" DataType="varchar" Size="2" NativeType="varchar" Description=""/>
      <Column Name="SNAME" Nullable="true" DataType="varchar" Size="30" NativeType="varchar" Description=""/>
      <Column Name="USNAM" Nullable="true" DataType="varchar" Size="12" NativeType="varchar" Description=""/>
      <PrimaryKey>
        <PrimaryKeyColumn>MANDT</PrimaryKeyColumn>
        <PrimaryKeyColumn>BUKRS</PrimaryKeyColumn>
        <PrimaryKeyColumn>BUSAB</PrimaryKeyColumn>
      </PrimaryKey>
    </Table>
  </MetadataObjects>
  <Status>
    <StatusCode>SUCCESS</StatusCode>
  </Status>
</MetadataReply>