<MetadataReply xmlns="http://www.sap.com/DataServices/DataServicesXSD">
  <ID>1023</ID>
  <MetadataObjects>
    <Table Name="TKV01" Owner="" Description="">
      <Column Name="MANDT" Nullable="false" DataType="varchar" Size="3" NativeType="varchar" Description=""/>
      <Column Name="AWOBA" Nullable="false" DataType="varchar" Size="2" NativeType="varchar" Description=""/>
      <Column Name="AWSLS" Nullable="false" DataType="varchar" Size="6" NativeType="varchar" Description=""/>
      <Column Name="AWKUM" Nullable="false" DataType="varchar" Size="1" NativeType="varchar" Description=""/>
      <Column Name="AWDEG" Nullable="false" DataType="varchar" Size="1" NativeType="varchar" Description=""/>
      <Column Name="AWEPS" Nullable="false" DataType="varchar" Size="1" NativeType="varchar" Description=""/>
      <Column Name="AWESO" Nullable="false" DataType="varchar" Size="1" NativeType="varchar" Description=""/>
      <Column Name="AWESP" Nullable="false" DataType="varchar" Size="1" NativeType="varchar" Description=""/>
      <Column Name="AWEAU" Nullable="false" DataType="varchar" Size="1" NativeType="varchar" Description=""/>
      <Column Name="AWEAB" Nullable="false" DataType="varchar" Size="1" NativeType="varchar" Description=""/>
      <Column Name="AWEWP" Nullable="false" DataType="varchar" Size="1" NativeType="varchar" Description=""/>
      <PrimaryKey>
        <PrimaryKeyColumn>MANDT</PrimaryKeyColumn>
        <PrimaryKeyColumn>AWOBA</PrimaryKeyColumn>
        <PrimaryKeyColumn>AWSLS</PrimaryKeyColumn>
      </PrimaryKey>
    </Table>
  </MetadataObjects>
  <Status>
    <StatusCode>SUCCESS</StatusCode>
  </Status>
</MetadataReply>