<MetadataReply xmlns="http://www.sap.com/DataServices/DataServicesXSD">
  <ID>1136</ID>
  <MetadataObjects>
    <Table Name="TQ05" Owner="" Description="">
      <Column Name="MANDT" Nullable="false" DataType="varchar" Size="3" NativeType="varchar" Description=""/>
      <Column Name="ZGTYP" Nullable="false" DataType="varchar" Size="4" NativeType="varchar" Description=""/>
      <Column Name="WEPRF" Nullable="false" DataType="varchar" Size="1" NativeType="varchar" Description=""/>
      <Column Name="ZGLIEF" Nullable="false" DataType="varchar" Size="1" NativeType="varchar" Description=""/>
      <Column Name="ZGPRUEF" Nullable="true" DataType="varchar" Size="1" NativeType="varchar" Description=""/>
      <Column Name="MSGART" Nullable="false" DataType="varchar" Size="1" NativeType="varchar" Description=""/>
      <Column Name="STSMA" Nullable="false" DataType="varchar" Size="8" NativeType="varchar" Description=""/>
      <Column Name="QCPRACT" Nullable="true" DataType="varchar" Size="1" NativeType="varchar" Description=""/>
      <Column Name="QGRPOP" Nullable="true" DataType="varchar" Size="1" NativeType="varchar" Description=""/>
      <Column Name="QREMIND" Nullable="true" DataType="numeric" Precision="4" Scale="0" NativeType="numeric" Description=""/>
      <Column Name="QESCAL" Nullable="true" DataType="numeric" Precision="4" Scale="0" NativeType="numeric" Description=""/>
      <PrimaryKey>
        <PrimaryKeyColumn>MANDT</PrimaryKeyColumn>
        <PrimaryKeyColumn>ZGTYP</PrimaryKeyColumn>
      </PrimaryKey>
    </Table>
  </MetadataObjects>
  <Status>
    <StatusCode>SUCCESS</StatusCode>
  </Status>
</MetadataReply>