<MetadataReply xmlns="http://www.sap.com/DataServices/DataServicesXSD">
  <ID>1146</ID>
  <MetadataObjects>
    <Table Name="T461X" Owner="" Description="">
      <Column Name="MANDT" Nullable="false" DataType="varchar" Size="3" NativeType="varchar" Description=""/>
      <Column Name="SPRAS" Nullable="false" DataType="varchar" Size="1" NativeType="varchar" Description=""/>
      <Column Name="STRGR" Nullable="false" DataType="varchar" Size="2" NativeType="varchar" Description=""/>
      <Column Name="TEXT40" Nullable="false" DataType="varchar" Size="40" NativeType="varchar" Description=""/>
      <PrimaryKey>
        <PrimaryKeyColumn>MANDT</PrimaryKeyColumn>
        <PrimaryKeyColumn>SPRAS</PrimaryKeyColumn>
        <PrimaryKeyColumn>STRGR</PrimaryKeyColumn>
      </PrimaryKey>
    </Table>
  </MetadataObjects>
  <Status>
    <StatusCode>SUCCESS</StatusCode>
  </Status>
</MetadataReply>