<MetadataReply xmlns="http://www.sap.com/DataServices/DataServicesXSD">
  <ID>1084</ID>
  <MetadataObjects>
    <Table Name="M_KREDA" Owner="" Description="">
      <Column Name="MANDT" Nullable="true" DataType="varchar" Size="3" NativeType="varchar" Description=""/>
      <Column Name="SORTL" Nullable="true" DataType="varchar" Size="10" NativeType="varchar" Description=""/>
      <Column Name="PSTLZ" Nullable="true" DataType="varchar" Size="10" NativeType="varchar" Description=""/>
      <Column Name="MCOD3" Nullable="true" DataType="varchar" Size="25" NativeType="varchar" Description=""/>
      <Column Name="MCOD1" Nullable="true" DataType="varchar" Size="25" NativeType="varchar" Description=""/>
      <Column Name="LIFNR" Nullable="true" DataType="varchar" Size="10" NativeType="varchar" Description=""/>
      <PrimaryKey>
        <PrimaryKeyColumn>MANDT</PrimaryKeyColumn>
        <PrimaryKeyColumn>SORTL</PrimaryKeyColumn>
        <PrimaryKeyColumn>PSTLZ</PrimaryKeyColumn>
        <PrimaryKeyColumn>MCOD3</PrimaryKeyColumn>
        <PrimaryKeyColumn>MCOD1</PrimaryKeyColumn>
        <PrimaryKeyColumn>LIFNR</PrimaryKeyColumn>
      </PrimaryKey>
    </Table>
  </MetadataObjects>
  <Status>
    <StatusCode>SUCCESS</StatusCode>
  </Status>
</MetadataReply>