<MetadataReply xmlns="http://www.sap.com/DataServices/DataServicesXSD">
  <ID>1160</ID>
  <MetadataObjects>
    <Table Name="MBEW" Owner="" Description="">
      <Column Name="MANDT" Nullable="false" DataType="varchar" Size="3" NativeType="varchar" Description=""/>
      <Column Name="MATNR" Nullable="false" DataType="varchar" Size="18" NativeType="varchar" Description=""/>
      <Column Name="BWKEY" Nullable="false" DataType="varchar" Size="4" NativeType="varchar" Description=""/>
      <Column Name="BWTAR" Nullable="false" DataType="varchar" Size="10" NativeType="varchar" Description=""/>
      <Column Name="LVORM" Nullable="true" DataType="varchar" Size="1" NativeType="varchar" Description=""/>
      <Column Name="LBKUM" Nullable="true" DataType="decimal" Precision="13" Scale="0" NativeType="decimal" Description=""/>
      <Column Name="SALK3" Nullable="true" DataType="decimal" Precision="13" Scale="0" NativeType="decimal" Description=""/>
      <Column Name="VPRSV" Nullable="true" DataType="varchar" Size="1" NativeType="varchar" Description=""/>
      <Column Name="VERPR" Nullable="true" DataType="decimal" Precision="11" Scale="0" NativeType="decimal" Description=""/>
      <Column Name="STPRS" Nullable="true" DataType="decimal" Precision="11" Scale="0" NativeType="decimal" Description=""/>
      <Column Name="PEINH" Nullable="true" DataType="decimal" Precision="5" Scale="0" NativeType="decimal" Description=""/>
      <Column Name="BKLAS" Nullable="true" DataType="varchar" Size="4" NativeType="varchar" Description=""/>
      <Column Name="SALKV" Nullable="true" DataType="decimal" Precision="13" Scale="0" NativeType="decimal" Description=""/>
      <Column Name="VMKUM" Nullable="true" DataType="decimal" Precision="13" Scale="0" NativeType="decimal" Description=""/>
      <Column Name="VMSAL" Nullable="true" DataType="decimal" Precision="13" Scale="0" NativeType="decimal" Description=""/>
      <Column Name="VMVPR" Nullable="true" DataType="varchar" Size="1" NativeType="varchar" Description=""/>
      <Column Name="VMVER" Nullable="true" DataType="decimal" Precision="11" Scale="0" NativeType="decimal" Description=""/>
      <Column Name="VMSTP" Nullable="true" DataType="decimal" Precision="11" Scale="0" NativeType="decimal" Description=""/>
      <Column Name="VMPEI" Nullable="true" DataType="decimal" Precision="5" Scale="0" NativeType="decimal" Description=""/>
      <Column Name="VMBKL" Nullable="true" DataType="varchar" Size="4" NativeType="varchar" Description=""/>
      <Column Name="VMSAV" Nullable="true" DataType="decimal" Precision="13" Scale="0" NativeType="decimal" Description=""/>
      <Column Name="VJKUM" Nullable="true" DataType="decimal" Precision="13" Scale="0" NativeType="decimal" Description=""/>
      <Column Name="VJSAL" Nullable="true" DataType="decimal" Precision="13" Scale="0" NativeType="decimal" Description=""/>
      <Column Name="VJVPR" Nullable="true" DataType="varchar" Size="1" NativeType="varchar" Description=""/>
      <Column Name="VJVER" Nullable="true" DataType="decimal" Precision="11" Scale="0" NativeType="decimal" Description=""/>
      <Column Name="VJSTP" Nullable="true" DataType="decimal" Precision="11" Scale="0" NativeType="decimal" Description=""/>
      <Column Name="VJPEI" Nullable="true" DataType="decimal" Precision="5" Scale="0" NativeType="decimal" Description=""/>
      <Column Name="VJBKL" Nullable="true" DataType="varchar" Size="4" NativeType="varchar" Description=""/>
      <Column Name="VJSAV" Nullable="true" DataType="decimal" Precision="13" Scale="0" NativeType="decimal" Description=""/>
      <Column Name="LFGJA" Nullable="true" DataType="numeric" Precision="4" Scale="0" NativeType="numeric" Description=""/>
      <Column Name="LFMON" Nullable="true" DataType="numeric" Precision="2" Scale="0" NativeType="numeric" Description=""/>
      <Column Name="BWTTY" Nullable="true" DataType="varchar" Size="1" NativeType="varchar" Description=""/>
      <Column Name="STPRV" Nullable="true" DataType="decimal" Precision="11" Scale="0" NativeType="decimal" Description=""/>
      <Column Name="LAEPR" Nullable="true" DataType="date" NativeType="date" Description=""/>
      <Column Name="ZKPRS" Nullable="true" DataType="decimal" Precision="11" Scale="0" NativeType="decimal" Description=""/>
      <Column Name="ZKDAT" Nullable="true" DataType="date" NativeType="date" Description=""/>
      <Column Name="BWPRS" Nullable="true" DataType="decimal" Precision="11" Scale="0" NativeType="decimal" Description=""/>
      <Column Name="BWPRH" Nullable="true" DataType="decimal" Precision="11" Scale="0" NativeType="decimal" Description=""/>
      <Column Name="VJBWS" Nullable="true" DataType="decimal" Precision="11" Scale="0" NativeType="decimal" Description=""/>
      <Column Name="VJBWH" Nullable="true" DataType="decimal" Precision="11" Scale="0" NativeType="decimal" Description=""/>
      <Column Name="VVJSL" Nullable="true" DataType="decimal" Precision="13" Scale="0" NativeType="decimal" Description=""/>
      <Column Name="VVJLB" Nullable="true" DataType="decimal" Precision="13" Scale="0" NativeType="decimal" Description=""/>
      <Column Name="VVMLB" Nullable="true" DataType="decimal" Precision="13" Scale="0" NativeType="decimal" Description=""/>
      <Column Name="VVSAL" Nullable="true" DataType="decimal" Precision="13" Scale="0" NativeType="decimal" Description=""/>
      <Column Name="ZPLPR" Nullable="true" DataType="decimal" Precision="11" Scale="0" NativeType="decimal" Description=""/>
      <Column Name="ZPLP1" Nullable="true" DataType="decimal" Precision="11" Scale="0" NativeType="decimal" Description=""/>
      <Column Name="ZPLP2" Nullable="true" DataType="decimal" Precision="11" Scale="0" NativeType="decimal" Description=""/>
      <Column Name="ZPLP3" Nullable="true" DataType="decimal" Precision="11" Scale="0" NativeType="decimal" Description=""/>
      <Column Name="ZPLD1" Nullable="true" DataType="date" NativeType="date" Description=""/>
      <Column Name="ZPLD2" Nullable="true" DataType="date" NativeType="date" Description=""/>
      <Column Name="ZPLD3" Nullable="true" DataType="date" NativeType="date" Description=""/>
      <Column Name="PPERZ" Nullable="true" DataType="numeric" Precision="6" Scale="0" NativeType="numeric" Description=""/>
      <Column Name="PPERL" Nullable="true" DataType="numeric" Precision="6" Scale="0" NativeType="numeric" Description=""/>
      <Column Name="PPERV" Nullable="true" DataType="numeric" Precision="6" Scale="0" NativeType="numeric" Description=""/>
      <Column Name="KALKZ" Nullable="true" DataType="varchar" Size="1" NativeType="varchar" Description=""/>
      <Column Name="KALKL" Nullable="true" DataType="varchar" Size="1" NativeType="varchar" Description=""/>
      <Column Name="KALKV" Nullable="true" DataType="varchar" Size="1" NativeType="varchar" Description=""/>
      <Column Name="KALSC" Nullable="true" DataType="varchar" Size="6" NativeType="varchar" Description=""/>
      <Column Name="XLIFO" Nullable="true" DataType="varchar" Size="1" NativeType="varchar" Description=""/>
      <Column Name="MYPOL" Nullable="true" DataType="varchar" Size="4" NativeType="varchar" Description=""/>
      <Column Name="BWPH1" Nullable="true" DataType="decimal" Precision="11" Scale="0" NativeType="decimal" Description=""/>
      <Column Name="BWPS1" Nullable="true" DataType="decimal" Precision="11" Scale="0" NativeType="decimal" Description=""/>
      <Column Name="ABWKZ" Nullable="true" DataType="numeric" Precision="2" Scale="0" NativeType="numeric" Description=""/>
      <Column Name="PSTAT" Nullable="true" DataType="varchar" Size="15" NativeType="varchar" Description=""/>
      <Column Name="KALN1" Nullable="true" DataType="numeric" Precision="12" Scale="0" NativeType="numeric" Description=""/>
      <Column Name="KALNR" Nullable="true" DataType="numeric" Precision="12" Scale="0" NativeType="numeric" Description=""/>
      <Column Name="BWVA1" Nullable="true" DataType="varchar" Size="3" NativeType="varchar" Description=""/>
      <Column Name="BWVA2" Nullable="true" DataType="varchar" Size="3" NativeType="varchar" Description=""/>
      <Column Name="BWVA3" Nullable="true" DataType="varchar" Size="3" NativeType="varchar" Description=""/>
      <Column Name="VERS1" Nullable="true" DataType="numeric" Precision="2" Scale="0" NativeType="numeric" Description=""/>
      <Column Name="VERS2" Nullable="true" DataType="numeric" Precision="2" Scale="0" NativeType="numeric" Description=""/>
      <Column Name="VERS3" Nullable="true" DataType="numeric" Precision="2" Scale="0" NativeType="numeric" Description=""/>
      <Column Name="HRKFT" Nullable="true" DataType="varchar" Size="4" NativeType="varchar" Description=""/>
      <Column Name="KOSGR" Nullable="true" DataType="varchar" Size="10" NativeType="varchar" Description=""/>
      <Column Name="PPRDZ" Nullable="true" DataType="numeric" Precision="3" Scale="0" NativeType="numeric" Description=""/>
      <Column Name="PPRDL" Nullable="true" DataType="numeric" Precision="3" Scale="0" NativeType="numeric" Description=""/>
      <Column Name="PPRDV" Nullable="true" DataType="numeric" Precision="3" Scale="0" NativeType="numeric" Description=""/>
      <Column Name="PDATZ" Nullable="true" DataType="numeric" Precision="4" Scale="0" NativeType="numeric" Description=""/>
      <Column Name="PDATL" Nullable="true" DataType="numeric" Precision="4" Scale="0" NativeType="numeric" Description=""/>
      <Column Name="PDATV" Nullable="true" DataType="numeric" Precision="4" Scale="0" NativeType="numeric" Description=""/>
      <Column Name="EKALR" Nullable="true" DataType="varchar" Size="1" NativeType="varchar" Description=""/>
      <Column Name="VPLPR" Nullable="true" DataType="decimal" Precision="11" Scale="0" NativeType="decimal" Description=""/>
      <Column Name="MLMAA" Nullable="true" DataType="varchar" Size="1" NativeType="varchar" Description=""/>
      <Column Name="MLAST" Nullable="true" DataType="varchar" Size="1" NativeType="varchar" Description=""/>
      <Column Name="LPLPR" Nullable="true" DataType="decimal" Precision="11" Scale="0" NativeType="decimal" Description=""/>
      <Column Name="VKSAL" Nullable="true" DataType="decimal" Precision="13" Scale="0" NativeType="decimal" Description=""/>
      <Column Name="HKMAT" Nullable="true" DataType="varchar" Size="1" NativeType="varchar" Description=""/>
      <Column Name="SPERW" Nullable="true" DataType="varchar" Size="1" NativeType="varchar" Description=""/>
      <Column Name="KZIWL" Nullable="true" DataType="varchar" Size="3" NativeType="varchar" Description=""/>
      <Column Name="WLINL" Nullable="true" DataType="date" NativeType="date" Description=""/>
      <Column Name="ABCIW" Nullable="true" DataType="varchar" Size="1" NativeType="varchar" Description=""/>
      <Column Name="BWSPA" Nullable="true" DataType="decimal" Precision="6" Scale="0" NativeType="decimal" Description=""/>
      <Column Name="LPLPX" Nullable="true" DataType="decimal" Precision="11" Scale="0" NativeType="decimal" Description=""/>
      <Column Name="VPLPX" Nullable="true" DataType="decimal" Precision="11" Scale="0" NativeType="decimal" Description=""/>
      <Column Name="FPLPX" Nullable="true" DataType="decimal" Precision="11" Scale="0" NativeType="decimal" Description=""/>
      <Column Name="LBWST" Nullable="true" DataType="varchar" Size="1" NativeType="varchar" Description=""/>
      <Column Name="VBWST" Nullable="true" DataType="varchar" Size="1" NativeType="varchar" Description=""/>
      <Column Name="FBWST" Nullable="true" DataType="varchar" Size="1" NativeType="varchar" Description=""/>
      <Column Name="EKLAS" Nullable="true" DataType="varchar" Size="4" NativeType="varchar" Description=""/>
      <Column Name="QKLAS" Nullable="true" DataType="varchar" Size="4" NativeType="varchar" Description=""/>
      <Column Name="MTUSE" Nullable="true" DataType="varchar" Size="1" NativeType="varchar" Description=""/>
      <Column Name="MTORG" Nullable="true" DataType="varchar" Size="1" NativeType="varchar" Description=""/>
      <Column Name="OWNPR" Nullable="true" DataType="varchar" Size="1" NativeType="varchar" Description=""/>
      <Column Name="XBEWM" Nullable="true" DataType="varchar" Size="1" NativeType="varchar" Description=""/>
      <Column Name="BWPEI" Nullable="true" DataType="decimal" Precision="5" Scale="0" NativeType="decimal" Description=""/>
      <Column Name="MBRUE" Nullable="true" DataType="varchar" Size="1" NativeType="varchar" Description=""/>
      <Column Name="OKLAS" Nullable="true" DataType="varchar" Size="4" NativeType="varchar" Description=""/>
      <Column Name="OIPPINV" Nullable="true" DataType="varchar" Size="1" NativeType="varchar" Description=""/>
      <PrimaryKey>
        <PrimaryKeyColumn>MANDT</PrimaryKeyColumn>
        <PrimaryKeyColumn>MATNR</PrimaryKeyColumn>
        <PrimaryKeyColumn>BWKEY</PrimaryKeyColumn>
        <PrimaryKeyColumn>BWTAR</PrimaryKeyColumn>
      </PrimaryKey>
    </Table>
  </MetadataObjects>
  <Status>
    <StatusCode>SUCCESS</StatusCode>
  </Status>
</MetadataReply>