<MetadataReply xmlns="http://www.sap.com/DataServices/DataServicesXSD">
  <ID>1073</ID>
  <MetadataObjects>
    <Table Name="MLGN" Owner="" Description="">
      <Column Name="MANDT" Nullable="false" DataType="varchar" Size="3" NativeType="varchar" Description=""/>
      <Column Name="MATNR" Nullable="false" DataType="varchar" Size="18" NativeType="varchar" Description=""/>
      <Column Name="LGNUM" Nullable="false" DataType="varchar" Size="3" NativeType="varchar" Description=""/>
      <Column Name="LVORM" Nullable="true" DataType="varchar" Size="1" NativeType="varchar" Description=""/>
      <Column Name="LGBKZ" Nullable="true" DataType="varchar" Size="3" NativeType="varchar" Description=""/>
      <Column Name="LTKZE" Nullable="true" DataType="varchar" Size="3" NativeType="varchar" Description=""/>
      <Column Name="LTKZA" Nullable="true" DataType="varchar" Size="3" NativeType="varchar" Description=""/>
      <Column Name="LHMG1" Nullable="true" DataType="decimal" Precision="13" Scale="0" NativeType="decimal" Description=""/>
      <Column Name="LHMG2" Nullable="true" DataType="decimal" Precision="13" Scale="0" NativeType="decimal" Description=""/>
      <Column Name="LHMG3" Nullable="true" DataType="decimal" Precision="13" Scale="0" NativeType="decimal" Description=""/>
      <Column Name="LHME1" Nullable="true" DataType="varchar" Size="3" NativeType="varchar" Description=""/>
      <Column Name="LHME2" Nullable="true" DataType="varchar" Size="3" NativeType="varchar" Description=""/>
      <Column Name="LHME3" Nullable="true" DataType="varchar" Size="3" NativeType="varchar" Description=""/>
      <Column Name="LETY1" Nullable="true" DataType="varchar" Size="3" NativeType="varchar" Description=""/>
      <Column Name="LETY2" Nullable="true" DataType="varchar" Size="3" NativeType="varchar" Description=""/>
      <Column Name="LETY3" Nullable="true" DataType="varchar" Size="3" NativeType="varchar" Description=""/>
      <Column Name="LVSME" Nullable="true" DataType="varchar" Size="3" NativeType="varchar" Description=""/>
      <Column Name="KZZUL" Nullable="true" DataType="varchar" Size="1" NativeType="varchar" Description=""/>
      <Column Name="BLOCK" Nullable="true" DataType="varchar" Size="2" NativeType="varchar" Description=""/>
      <Column Name="KZMBF" Nullable="true" DataType="varchar" Size="1" NativeType="varchar" Description=""/>
      <Column Name="BSSKZ" Nullable="true" DataType="varchar" Size="1" NativeType="varchar" Description=""/>
      <Column Name="MKAPV" Nullable="true" DataType="decimal" Precision="11" Scale="0" NativeType="decimal" Description=""/>
      <Column Name="BEZME" Nullable="true" DataType="varchar" Size="3" NativeType="varchar" Description=""/>
      <Column Name="PLKPT" Nullable="true" DataType="varchar" Size="3" NativeType="varchar" Description=""/>
      <Column Name="VOMEM" Nullable="true" DataType="varchar" Size="1" NativeType="varchar" Description=""/>
      <Column Name="L2SKR" Nullable="true" DataType="varchar" Size="1" NativeType="varchar" Description=""/>
      <PrimaryKey>
        <PrimaryKeyColumn>MANDT</PrimaryKeyColumn>
        <PrimaryKeyColumn>MATNR</PrimaryKeyColumn>
        <PrimaryKeyColumn>LGNUM</PrimaryKeyColumn>
      </PrimaryKey>
    </Table>
  </MetadataObjects>
  <Status>
    <StatusCode>SUCCESS</StatusCode>
  </Status>
</MetadataReply>