<MetadataReply xmlns="http://www.sap.com/DataServices/DataServicesXSD">
  <ID>1083</ID>
  <MetadataObjects>
    <Table Name="TWMEG" Owner="" Description="">
      <Column Name="MANDT" Nullable="false" DataType="varchar" Size="3" NativeType="varchar" Description=""/>
      <Column Name="MEGRU" Nullable="false" DataType="varchar" Size="4" NativeType="varchar" Description=""/>
      <Column Name="MEINS" Nullable="false" DataType="varchar" Size="3" NativeType="varchar" Description=""/>
      <Column Name="WITHOUT" Nullable="true" DataType="varchar" Size="1" NativeType="varchar" Description=""/>
      <PrimaryKey>
        <PrimaryKeyColumn>MANDT</PrimaryKeyColumn>
        <PrimaryKeyColumn>MEGRU</PrimaryKeyColumn>
        <PrimaryKeyColumn>MEINS</PrimaryKeyColumn>
      </PrimaryKey>
    </Table>
  </MetadataObjects>
  <Status>
    <StatusCode>SUCCESS</StatusCode>
  </Status>
</MetadataReply>