<?xml version="1.0" encoding="utf-8" ?> <RuleExport xmlns="http://www.sap.com/ICC/Rule" version="14.2.10.1763"><RuleInfo> <rule:Rule guid="09A03872-00E3-4FCA-B7D0-01ECC3014052" xmlns:rule="http://www.sap.com/ICC/Rule">
<rule:name>RL_WT_WITHCD_Withholding_tax_code_LFBW_lkp</rule:name>
<rule:grammar_version>1.0.0</rule:grammar_version>
<rule:description>Withholding tax code(WT_WITHCD) should be available in reference table (T059Z)</rule:description>
<rule:Categories><rule:Category name="CA.rule dimension">Integrity</rule:Category></rule:Categories><rule:Parameters>
<rule:Parameter score="true">
<rule:technical_name>$PR_WT_WITHCD_LFBW</rule:technical_name>
<rule:description/>
<rule:data_type>varchar</rule:data_type>
<rule:content_type>NONE</rule:content_type>
</rule:Parameter>
</rule:Parameters>
<rule:ValidationDefinition usage="expression">
<rule:expression>Begin
if
(
   exists('SAP_ECC', 'T059Z', 'WT_WITHCD', $PR_WT_WITHCD_LFBW)
)
return true;
else
return false;
End</rule:expression>
</rule:ValidationDefinition>
<rule:FilterDefinition usage="structured">
<rule:expression>$PR_WT_WITHCD_LFBW IS NOT NULL</rule:expression>
<rule:Structured>
<rule:parameter_name>$PR_WT_WITHCD_LFBW</rule:parameter_name>
<rule:operator>isNotNull</rule:operator>
<rule:value>N/A</rule:value>
</rule:Structured>
</rule:FilterDefinition>

</rule:Rule></RuleInfo> </RuleExport> 