<?xml version="1.0" encoding="utf-8" ?> <RuleExport xmlns="http://www.sap.com/ICC/Rule" version="14.2.10.1763"><RuleInfo> <rule:Rule guid="0D7A5F6D-7B9D-4EC7-BFF2-86F2D68973D6" xmlns:rule="http://www.sap.com/ICC/Rule">
<rule:name>RL_EKGRP_Purchasing_group_LFM1_lkp</rule:name>
<rule:grammar_version>1.0.0</rule:grammar_version>
<rule:description>Purchasing group should be available in reference table (T024)</rule:description>
<rule:Categories><rule:Category name="CA.rule dimension">Integrity</rule:Category></rule:Categories><rule:Parameters>
<rule:Parameter score="true">
<rule:technical_name>$PR_EKGRP_LFM1</rule:technical_name>
<rule:description/>
<rule:data_type>varchar</rule:data_type>
<rule:content_type>NONE</rule:content_type>
</rule:Parameter>
</rule:Parameters>
<rule:ValidationDefinition usage="expression">
<rule:expression>Begin
if
(
   exists('SAP_ECC', 'T024', 'EKGRP', $PR_EKGRP_LFM1)
)
return true;
else
return false;
End</rule:expression>
</rule:ValidationDefinition>
<rule:FilterDefinition usage="structured">
<rule:expression>$PR_EKGRP_LFM1 IS NOT NULL</rule:expression>
<rule:Structured>
<rule:parameter_name>$PR_EKGRP_LFM1</rule:parameter_name>
<rule:operator>isNotNull</rule:operator>
<rule:value>N/A</rule:value>
</rule:Structured>
</rule:FilterDefinition>

</rule:Rule></RuleInfo> </RuleExport> 