<?xml version="1.0" encoding="utf-8" ?> <RuleExport xmlns="http://www.sap.com/ICC/Rule" version="14.2.10.1763"><RuleInfo> <rule:Rule guid="25A651EC-E235-4C42-89E3-122C55F8EB7C" xmlns:rule="http://www.sap.com/ICC/Rule">
<rule:name>RL_NAME1_Vendor_Name1_LFA1_mandatory</rule:name>
<rule:grammar_version>1.0.0</rule:grammar_version>
<rule:description>Vendor Name Row 1 is mandatory</rule:description>
<rule:Categories><rule:Category name="CA.rule dimension">Completeness</rule:Category></rule:Categories><rule:Parameters>
<rule:Parameter score="true">
<rule:technical_name>$PR_NAME1_LFA1</rule:technical_name>
<rule:description/>
<rule:data_type>varchar</rule:data_type>
<rule:content_type>NONE</rule:content_type>
</rule:Parameter>
</rule:Parameters>
<rule:ValidationDefinition usage="expression">
<rule:expression>Begin
if
(
   $PR_NAME1_LFA1 is null or $PR_NAME1_LFA1 = ''
)
return false;
else
return true;
End</rule:expression>
</rule:ValidationDefinition>
</rule:Rule></RuleInfo> </RuleExport> 