<?xml version="1.0" encoding="utf-8" ?> <RuleExport xmlns="http://www.sap.com/ICC/Rule" version="14.2.10.1763"><RuleInfo> <rule:Rule guid="53B3AFCF-0E3F-4231-A278-8703459809E3" xmlns:rule="http://www.sap.com/ICC/Rule">
<rule:name>RL_LIFNR_AccNo_of_VendorOrCreditor_LFA1_mandatory</rule:name>
<rule:grammar_version>1.0.0</rule:grammar_version>
<rule:description>Account Number of Vendor or Creditor is mandatory</rule:description>
<rule:Categories><rule:Category name="CA.rule dimension">Completeness</rule:Category></rule:Categories><rule:Parameters>
<rule:Parameter score="true">
<rule:technical_name>$PR_LIFNR_LFA1</rule:technical_name>
<rule:description/>
<rule:data_type>varchar</rule:data_type>
<rule:content_type>NONE</rule:content_type>
</rule:Parameter>
</rule:Parameters>
<rule:ValidationDefinition usage="expression">
<rule:expression>Begin
if
(
   $PR_LIFNR_LFA1 is null or $PR_LIFNR_LFA1 = ''
)
return false;
else
return true;
End</rule:expression>
</rule:ValidationDefinition>
</rule:Rule><TestData><Row><Parameter name="$PR_LIFNR_LFA1"><![CDATA[<NULL>]]></Parameter><Result>failed</Result></Row><Row><Parameter name="$PR_LIFNR_LFA1"><![CDATA[<BLANK>]]></Parameter><Result>failed</Result></Row><Row><Parameter name="$PR_LIFNR_LFA1"><![CDATA[12d]]></Parameter><Result>passed</Result></Row></TestData></RuleInfo> </RuleExport> 