<?xml version="1.0" encoding="utf-8" ?> <RuleExport xmlns="http://www.sap.com/ICC/Rule" version="14.2.10.1763"><RuleInfo> <rule:Rule guid="568A0148-BA78-4CCF-A7C4-6084CA19679D" xmlns:rule="http://www.sap.com/ICC/Rule">
<rule:name>RL_ADRNR_Address numbers_LFA1_lkp</rule:name>
<rule:grammar_version>1.0.0</rule:grammar_version>
<rule:description>Address numbers must be referenced from table ADRC</rule:description>
<rule:Categories><rule:Category name="CA.rule dimension">Integrity</rule:Category></rule:Categories><rule:Parameters>
<rule:Parameter score="true">
<rule:technical_name>$PR_ADRNR_LFA1</rule:technical_name>
<rule:description/>
<rule:data_type>varchar</rule:data_type>
<rule:content_type>NONE</rule:content_type>
</rule:Parameter>
</rule:Parameters>
<rule:ValidationDefinition usage="expression">
<rule:expression>Begin
if
(
   exists('SAP_ECC', 'ADRC', 'ADDRNUMBER', $PR_ADRNR_LFA1)
)
return true;
else
return false;
End</rule:expression>
</rule:ValidationDefinition>
<rule:FilterDefinition usage="expression">
<rule:expression>$PR_ADRNR_LFA1 IS NOT NULL</rule:expression>
</rule:FilterDefinition>

</rule:Rule></RuleInfo> </RuleExport> 