<?xml version="1.0" encoding="utf-8" ?> <RuleExport xmlns="http://www.sap.com/ICC/Rule" version="14.2.10.1763"><RuleInfo> <rule:Rule guid="720D73B2-D7FD-4161-82D8-CE5BE57388DE" xmlns:rule="http://www.sap.com/ICC/Rule">
<rule:name>RL_SORTL_Search_Term1_LFA1_mandatory</rule:name>
<rule:grammar_version>1.0.0</rule:grammar_version>
<rule:description>Search Term 1 is mandatory</rule:description>
<rule:Categories><rule:Category name="CA.rule dimension">Completeness</rule:Category></rule:Categories><rule:Parameters>
<rule:Parameter score="true">
<rule:technical_name>$PR_SORTL_LFA1</rule:technical_name>
<rule:description/>
<rule:data_type>varchar</rule:data_type>
<rule:content_type>NONE</rule:content_type>
</rule:Parameter>
</rule:Parameters>
<rule:ValidationDefinition usage="expression">
<rule:expression>Begin
if
(
   $PR_SORTL_LFA1 is null or $PR_SORTL_LFA1 = ''
)
return false;
else
return true;
End</rule:expression>
</rule:ValidationDefinition>
</rule:Rule></RuleInfo> </RuleExport> 