<?xml version="1.0" encoding="utf-8" ?> <RuleExport xmlns="http://www.sap.com/ICC/Rule" version="14.2.10.1763"><RuleInfo> <rule:Rule guid="A9E50686-7FA5-4348-8BE5-F32673576EFF" xmlns:rule="http://www.sap.com/ICC/Rule">
<rule:name>RL_BKONT_Bank_Control_Key_LFBK_patternchk</rule:name>
<rule:grammar_version>1.0.0</rule:grammar_version>
<rule:description>Bank Control Key must be 2 characters</rule:description>
<rule:Categories><rule:Category name="CA.rule dimension">Conformity</rule:Category></rule:Categories><rule:Parameters>
<rule:Parameter score="true">
<rule:technical_name>$PR_BKONT_LFBK</rule:technical_name>
<rule:description/>
<rule:data_type>varchar</rule:data_type>
<rule:content_type>NONE</rule:content_type>
</rule:Parameter>
</rule:Parameters>
<rule:ValidationDefinition usage="expression">
<rule:expression>Begin
if
(
   length($PR_BKONT_LFBK) = 2
)
return true;
else
return false;
End</rule:expression>
</rule:ValidationDefinition>
<rule:FilterDefinition usage="structured">
<rule:expression>$PR_BKONT_LFBK IS NOT NULL</rule:expression>
<rule:Structured>
<rule:parameter_name>$PR_BKONT_LFBK</rule:parameter_name>
<rule:operator>isNotNull</rule:operator>
<rule:value>N/A</rule:value>
</rule:Structured>
</rule:FilterDefinition>
</rule:Rule></RuleInfo> </RuleExport> 