<?xml version="1.0" encoding="utf-8" ?> <RuleExport xmlns="http://www.sap.com/ICC/Rule" version="14.2.10.1763"><RuleInfo> <rule:Rule guid="AF9BA68E-ED2C-41D7-8FD3-361C2944495C" xmlns:rule="http://www.sap.com/ICC/Rule">
<rule:name>RL_BANKN_Bank_Account_Number_LFBK_mandatory</rule:name>
<rule:grammar_version>1.0.0</rule:grammar_version>
<rule:description>Bank account number is mandatory</rule:description>
<rule:Categories><rule:Category name="CA.rule dimension">Completeness</rule:Category></rule:Categories><rule:Parameters>
<rule:Parameter score="true">
<rule:technical_name>$PR_BANKN_LFBK</rule:technical_name>
<rule:description/>
<rule:data_type>varchar</rule:data_type>
<rule:content_type>NONE</rule:content_type>
</rule:Parameter>
</rule:Parameters>
<rule:ValidationDefinition usage="expression">
<rule:expression>Begin
if
(
   $PR_BANKN_LFBK is null or $PR_BANKN_LFBK = '' 
)
return false;
else
return true;
End</rule:expression>
</rule:ValidationDefinition>
</rule:Rule></RuleInfo> </RuleExport> 