<?xml version="1.0" encoding="utf-8" ?> <RuleExport xmlns="http://www.sap.com/ICC/Rule" version="14.2.10.1763"><RuleInfo> <rule:Rule guid="B3CA915B-D9A9-46F0-BE76-6EAEE571F504" xmlns:rule="http://www.sap.com/ICC/Rule">
<rule:name>RL_ZWELS_List_of_Payment_Methods_LFB1_lkp</rule:name>
<rule:grammar_version>1.0.0</rule:grammar_version>
<rule:description>List of the Payment Methods to be Considered(ZWELS) should be available in reference table (V_T042E)</rule:description>
<rule:Categories><rule:Category name="CA.rule dimension">Integrity</rule:Category></rule:Categories><rule:Parameters>
<rule:Parameter score="true">
<rule:technical_name>$PR_ZWELS_LFB1</rule:technical_name>
<rule:description/>
<rule:data_type>varchar</rule:data_type>
<rule:content_type>NONE</rule:content_type>
</rule:Parameter>
</rule:Parameters>
<rule:ValidationDefinition usage="expression">
<rule:expression>Begin
if
(
   exists('SAP_ECC', 'T042E', 'ZLSCH', $PR_ZWELS_LFB1)
)
return true;
else
return false;
End</rule:expression>
</rule:ValidationDefinition>
<rule:FilterDefinition usage="structured">
<rule:expression>$PR_ZWELS_LFB1 IS NOT NULL</rule:expression>
<rule:Structured>
<rule:parameter_name>$PR_ZWELS_LFB1</rule:parameter_name>
<rule:operator>isNotNull</rule:operator>
<rule:value>N/A</rule:value>
</rule:Structured>
</rule:FilterDefinition>

</rule:Rule></RuleInfo> </RuleExport> 