<?xml version="1.0" encoding="utf-8" ?> <RuleExport xmlns="http://www.sap.com/ICC/Rule" version="14.2.10.1763"><RuleInfo> <rule:Rule guid="B4922F82-BBAD-481F-970D-B1FCEE54D1D8" xmlns:rule="http://www.sap.com/ICC/Rule">
<rule:name>RL_WITHT_Indicator_for_WithholdingTaxType_LFBW_lkp</rule:name>
<rule:grammar_version>1.0.0</rule:grammar_version>
<rule:description>Indicator for withholding tax type(WITHT) should be available in reference table (T059P)</rule:description>
<rule:Categories><rule:Category name="CA.rule dimension">Integrity</rule:Category></rule:Categories><rule:Parameters>
<rule:Parameter score="true">
<rule:technical_name>$PR_WITHT_LFBW</rule:technical_name>
<rule:description/>
<rule:data_type>varchar</rule:data_type>
<rule:content_type>NONE</rule:content_type>
</rule:Parameter>
</rule:Parameters>
<rule:ValidationDefinition usage="expression">
<rule:expression>Begin
if
(
   exists('SAP_ECC', 'T059P', 'WITHT', $PR_WITHT_LFBW)
)
return true;
else
return false;
End</rule:expression>
</rule:ValidationDefinition>
<rule:FilterDefinition usage="structured">
<rule:expression>$PR_WITHT_LFBW IS NOT NULL</rule:expression>
<rule:Structured>
<rule:parameter_name>$PR_WITHT_LFBW</rule:parameter_name>
<rule:operator>isNotNull</rule:operator>
<rule:value>N/A</rule:value>
</rule:Structured>
</rule:FilterDefinition>

</rule:Rule></RuleInfo> </RuleExport> 