<?xml version="1.0" encoding="utf-8" ?> <RuleExport xmlns="http://www.sap.com/ICC/Rule" version="14.2.10.1763"><RuleInfo> <rule:Rule guid="C39551FA-2973-4462-8E12-0281D52E4E35" xmlns:rule="http://www.sap.com/ICC/Rule">
<rule:name>RL_LTSNR_Supplier_Subrange_LFM2_lkp</rule:name>
<rule:grammar_version>1.0.0</rule:grammar_version>
<rule:description>Supplier Subrange should be available in reference table (WYT1)</rule:description>
<rule:Categories><rule:Category name="CA.rule dimension">Integrity</rule:Category></rule:Categories><rule:Parameters>
<rule:Parameter score="true">
<rule:technical_name>$PR_LTSNR_LFM2</rule:technical_name>
<rule:description/>
<rule:data_type>varchar</rule:data_type>
<rule:content_type>NONE</rule:content_type>
</rule:Parameter>
</rule:Parameters>
<rule:ValidationDefinition usage="expression">
<rule:expression>Begin
if
(
   exists('SAP_ECC', 'WYT1', 'LTSNR', $PR_LTSNR_LFM2)
)
return true;
else
return false;
End</rule:expression>
</rule:ValidationDefinition>
<rule:FilterDefinition usage="structured">
<rule:expression>$PR_LTSNR_LFM2 IS NOT NULL</rule:expression>
<rule:Structured>
<rule:parameter_name>$PR_LTSNR_LFM2</rule:parameter_name>
<rule:operator>isNotNull</rule:operator>
<rule:value>N/A</rule:value>
</rule:Structured>
</rule:FilterDefinition>

</rule:Rule></RuleInfo> </RuleExport> 