<?xml version="1.0" encoding="utf-8" ?> <RuleExport xmlns="http://www.sap.com/ICC/Rule" version="14.2.10.1763"><RuleInfo> <rule:Rule guid="DECD252C-D3ED-4452-A8F2-8A9ABACF6BA6" xmlns:rule="http://www.sap.com/ICC/Rule">
<rule:name>RL_BRSCH_Industry_key_LFA1_lkp</rule:name>
<rule:grammar_version>1.0.0</rule:grammar_version>
<rule:description>Industry key should be available in reference table (T016)</rule:description>
<rule:Categories><rule:Category name="CA.rule dimension">Integrity</rule:Category></rule:Categories><rule:Parameters>
<rule:Parameter score="true">
<rule:technical_name>$PR_BRSCH_LFA1</rule:technical_name>
<rule:description/>
<rule:data_type>varchar</rule:data_type>
<rule:content_type>NONE</rule:content_type>
</rule:Parameter>
</rule:Parameters>
<rule:ValidationDefinition usage="expression">
<rule:expression>Begin
if
(
   exists('SAP_ECC', 'T016', 'BRSCH', $PR_BRSCH_LFA1)
)
return true;
else
return false;
End</rule:expression>
</rule:ValidationDefinition>
<rule:FilterDefinition usage="structured">
<rule:expression>$PR_BRSCH_LFA1 IS NOT NULL</rule:expression>
<rule:Structured>
<rule:parameter_name>$PR_BRSCH_LFA1</rule:parameter_name>
<rule:operator>isNotNull</rule:operator>
<rule:value>N/A</rule:value>
</rule:Structured>
</rule:FilterDefinition>

</rule:Rule></RuleInfo> </RuleExport> 