<?xml version="1.0" encoding="utf-8" ?> <rule:RuleBindingExport version="14.2.10.1763" xmlns:rule="http://www.sap.com/ICC/Rule"><rule:RuleBinding lowThreshold="5" highThreshold="8" tableId="226_7425" ruleName="RL_EKORG_Purchasing_Organization_LFM1_mandatory"><rule:Parameter name="$PR_EKORG_LFM1">EKORG</rule:Parameter></rule:RuleBinding><rule:RuleBinding lowThreshold="5" highThreshold="8" tableId="226_7425" ruleName="RL_INCO1_Incoterms_Part 1_LFM1_mandatory"><rule:Parameter name="$PR_INCO1_LFM1">INCO1</rule:Parameter></rule:RuleBinding><rule:RuleBinding lowThreshold="5" highThreshold="8" tableId="226_7425" ruleName="RL_EKGRP_Purchasing_group_LFM1_lkp"><rule:Parameter name="$PR_EKGRP_LFM1">EKGRP</rule:Parameter></rule:RuleBinding><rule:RelatedTables><vir:Table id="226_7425" xmlns:vir="http://www.sap.com/ICC/VirtualView"><vir:object_type>226</vir:object_type><vir:object_UID>7425</vir:object_UID><vir:qualified_table_name>LFM1</vir:qualified_table_name><vir:connection_name>SAP_ECC</vir:connection_name><vir:schema_name xsi:nil="true" xmlns:xsi="http://www.w3.org/2001/XMLSchema-instance"/><vir:table_name>LFM1</vir:table_name></vir:Table></rule:RelatedTables></rule:RuleBindingExport>