<?xml version="1.0" encoding="utf-8" ?> <rule:RuleBindingExport version="14.2.10.1763" xmlns:rule="http://www.sap.com/ICC/Rule"><rule:RuleBinding lowThreshold="5" highThreshold="8" tableId="226_7420" ruleName="RL_AKONT_Recon_Acc_in_GL_LFB1_mandatory"><rule:Parameter name="$PR_AKONT_LFB1">AKONT</rule:Parameter></rule:RuleBinding><rule:RuleBinding lowThreshold="5" highThreshold="8" tableId="226_7420" ruleName="RL_BUKRS_Company_Code_LFB1_mandatory"><rule:Parameter name="$PR_BUKRS_LFB1">BUKRS</rule:Parameter></rule:RuleBinding><rule:RuleBinding lowThreshold="5" highThreshold="8" tableId="226_7420" ruleName="RL_TOGRU_ToleranceGroupForBP_GL_LFB1_lkp"><rule:Parameter name="$PR_TOGRU_LFB1">TOGRU</rule:Parameter></rule:RuleBinding><rule:RuleBinding lowThreshold="5" highThreshold="8" tableId="226_7420" ruleName="RL_ZTERM_Terms_of_Payment_Key_LFB1_lkp"><rule:Parameter name="$PR_ZTERM_LFB1">ZTERM</rule:Parameter></rule:RuleBinding><rule:RuleBinding lowThreshold="5" highThreshold="8" tableId="226_7420" ruleName="RL_ZUAWA_Key_for_sorting_LFB1_lkp"><rule:Parameter name="$PR_ZUAWA_LFB1">ZUAWA</rule:Parameter></rule:RuleBinding><rule:RuleBinding lowThreshold="5" highThreshold="8" tableId="226_7420" ruleName="RL_LNRZE_Head_office_account_number_LFB1_lkp_cstm"><rule:Parameter name="$PR_LNRZE_LFB1">LNRZE</rule:Parameter></rule:RuleBinding><rule:RuleBinding lowThreshold="5" highThreshold="8" tableId="226_7420" ruleName="RL_BEGRU_Authorization_Group_LFB1_mandatory"><rule:Parameter name="$PR_BEGRU_LFB1">BEGRU</rule:Parameter></rule:RuleBinding><rule:RuleBinding lowThreshold="5" highThreshold="8" tableId="226_7420" ruleName="RL_REPRF_Check_Double_Invoice_Flag_LFB1_mandatory"><rule:Parameter name="$PR_REPRF_LFB1">REPRF</rule:Parameter></rule:RuleBinding><rule:RuleBinding lowThreshold="5" highThreshold="8" tableId="226_7420" ruleName="RL_ZUAWA_Sort_Key_LFB1_mandatory"><rule:Parameter name="$PR_ZUAWA_LFB1">ZUAWA</rule:Parameter></rule:RuleBinding><rule:RuleBinding lowThreshold="5" highThreshold="8" tableId="226_7420" ruleName="RL_ZWELS_List_of_Payment_Methods_LFB1_lkp"><rule:Parameter name="$PR_ZWELS_LFB1">ZWELS</rule:Parameter></rule:RuleBinding><rule:RelatedTables><vir:Table id="226_7420" xmlns:vir="http://www.sap.com/ICC/VirtualView"><vir:object_type>226</vir:object_type><vir:object_UID>7420</vir:object_UID><vir:qualified_table_name>LFB1</vir:qualified_table_name><vir:connection_name>SAP_ECC</vir:connection_name><vir:schema_name xsi:nil="true" xmlns:xsi="http://www.w3.org/2001/XMLSchema-instance"/><vir:table_name>LFB1</vir:table_name></vir:Table></rule:RelatedTables></rule:RuleBindingExport>