<?xml version="1.0" encoding="utf-8" ?> <rule:RuleBindingExport version="14.2.10.1763" xmlns:rule="http://www.sap.com/ICC/Rule"><rule:RuleBinding lowThreshold="5" highThreshold="8" tableId="276_7492" ruleName="RL_BANKN_Bank_Account_Number_LFBK_patternchk_cstm"><rule:Parameter name="$PR_BANKN_LFBK">BANKN</rule:Parameter><rule:Parameter name="$PR_LAND1_LFA1">LAND1</rule:Parameter></rule:RuleBinding><rule:RelatedTables><vir:Table id="276_7492" xmlns:vir="http://www.sap.com/ICC/VirtualView"><vir:object_type>276</vir:object_type><vir:object_UID>7492</vir:object_UID><vir:qualified_table_name>PRJ_Profiling_Vendor.VW_LFA1_LFBK_JOIN</vir:qualified_table_name><vir:connection_name>Views</vir:connection_name><vir:schema_name/><vir:table_name>VW_LFA1_LFBK_JOIN</vir:table_name></vir:Table></rule:RelatedTables></rule:RuleBindingExport>