<?xml version="1.0" encoding="utf-8" ?> <rule:RuleBindingExport version="14.2.10.1763" xmlns:rule="http://www.sap.com/ICC/Rule"><rule:RuleBinding lowThreshold="5" highThreshold="8" tableId="226_7430" ruleName="RL_BUKRS_Company_Code_LFBW_mandatory"><rule:Parameter name="$PR_BUKRS_LFBW">BUKRS</rule:Parameter></rule:RuleBinding><rule:RuleBinding lowThreshold="5" highThreshold="8" tableId="226_7430" ruleName="RL_WITHT_Indicator_for_WithholdingTaxType_LFBW_lkp"><rule:Parameter name="$PR_WITHT_LFBW">WITHT</rule:Parameter></rule:RuleBinding><rule:RuleBinding lowThreshold="5" highThreshold="8" tableId="226_7430" ruleName="RL_WT_WITHCD_Withholding_tax_code_LFBW_lkp"><rule:Parameter name="$PR_WT_WITHCD_LFBW">WT_WITHCD</rule:Parameter></rule:RuleBinding><rule:RelatedTables><vir:Table id="226_7430" xmlns:vir="http://www.sap.com/ICC/VirtualView"><vir:object_type>226</vir:object_type><vir:object_UID>7430</vir:object_UID><vir:qualified_table_name>LFBW</vir:qualified_table_name><vir:connection_name>SAP_ECC</vir:connection_name><vir:schema_name xsi:nil="true" xmlns:xsi="http://www.w3.org/2001/XMLSchema-instance"/><vir:table_name>LFBW</vir:table_name></vir:Table></rule:RelatedTables></rule:RuleBindingExport>