<?xml version="1.0" encoding="utf-8" ?> <rule:RuleBindingExport version="14.2.10.1763" xmlns:rule="http://www.sap.com/ICC/Rule"><rule:RuleBinding lowThreshold="5" highThreshold="8" tableId="226_7409" ruleName="RL_LIFNR_AccNo_of_VendorOrCreditor_LFA1_mandatory"><rule:Parameter name="$PR_LIFNR_LFA1">LIFNR</rule:Parameter></rule:RuleBinding><rule:RuleBinding lowThreshold="5" highThreshold="8" tableId="226_7409" ruleName="RL_VBUND_Trading_Partner_LFA1_patternchk"><rule:Parameter name="$PR_VBUND_LFA1">VBUND</rule:Parameter></rule:RuleBinding><rule:RuleBinding lowThreshold="5" highThreshold="8" tableId="226_7409" ruleName="RL_TXJCD_Tax_Jurisdiction_Code_LFA1_lkp"><rule:Parameter name="$PR_TXJCD_LFA1">TXJCD</rule:Parameter></rule:RuleBinding><rule:RuleBinding lowThreshold="5" highThreshold="8" tableId="226_7409" ruleName="RL_BRSCH_Industry_key_LFA1_lkp"><rule:Parameter name="$PR_BRSCH_LFA1">BRSCH</rule:Parameter></rule:RuleBinding><rule:RuleBinding lowThreshold="5" highThreshold="8" tableId="226_7409" ruleName="RL_KUNNR_Customer_LFA1_lkp"><rule:Parameter name="$PR_KUNNR_LFA1">KUNNR</rule:Parameter></rule:RuleBinding><rule:RuleBinding lowThreshold="5" highThreshold="8" tableId="226_7409" ruleName="RL_WERKS_Plant_LFM2_LFA1_lkp"><rule:Parameter name="$PR_WERKS_LFM2_LFA1">WERKS</rule:Parameter></rule:RuleBinding><rule:RuleBinding lowThreshold="5" highThreshold="8" tableId="226_7409" ruleName="RL_ADRNR_Address numbers_LFA1_lkp"><rule:Parameter name="$PR_ADRNR_LFA1">ADRNR</rule:Parameter></rule:RuleBinding><rule:RuleBinding lowThreshold="5" highThreshold="8" tableId="226_7409" ruleName="RL_KTOKK_Vendor_account_group_LFA1_mandatory"><rule:Parameter name="$PR_KTOKK_LFA1">KTOKK</rule:Parameter></rule:RuleBinding><rule:RuleBinding lowThreshold="5" highThreshold="8" tableId="226_7409" ruleName="RL_PSTLZ_Postal_Code_LFA1_patternchk_cstm"><rule:Parameter name="$PR_PSTLZ_LFA1">PSTLZ</rule:Parameter><rule:Parameter name="$PR_LAND1_LFA1">LAND1</rule:Parameter></rule:RuleBinding><rule:RuleBinding lowThreshold="5" highThreshold="8" tableId="226_7409" ruleName="RL_NAME1_Vendor_Name1_LFA1_mandatory"><rule:Parameter name="$PR_NAME1_LFA1">NAME1</rule:Parameter></rule:RuleBinding><rule:RuleBinding lowThreshold="5" highThreshold="8" tableId="226_7409" ruleName="RL_LNRZA_Customer_LFA1_lkp_cstm"><rule:Parameter name="$PR_LNRZA_LFA1">LNRZA</rule:Parameter></rule:RuleBinding><rule:RuleBinding lowThreshold="5" highThreshold="8" tableId="226_7409" ruleName="RL_STCD2_Tax_Code_LFA1_patternchk_cstm"><rule:Parameter name="$PR_STCD2_LFA1">STCD2</rule:Parameter><rule:Parameter name="$PR_LAND1_LFA1">LAND1</rule:Parameter></rule:RuleBinding><rule:RuleBinding lowThreshold="5" highThreshold="8" tableId="226_7409" ruleName="RL_STCD1_Tax_Code_LFA1_patternchk_cstm"><rule:Parameter name="$PR_STCD1_LFA1">STCD1</rule:Parameter><rule:Parameter name="$PR_LAND1_LFA1">LAND1</rule:Parameter></rule:RuleBinding><rule:RuleBinding lowThreshold="5" highThreshold="8" tableId="226_7409" ruleName="RL_ORT01_City_LFA1_mandatory"><rule:Parameter name="$PR_ORT01_LFA1">ORT01</rule:Parameter></rule:RuleBinding><rule:RuleBinding lowThreshold="5" highThreshold="8" tableId="226_7409" ruleName="RL_SPRAS_Language_Key_LFA1_mandatory"><rule:Parameter name="$PR_SPRAS_LFA1">SPRAS</rule:Parameter></rule:RuleBinding><rule:RuleBinding lowThreshold="5" highThreshold="8" tableId="226_7409" ruleName="RL_LAND1_Country_Key_LFA1_mandatory"><rule:Parameter name="$PR_LAND1_LFA1">LAND1</rule:Parameter></rule:RuleBinding><rule:RuleBinding lowThreshold="5" highThreshold="8" tableId="226_7409" ruleName="RL_SORTL_Search_Term1_LFA1_mandatory"><rule:Parameter name="$PR_SORTL_LFA1">SORTL</rule:Parameter></rule:RuleBinding><rule:RuleBinding lowThreshold="5" highThreshold="8" tableId="226_7409" ruleName="RL_PSTLZ_Search_Term1_LFA1_mandatory"><rule:Parameter name="$PR_PSTLZ_LFA1">PSTLZ</rule:Parameter></rule:RuleBinding><rule:RelatedTables><vir:Table id="226_7409" xmlns:vir="http://www.sap.com/ICC/VirtualView"><vir:object_type>226</vir:object_type><vir:object_UID>7409</vir:object_UID><vir:qualified_table_name>LFA1</vir:qualified_table_name><vir:connection_name>SAP_ECC</vir:connection_name><vir:schema_name xsi:nil="true" xmlns:xsi="http://www.w3.org/2001/XMLSchema-instance"/><vir:table_name>LFA1</vir:table_name></vir:Table></rule:RelatedTables></rule:RuleBindingExport>