<?xml version="1.0" encoding="utf-8" ?> <rule:RuleBindingExport version="14.2.10.1763" xmlns:rule="http://www.sap.com/ICC/Rule"><rule:RuleBinding lowThreshold="5" highThreshold="8" tableId="226_7427" ruleName="RL_BANKL_Bank_Key_LFBK_mandatory"><rule:Parameter name="$PR_BANKL_LFBK">BANKL</rule:Parameter></rule:RuleBinding><rule:RuleBinding lowThreshold="5" highThreshold="8" tableId="226_7427" ruleName="RL_BKONT_Bank_Control_Key_LFBK_patternchk"><rule:Parameter name="$PR_BKONT_LFBK">BKONT</rule:Parameter></rule:RuleBinding><rule:RuleBinding lowThreshold="5" highThreshold="8" tableId="226_7427" ruleName="RL_BANKN_Bank_Account_Number_LFBK_mandatory"><rule:Parameter name="$PR_BANKN_LFBK">BANKN</rule:Parameter></rule:RuleBinding><rule:RuleBinding lowThreshold="5" highThreshold="8" tableId="226_7427" ruleName="RL_BANKS_Bank_Country_Key_LFBK_mandatory"><rule:Parameter name="$PR_BANKS_LFBK">BANKS</rule:Parameter></rule:RuleBinding><rule:RelatedTables><vir:Table id="226_7427" xmlns:vir="http://www.sap.com/ICC/VirtualView"><vir:object_type>226</vir:object_type><vir:object_UID>7427</vir:object_UID><vir:qualified_table_name>LFBK</vir:qualified_table_name><vir:connection_name>SAP_ECC</vir:connection_name><vir:schema_name xsi:nil="true" xmlns:xsi="http://www.w3.org/2001/XMLSchema-instance"/><vir:table_name>LFBK</vir:table_name></vir:Table></rule:RelatedTables></rule:RuleBindingExport>