<?xml version="1.0" encoding="utf-8" ?> <rule:RuleBindingExport version="14.2.10.1763" xmlns:rule="http://www.sap.com/ICC/Rule"><rule:RuleBinding lowThreshold="5" highThreshold="8" tableId="226_7432" ruleName="RL_EKORG_Purchasing_Organization_LFM2_lkp"><rule:Parameter name="$PR_EKORG_LFM2">EKORG</rule:Parameter></rule:RuleBinding><rule:RuleBinding lowThreshold="5" highThreshold="8" tableId="226_7432" ruleName="RL_LTSNR_Supplier_Subrange_LFM2_lkp"><rule:Parameter name="$PR_LTSNR_LFM2">LTSNR</rule:Parameter></rule:RuleBinding><rule:RuleBinding lowThreshold="5" highThreshold="8" tableId="226_7432" ruleName="RL_WERKS_Plant_LFM2_LFA1_lkp"><rule:Parameter name="$PR_WERKS_LFM2_LFA1">WERKS</rule:Parameter></rule:RuleBinding><rule:RelatedTables><vir:Table id="226_7432" xmlns:vir="http://www.sap.com/ICC/VirtualView"><vir:object_type>226</vir:object_type><vir:object_UID>7432</vir:object_UID><vir:qualified_table_name>LFM2</vir:qualified_table_name><vir:connection_name>SAP_ECC</vir:connection_name><vir:schema_name xsi:nil="true" xmlns:xsi="http://www.w3.org/2001/XMLSchema-instance"/><vir:table_name>LFM2</vir:table_name></vir:Table></rule:RelatedTables></rule:RuleBindingExport>