<MetadataReply xmlns="http://www.sap.com/DataServices/DataServicesXSD">
  <ID>4647</ID>
  <MetadataObjects>
    <Table Name="EXT_ALL_T005" Owner="DM_STG1" Description="">
      <Attributes>
        <Attribute Name="Table_Subtype" Value="TABLE"/>
      </Attributes>
      <Column Name="SOURCE_SYSTEM" Nullable="true" DataType="varchar" Size="10" NativeType="VARCHAR" Description=""/>
      <Column Name="MANDT" Nullable="true" DataType="varchar" Size="3" NativeType="VARCHAR" Description=""/>
      <Column Name="LAND1" Nullable="true" DataType="varchar" Size="3" NativeType="VARCHAR" Description=""/>
      <Column Name="LANDK" Nullable="true" DataType="varchar" Size="3" NativeType="VARCHAR" Description=""/>
      <Column Name="LNPLZ" Nullable="true" DataType="decimal" Precision="2" Scale="0" NativeType="DECIMAL" Description=""/>
      <Column Name="PRPLZ" Nullable="true" DataType="varchar" Size="1" NativeType="VARCHAR" Description=""/>
      <Column Name="ADDRS" Nullable="true" DataType="varchar" Size="3" NativeType="VARCHAR" Description=""/>
      <Column Name="XPLZS" Nullable="true" DataType="varchar" Size="1" NativeType="VARCHAR" Description=""/>
      <Column Name="XPLPF" Nullable="true" DataType="varchar" Size="1" NativeType="VARCHAR" Description=""/>
      <Column Name="SPRAS" Nullable="true" DataType="varchar" Size="1" NativeType="VARCHAR" Description=""/>
      <Column Name="XLAND" Nullable="true" DataType="varchar" Size="1" NativeType="VARCHAR" Description=""/>
      <Column Name="XADDR" Nullable="true" DataType="varchar" Size="1" NativeType="VARCHAR" Description=""/>
      <Column Name="NMFMT" Nullable="true" DataType="varchar" Size="2" NativeType="VARCHAR" Description=""/>
      <Column Name="XREGS" Nullable="true" DataType="varchar" Size="1" NativeType="VARCHAR" Description=""/>
      <Column Name="XPLST" Nullable="true" DataType="varchar" Size="1" NativeType="VARCHAR" Description=""/>
      <Column Name="INTCA" Nullable="true" DataType="varchar" Size="2" NativeType="VARCHAR" Description=""/>
      <Column Name="INTCA3" Nullable="true" DataType="varchar" Size="3" NativeType="VARCHAR" Description=""/>
      <Column Name="INTCN3" Nullable="true" DataType="decimal" Precision="3" Scale="0" NativeType="DECIMAL" Description=""/>
      <Column Name="XEGLD" Nullable="true" DataType="varchar" Size="1" NativeType="VARCHAR" Description=""/>
      <Column Name="XSKFN" Nullable="true" DataType="varchar" Size="1" NativeType="VARCHAR" Description=""/>
      <Column Name="XMWSN" Nullable="true" DataType="varchar" Size="1" NativeType="VARCHAR" Description=""/>
      <Column Name="LNBKN" Nullable="true" DataType="decimal" Precision="2" Scale="0" NativeType="DECIMAL" Description=""/>
      <Column Name="PRBKN" Nullable="true" DataType="varchar" Size="1" NativeType="VARCHAR" Description=""/>
      <Column Name="LNBLZ" Nullable="true" DataType="decimal" Precision="2" Scale="0" NativeType="DECIMAL" Description=""/>
      <Column Name="PRBLZ" Nullable="true" DataType="varchar" Size="1" NativeType="VARCHAR" Description=""/>
      <Column Name="LNPSK" Nullable="true" DataType="decimal" Precision="2" Scale="0" NativeType="DECIMAL" Description=""/>
      <Column Name="PRPSK" Nullable="true" DataType="varchar" Size="1" NativeType="VARCHAR" Description=""/>
      <Column Name="XPRBK" Nullable="true" DataType="varchar" Size="1" NativeType="VARCHAR" Description=""/>
      <Column Name="BNKEY" Nullable="true" DataType="varchar" Size="1" NativeType="VARCHAR" Description=""/>
      <Column Name="LNBKS" Nullable="true" DataType="decimal" Precision="2" Scale="0" NativeType="DECIMAL" Description=""/>
      <Column Name="PRBKS" Nullable="true" DataType="varchar" Size="1" NativeType="VARCHAR" Description=""/>
      <Column Name="XPRSO" Nullable="true" DataType="varchar" Size="1" NativeType="VARCHAR" Description=""/>
      <Column Name="PRUIN" Nullable="true" DataType="varchar" Size="1" NativeType="VARCHAR" Description=""/>
      <Column Name="UINLN" Nullable="true" DataType="decimal" Precision="2" Scale="0" NativeType="DECIMAL" Description=""/>
      <Column Name="LNST1" Nullable="true" DataType="decimal" Precision="2" Scale="0" NativeType="DECIMAL" Description=""/>
      <Column Name="PRST1" Nullable="true" DataType="varchar" Size="1" NativeType="VARCHAR" Description=""/>
      <Column Name="LNST2" Nullable="true" DataType="decimal" Precision="2" Scale="0" NativeType="DECIMAL" Description=""/>
      <Column Name="PRST2" Nullable="true" DataType="varchar" Size="1" NativeType="VARCHAR" Description=""/>
      <Column Name="LNST3" Nullable="true" DataType="decimal" Precision="2" Scale="0" NativeType="DECIMAL" Description=""/>
      <Column Name="PRST3" Nullable="true" DataType="varchar" Size="1" NativeType="VARCHAR" Description=""/>
      <Column Name="LNST4" Nullable="true" DataType="decimal" Precision="2" Scale="0" NativeType="DECIMAL" Description=""/>
      <Column Name="PRST4" Nullable="true" DataType="varchar" Size="1" NativeType="VARCHAR" Description=""/>
      <Column Name="LNST5" Nullable="true" DataType="decimal" Precision="2" Scale="0" NativeType="DECIMAL" Description=""/>
      <Column Name="PRST5" Nullable="true" DataType="varchar" Size="1" NativeType="VARCHAR" Description=""/>
      <Column Name="LANDD" Nullable="true" DataType="varchar" Size="3" NativeType="VARCHAR" Description=""/>
      <Column Name="KALSM" Nullable="true" DataType="varchar" Size="6" NativeType="VARCHAR" Description=""/>
      <Column Name="LANDA" Nullable="true" DataType="varchar" Size="3" NativeType="VARCHAR" Description=""/>
      <Column Name="WECHF" Nullable="true" DataType="decimal" Precision="3" Scale="0" NativeType="DECIMAL" Description=""/>
      <Column Name="LKVRZ" Nullable="true" DataType="varchar" Size="7" NativeType="VARCHAR" Description=""/>
      <Column Name="INTCN" Nullable="true" DataType="decimal" Precision="3" Scale="0" NativeType="DECIMAL" Description=""/>
      <Column Name="XDEZP" Nullable="true" DataType="varchar" Size="1" NativeType="VARCHAR" Description=""/>
      <Column Name="DATFM" Nullable="true" DataType="varchar" Size="1" NativeType="VARCHAR" Description=""/>
      <Column Name="CURIN" Nullable="true" DataType="varchar" Size="5" NativeType="VARCHAR" Description=""/>
      <Column Name="CURHA" Nullable="true" DataType="varchar" Size="5" NativeType="VARCHAR" Description=""/>
      <Column Name="WAERS" Nullable="true" DataType="varchar" Size="5" NativeType="VARCHAR" Description=""/>
      <Column Name="KURST" Nullable="true" DataType="varchar" Size="4" NativeType="VARCHAR" Description=""/>
      <Column Name="AFAPL" Nullable="true" DataType="varchar" Size="4" NativeType="VARCHAR" Description=""/>
      <Column Name="GWGWRT" Nullable="true" DataType="decimal" Precision="13" Scale="2" NativeType="DECIMAL" Description=""/>
      <Column Name="UMRWRT" Nullable="true" DataType="decimal" Precision="13" Scale="2" NativeType="DECIMAL" Description=""/>
      <Column Name="KZRBWB" Nullable="true" DataType="varchar" Size="1" NativeType="VARCHAR" Description=""/>
      <Column Name="XANZUM" Nullable="true" DataType="varchar" Size="1" NativeType="VARCHAR" Description=""/>
      <Column Name="CTNCONCEPT" Nullable="true" DataType="varchar" Size="4" NativeType="VARCHAR" Description=""/>
      <Column Name="KZSRV" Nullable="true" DataType="varchar" Size="1" NativeType="VARCHAR" Description=""/>
      <Column Name="XXINVE" Nullable="true" DataType="varchar" Size="1" NativeType="VARCHAR" Description=""/>
      <Column Name="SUREG" Nullable="true" DataType="varchar" Size="8" NativeType="VARCHAR" Description=""/>
      <Column Name="LANDGRP_VP" Nullable="true" DataType="varchar" Size="2" NativeType="VARCHAR" Description=""/>
      <Column Name="DI_CREATED_DATE" Nullable="true" DataType="datetime" Precision="27" Scale="7" NativeType="TIMESTAMP" Description=""/>
      <Column Name="DI_CREATED_BY" Nullable="true" DataType="varchar" Size="100" NativeType="VARCHAR" Description=""/>
    </Table>
  </MetadataObjects>
  <Status>
    <StatusCode>SUCCESS</StatusCode>
  </Status>
</MetadataReply>