<?xml version="1.0" encoding="utf-8" ?> <RuleExport xmlns="http://www.sap.com/ICC/Rule" version="14.2.14.2834"><RuleInfo> <rule:Rule guid="022729AB-9D7B-4DBF-805A-2AF9ED2D7997" xmlns:rule="http://www.sap.com/ICC/Rule">
<rule:name>RL_LNRZE_Head_office_account_number_lkp_cstm</rule:name>
<rule:grammar_version>1.0.0</rule:grammar_version>
<rule:description>Head office account number(LNRZE) should be available in reference table (LFB1)</rule:description>
<rule:Categories><rule:Category name="CA.rule dimension">Integrity</rule:Category></rule:Categories><rule:Parameters>
<rule:Parameter score="true">
<rule:technical_name>$PR_LNRZE_LFB1</rule:technical_name>
<rule:description/>
<rule:data_type>varchar</rule:data_type>
<rule:content_type/>
</rule:Parameter>
</rule:Parameters>
<rule:ValidationDefinition usage="expression">
<rule:expression>Begin
if
(
   exists('SAP_ECC', 'LFA1', 'LIFNR', $PR_LNRZE_LFB1)
)
return true;
else
return false;
End</rule:expression>
</rule:ValidationDefinition>
<rule:FilterDefinition usage="structured">
<rule:expression>$PR_LNRZE_LFB1 IS NOT NULL</rule:expression>
<rule:Structured>
<rule:parameter_name>$PR_LNRZE_LFB1</rule:parameter_name>
<rule:operator>isNotNull</rule:operator>
<rule:value>N/A</rule:value>
</rule:Structured>
</rule:FilterDefinition>

</rule:Rule></RuleInfo> </RuleExport> 