<?xml version="1.0" encoding="utf-8" ?> <RuleExport xmlns="http://www.sap.com/ICC/Rule" version="14.2.14.2834"><RuleInfo> <rule:Rule guid="565685B7-7F08-4816-A247-BB31D4EE70F2" xmlns:rule="http://www.sap.com/ICC/Rule">
<rule:name>RL_LNRZA_Customer_lkp_cstm</rule:name>
<rule:grammar_version>1.0.0</rule:grammar_version>
<rule:description>A Vendor assigned an alternate payee can’t be an alternate payee for another Vendor</rule:description>
<rule:Categories><rule:Category name="CA.rule dimension">Integrity</rule:Category></rule:Categories><rule:Parameters>
<rule:Parameter score="true">
<rule:technical_name>$PR_LNRZA_LFA1</rule:technical_name>
<rule:description/>
<rule:data_type>varchar</rule:data_type>
<rule:content_type/>
</rule:Parameter>
</rule:Parameters>
<rule:ValidationDefinition usage="expression">
<rule:expression>DECLARE
$varCountLifnr int;

Begin
$varCountLifnr=lookup('Views', 'PRJ_Profiling_Vendor.VW_LFA1_LINFR_LNRZA_Count', 'LNRZA', $PR_LNRZA_LFA1, 'COUNT', null);

if (($varCountLifnr =1) or ($varCountLifnr is null))
return true;
else
return false;
End</rule:expression>
</rule:ValidationDefinition>
<rule:FilterDefinition usage="structured">
<rule:expression>$PR_LNRZA_LFA1 IS NOT NULL</rule:expression>
<rule:Structured>
<rule:parameter_name>$PR_LNRZA_LFA1</rule:parameter_name>
<rule:operator>isNotNull</rule:operator>
<rule:value>N/A</rule:value>
</rule:Structured>
</rule:FilterDefinition>

</rule:Rule></RuleInfo> </RuleExport> 