<?xml version="1.0" encoding="utf-8" ?> <RuleExport xmlns="http://www.sap.com/ICC/Rule" version="14.2.14.2834"><RuleInfo> <rule:Rule guid="D9FF5DF2-53A7-4931-9BB3-B5849E4DE6FE" xmlns:rule="http://www.sap.com/ICC/Rule">
<rule:name>RL_STCD2_Tax_Code_LFA1_patternchk_cstm</rule:name>
<rule:grammar_version>1.0.0</rule:grammar_version>
<rule:description>Tax code must follow permitted character lengths defined by T005-PRST2</rule:description>
<rule:Categories><rule:Category name="CA.rule dimension">Conformity</rule:Category></rule:Categories><rule:Parameters>
<rule:Parameter score="true">
<rule:technical_name>$PR_STCD2_LFA1</rule:technical_name>
<rule:description/>
<rule:data_type>varchar</rule:data_type>
<rule:content_type/>
</rule:Parameter>
<rule:Parameter score="true">
<rule:technical_name>$PR_LAND1_LFA1</rule:technical_name>
<rule:description/>
<rule:data_type>varchar</rule:data_type>
<rule:content_type/>
</rule:Parameter>
</rule:Parameters>
<rule:ValidationDefinition usage="expression">
<rule:expression>DECLARE
    # declare variables
    $var_PRST2 varchar(20);
     $var_LNST2 int;
    
BEGIN
    # initialize variables  
    $var_PRST2 =  lookup('SAP_ECC', 'T005','LAND1', $PR_LAND1_LFA1,'PRST2', NULL);
     $var_LNST2 =   lookup('SAP_ECC', 'T005','LAND1', $PR_LAND1_LFA1,'LNST2', NULL);

    IF ( $var_PRST2 = '1')
       BEGIN   
        IF(match_pattern($PR_STCD2_LFA1, '* *'))
                                           RETURN FALSE;
                 ELSE IF (length($PR_STCD2_LFA1) >  $var_LNST2)
                 RETURN FALSE;
          ELSE
                RETURN TRUE;
       END
   IF ( $var_PRST2 = '2')
       BEGIN   
        IF(match_pattern($PR_STCD2_LFA1, '* *'))
                             RETURN FALSE;
                 ELSE IF( not match_regex($PR_STCD2_LFA1, '[0-9]*', null))
                             RETURN FALSE;
          ELSE IF (length($PR_STCD2_LFA1) >  $var_LNST2)
               RETURN FALSE;
          ELSE
                             RETURN TRUE;
              END

    IF ( $var_PRST2 = '3')
       BEGIN   
        IF(match_pattern($PR_STCD2_LFA1, '* *'))
                                           RETURN FALSE;
                 ELSE IF (length($PR_STCD2_LFA1) !=  $var_LNST2)
               RETURN FALSE;
          ELSE
                             RETURN TRUE;
              END
IF ( $var_PRST2 = '4')
       BEGIN   
        IF(match_pattern($PR_STCD2_LFA1, '* *'))
                             RETURN FALSE;
                 ELSE IF( not match_regex($PR_STCD2_LFA1, '[0-9]*', null))
                             RETURN FALSE;
          ELSE IF (length($PR_STCD2_LFA1) !=  $var_LNST2)
               RETURN FALSE;
          ELSE
                             RETURN TRUE;
              END
IF ( $var_PRST2 = '5')
       BEGIN   
                 IF (length($PR_STCD2_LFA1) >  $var_LNST2)
               RETURN FALSE;
          ELSE
                             RETURN TRUE;
              END
   IF ( $var_PRST2 = '6')
       BEGIN   
               IF( not match_regex(replace_substr($PR_STCD2_LFA1, ' ', null, 1, null), '[0-9]*', null))
                             RETURN FALSE;
          ELSE IF (length($PR_STCD2_LFA1) >  $var_LNST2)
               RETURN FALSE;
          ELSE
                             RETURN TRUE;
              END
IF ( $var_PRST2 = '7')
       BEGIN   
        IF (length($PR_STCD2_LFA1) !=  $var_LNST2)
               RETURN FALSE;
          ELSE
                             RETURN TRUE;
              END
IF ( $var_PRST2 = '8')
       BEGIN   
     IF( not match_regex(replace_substr($PR_STCD2_LFA1, ' ', null, 1, null), '[0-9]*', null))
                             RETURN FALSE;
          ELSE IF (length($PR_STCD2_LFA1) !=  $var_LNST2)
               RETURN FALSE;
          ELSE
                             RETURN TRUE;
              END
  RETURN TRUE;
END</rule:expression>
</rule:ValidationDefinition>
<rule:FilterDefinition usage="structured">
<rule:expression>$PR_STCD2_LFA1 IS NOT NULL</rule:expression>
<rule:Structured>
<rule:parameter_name>$PR_STCD2_LFA1</rule:parameter_name>
<rule:operator>isNotNull</rule:operator>
<rule:value>N/A</rule:value>
</rule:Structured>
</rule:FilterDefinition>

</rule:Rule></RuleInfo> </RuleExport> 