<?xml version="1.0" encoding="utf-8" ?> <RuleExport xmlns="http://www.sap.com/ICC/Rule" version="14.2.14.2834"><RuleInfo> <rule:Rule guid="DA299A42-C310-4BF0-BD96-D33B7374DA4B" xmlns:rule="http://www.sap.com/ICC/Rule">
<rule:name>RL_BANKN_Bank_Account_Number_LFBK_patternchk_cstm</rule:name>
<rule:grammar_version>1.0.0</rule:grammar_version>
<rule:description>Bank account number must follow permitted character lengths defined by T005-PRBKN</rule:description>
<rule:Categories><rule:Category name="CA.rule dimension">Conformity</rule:Category></rule:Categories><rule:Parameters>
<rule:Parameter score="true">
<rule:technical_name>$PR_BANKN_LFBK</rule:technical_name>
<rule:description/>
<rule:data_type>varchar</rule:data_type>
<rule:content_type>NONE</rule:content_type>
</rule:Parameter>
<rule:Parameter score="true">
<rule:technical_name>$PR_LAND1_LFA1</rule:technical_name>
<rule:description/>
<rule:data_type>varchar</rule:data_type>
<rule:content_type>NONE</rule:content_type>
</rule:Parameter>
</rule:Parameters>
<rule:ValidationDefinition usage="expression">
<rule:expression>DECLARE
    # declare variables
    $var_PRBKN varchar(20);
    $var_LNBKN int;
   
BEGIN
    # initialize variables  
    $var_PRBKN =  lookup('SAP_ECC', 'T005', 'LAND1', $PR_LAND1_LFA1, 'PRBKN', NULL);
    $var_LNBKN =   lookup('SAP_ECC', 'T005', 'LAND1', $PR_LAND1_LFA1, 'LNBKN', NULL);

    IF ($var_PRBKN = '1')
       BEGIN   
        IF(match_pattern($PR_BANKN_LFBK, '* *'))
                                           RETURN FALSE;
                 ELSE IF (length($PR_BANKN_LFBK) > $var_LNBKN)
                 RETURN FALSE;
          ELSE
                 RETURN TRUE;
       END
   IF ($var_PRBKN = '2')
       BEGIN   
        IF(match_pattern($PR_BANKN_LFBK, '* *'))
                             RETURN FALSE;
                 ELSE IF( not match_regex($PR_BANKN_LFBK, '[0-9]*', null))
                             RETURN FALSE;
          ELSE IF (length($PR_BANKN_LFBK) > $var_LNBKN)
               RETURN FALSE;
          ELSE
                             RETURN TRUE;
              END

    IF ($var_PRBKN = '3')
       BEGIN   
        IF(match_pattern($PR_BANKN_LFBK, '* *'))
                                           RETURN FALSE;
                 ELSE IF (length($PR_BANKN_LFBK) != $var_LNBKN)
               RETURN FALSE;
          ELSE
                             RETURN TRUE;
              END
IF ($var_PRBKN = '4')
       BEGIN   
        IF(match_pattern($PR_BANKN_LFBK, '* *'))
                             RETURN FALSE;
                 ELSE IF( not match_regex($PR_BANKN_LFBK, '[0-9]*', null))
                             RETURN FALSE;
          ELSE IF (length($PR_BANKN_LFBK) != $var_LNBKN)
               RETURN FALSE;
          ELSE
                             RETURN TRUE;
              END
IF ($var_PRBKN = '5')
       BEGIN   
                 IF (length($PR_BANKN_LFBK) > $var_LNBKN)
               RETURN FALSE;
          ELSE
                             RETURN TRUE;
              END
   IF ($var_PRBKN = '6')
       BEGIN   
               IF( not match_regex(replace_substr($PR_BANKN_LFBK, ' ', null, 1, null), '[0-9]*', null))
                             RETURN FALSE;
          ELSE IF (length($PR_BANKN_LFBK) > $var_LNBKN)
               RETURN FALSE;
          ELSE
                             RETURN TRUE;
              END
IF ($var_PRBKN = '7')
       BEGIN   
        IF (length($PR_BANKN_LFBK) != $var_LNBKN)
               RETURN FALSE;
          ELSE
                             RETURN TRUE;
              END
IF ($var_PRBKN = '8')
       BEGIN   
     IF( not match_regex(replace_substr($PR_BANKN_LFBK, ' ', null, 1, null), '[0-9]*', null))
                             RETURN FALSE;
          ELSE IF (length($PR_BANKN_LFBK) != $var_LNBKN)
               RETURN FALSE;
          ELSE
                             RETURN TRUE;
              END
  RETURN TRUE;
END</rule:expression>
</rule:ValidationDefinition>
<rule:FilterDefinition usage="structured">
<rule:expression>$PR_BANKN_LFBK IS NOT NULL</rule:expression>
<rule:Structured>
<rule:parameter_name>$PR_BANKN_LFBK</rule:parameter_name>
<rule:operator>isNotNull</rule:operator>
<rule:value>N/A</rule:value>
</rule:Structured>
</rule:FilterDefinition>

</rule:Rule></RuleInfo> </RuleExport> 