<?xml version="1.0" encoding="utf-8" ?> <ConnectionExport xmlns="http://www.sap.com/IS/Connection" version="14.2.12.2360"><Connection><technical_name><![CDATA[DM_STG1]]></technical_name><business_name><![CDATA[DM_STG1]]></business_name><canonical_name><![CDATA[NewDBDatastoreConfiguration:DM_STG1:DM_STG1]]></canonical_name><connection_type><![CDATA[201]]></connection_type><Properties><Property name="Connection.DatabaseConnectionType"><![CDATA[DSN]]></Property><Property name="UseBulkLoading"><![CDATA[true]]></Property><Property name="Locale.ServerCodePage"><![CDATA[default]]></Property><Property name="Connection.DataSource"><![CDATA[DM_STG1]]></Property><Property name="DatabaseName"><![CDATA[NewDBDatastoreConfiguration]]></Property><Property name="UnknownDataTypes.Size"><![CDATA[255]]></Property><Property name="Connection.CanonicalNameTemplate"><![CDATA[{Connection.DataSource}:{Login.UserName}]]></Property><Property name="Connection.Version"><![CDATA[HANA 1.x]]></Property><Property name="UnknownDataTypes.ImportAsVarchar"><![CDATA[yes]]></Property><Property name="Locale.CodePage"><![CDATA[default]]></Property><Property name="name"><![CDATA[DM_STG1]]></Property><Property name="Locale.Language"><![CDATA[default]]></Property><Property name="FailedData"><![CDATA[false]]></Property></Properties></Connection></ConnectionExport>