<?xml version="1.0" encoding="utf-8" ?> <task:Task xmlns:task="http://www.sap.com/ICC/Task"><task:technical_name>TK_LFA1</task:technical_name><task:Project><task:project_UID>7408</task:project_UID></task:Project><task:TaskSpecifications><task:RulesTasks><task:RuleTask><task:Table table_subtype=""><task:object_type>226</task:object_type><task:object_UID>7409</task:object_UID><task:qualified_table_name>SAP_ECC.LFA1</task:qualified_table_name><task:Columns><task:column_name>ACTSS</task:column_name><task:column_name>ADRNR</task:column_name><task:column_name>ALC</task:column_name><task:column_name>ANRED</task:column_name><task:column_name>BAHNS</task:column_name><task:column_name>BBBNR</task:column_name><task:column_name>BBSNR</task:column_name><task:column_name>BEGRU</task:column_name><task:column_name>BRSCH</task:column_name><task:column_name>BUBKZ</task:column_name><task:column_name>CARRIER_CONF</task:column_name><task:column_name>CNAE</task:column_name><task:column_name>COMSIZE</task:column_name><task:column_name>CONFS</task:column_name><task:column_name>CRC_NUM</task:column_name><task:column_name>CRTN</task:column_name><task:column_name>CVP_XBLCK</task:column_name><task:column_name>DATLT</task:column_name><task:column_name>DECREGPC</task:column_name><task:column_name>DLGRP</task:column_name><task:column_name>DTAMS</task:column_name><task:column_name>DTAWS</task:column_name><task:column_name>DUEFL</task:column_name><task:column_name>EMNFR</task:column_name><task:column_name>ERDAT</task:column_name><task:column_name>ERNAM</task:column_name><task:column_name>ESRNR</task:column_name><task:column_name>EXP</task:column_name><task:column_name>FISKN</task:column_name><task:column_name>FISKU</task:column_name><task:column_name>FITYP</task:column_name><task:column_name>GBDAT</task:column_name><task:column_name>GBORT</task:column_name><task:column_name>ICMSTAXPAY</task:column_name><task:column_name>INDTYP</task:column_name><task:column_name>IPISP</task:column_name><task:column_name>J_1KFREPRE</task:column_name><task:column_name>J_1KFTBUS</task:column_name><task:column_name>J_1KFTIND</task:column_name><task:column_name>J_SC_CAPITAL</task:column_name><task:column_name>J_SC_CURRENCY</task:column_name><task:column_name>KONZS</task:column_name><task:column_name>KRAUS</task:column_name><task:column_name>KTOCK</task:column_name><task:column_name>KTOKK</task:column_name><task:column_name>KUNNR</task:column_name><task:column_name>LAND1</task:column_name><task:column_name>LEGALNAT</task:column_name><task:column_name>LFURL</task:column_name><task:column_name>LIFNR</task:column_name><task:column_name>LNRZA</task:column_name><task:column_name>LOEVM</task:column_name><task:column_name>LTSNA</task:column_name><task:column_name>LZONE</task:column_name><task:column_name>MANDT</task:column_name><task:column_name>MCOD1</task:column_name><task:column_name>MCOD2</task:column_name><task:column_name>MCOD3</task:column_name><task:column_name>MIN_COMP</task:column_name><task:column_name>NAME1</task:column_name><task:column_name>NAME2</task:column_name><task:column_name>NAME3</task:column_name><task:column_name>NAME4</task:column_name><task:column_name>NODEL</task:column_name><task:column_name>ORT01</task:column_name><task:column_name>ORT02</task:column_name><task:column_name>PFACH</task:column_name><task:column_name>PFORT</task:column_name><task:column_name>PLKAL</task:column_name><task:column_name>PMT_OFFICE</task:column_name><task:column_name>PODKZB</task:column_name><task:column_name>PPA_RELEVANT</task:column_name><task:column_name>PROFS</task:column_name><task:column_name>PSOFG</task:column_name><task:column_name>PSOHS</task:column_name><task:column_name>PSOIS</task:column_name><task:column_name>PSON1</task:column_name><task:column_name>PSON2</task:column_name><task:column_name>PSON3</task:column_name><task:column_name>PSOST</task:column_name><task:column_name>PSOTL</task:column_name><task:column_name>PSOVN</task:column_name><task:column_name>PSTL2</task:column_name><task:column_name>PSTLZ</task:column_name><task:column_name>QSSYS</task:column_name><task:column_name>QSSYSDAT</task:column_name><task:column_name>REGIO</task:column_name><task:column_name>REGSS</task:column_name><task:column_name>REVDB</task:column_name><task:column_name>RG</task:column_name><task:column_name>RGDATE</task:column_name><task:column_name>RIC</task:column_name><task:column_name>RNE</task:column_name><task:column_name>RNEDATE</task:column_name><task:column_name>SCACD</task:column_name><task:column_name>SCHEDULING_TYPE</task:column_name><task:column_name>SEXKZ</task:column_name><task:column_name>SFRGR</task:column_name><task:column_name>SORTL</task:column_name><task:column_name>SPERM</task:column_name><task:column_name>SPERQ</task:column_name><task:column_name>SPERR</task:column_name><task:column_name>SPERZ</task:column_name><task:column_name>SPRAS</task:column_name><task:column_name>STAGING_TIME</task:column_name><task:column_name>STCD1</task:column_name><task:column_name>STCD2</task:column_name><task:column_name>STCD3</task:column_name><task:column_name>STCD4</task:column_name><task:column_name>STCD5</task:column_name><task:column_name>STCDT</task:column_name><task:column_name>STCEG</task:column_name><task:column_name>STENR</task:column_name><task:column_name>STGDL</task:column_name><task:column_name>STKZA</task:column_name><task:column_name>STKZN</task:column_name><task:column_name>STKZU</task:column_name><task:column_name>STRAS</task:column_name><task:column_name>SUBMI_RELEVANT</task:column_name><task:column_name>TAXBS</task:column_name><task:column_name>TDT</task:column_name><task:column_name>TELBX</task:column_name><task:column_name>TELF1</task:column_name><task:column_name>TELF2</task:column_name><task:column_name>TELFX</task:column_name><task:column_name>TELTX</task:column_name><task:column_name>TELX1</task:column_name><task:column_name>TERM_LI</task:column_name><task:column_name>TRANSPORT_CHAIN</task:column_name><task:column_name>TXJCD</task:column_name><task:column_name>UF</task:column_name><task:column_name>UPDAT</task:column_name><task:column_name>UPTIM</task:column_name><task:column_name>VBUND</task:column_name><task:column_name>WERKR</task:column_name><task:column_name>WERKS</task:column_name><task:column_name>XCPDK</task:column_name><task:column_name>XLFZA</task:column_name><task:column_name>XZEMP</task:column_name></task:Columns><task:TableAttributes><task:Option name="sampling_size" value="-1"/><task:Option name="sampling_rate" value="1"/><task:Option name="sample_size" value="100"/><task:Option name="allow_nulls" value="false"/><task:Option name="advanced" value="false"/></task:TableAttributes></task:Table></task:RuleTask></task:RulesTasks></task:TaskSpecifications><task:Documentation><task:creation_user>LaxmiD</task:creation_user><task:creation_date>2020-10-14T17:17:22.255Z</task:creation_date><task:last_modified_user>LaxmiD</task:last_modified_user><task:last_modified_date>2020-10-14T17:17:22.255Z</task:last_modified_date></task:Documentation></task:Task>