<?xml version="1.0" encoding="utf-8" ?> <task:Task xmlns:task="http://www.sap.com/ICC/Task"><task:technical_name>TK_VENDOR</task:technical_name><task:Project><task:project_UID>7408</task:project_UID></task:Project><task:TaskSpecifications><task:RulesTasks><task:RuleTask><task:Table table_subtype=""><task:object_type>226</task:object_type><task:object_UID>7409</task:object_UID><task:qualified_table_name>SAP_ECC.LFA1</task:qualified_table_name><task:Columns><task:column_name>ACTSS</task:column_name><task:column_name>ADRNR</task:column_name><task:column_name>ALC</task:column_name><task:column_name>ANRED</task:column_name><task:column_name>BAHNS</task:column_name><task:column_name>BBBNR</task:column_name><task:column_name>BBSNR</task:column_name><task:column_name>BEGRU</task:column_name><task:column_name>BRSCH</task:column_name><task:column_name>BUBKZ</task:column_name><task:column_name>CARRIER_CONF</task:column_name><task:column_name>CNAE</task:column_name><task:column_name>COMSIZE</task:column_name><task:column_name>CONFS</task:column_name><task:column_name>CRC_NUM</task:column_name><task:column_name>CRTN</task:column_name><task:column_name>CVP_XBLCK</task:column_name><task:column_name>DATLT</task:column_name><task:column_name>DECREGPC</task:column_name><task:column_name>DLGRP</task:column_name><task:column_name>DTAMS</task:column_name><task:column_name>DTAWS</task:column_name><task:column_name>DUEFL</task:column_name><task:column_name>EMNFR</task:column_name><task:column_name>ERDAT</task:column_name><task:column_name>ERNAM</task:column_name><task:column_name>ESRNR</task:column_name><task:column_name>EXP</task:column_name><task:column_name>FISKN</task:column_name><task:column_name>FISKU</task:column_name><task:column_name>FITYP</task:column_name><task:column_name>GBDAT</task:column_name><task:column_name>GBORT</task:column_name><task:column_name>ICMSTAXPAY</task:column_name><task:column_name>INDTYP</task:column_name><task:column_name>IPISP</task:column_name><task:column_name>J_1KFREPRE</task:column_name><task:column_name>J_1KFTBUS</task:column_name><task:column_name>J_1KFTIND</task:column_name><task:column_name>J_SC_CAPITAL</task:column_name><task:column_name>J_SC_CURRENCY</task:column_name><task:column_name>KONZS</task:column_name><task:column_name>KRAUS</task:column_name><task:column_name>KTOCK</task:column_name><task:column_name>KTOKK</task:column_name><task:column_name>KUNNR</task:column_name><task:column_name>LAND1</task:column_name><task:column_name>LEGALNAT</task:column_name><task:column_name>LFURL</task:column_name><task:column_name>LIFNR</task:column_name><task:column_name>LNRZA</task:column_name><task:column_name>LOEVM</task:column_name><task:column_name>LTSNA</task:column_name><task:column_name>LZONE</task:column_name><task:column_name>MANDT</task:column_name><task:column_name>MCOD1</task:column_name><task:column_name>MCOD2</task:column_name><task:column_name>MCOD3</task:column_name><task:column_name>MIN_COMP</task:column_name><task:column_name>NAME1</task:column_name><task:column_name>NAME2</task:column_name><task:column_name>NAME3</task:column_name><task:column_name>NAME4</task:column_name><task:column_name>NODEL</task:column_name><task:column_name>ORT01</task:column_name><task:column_name>ORT02</task:column_name><task:column_name>PFACH</task:column_name><task:column_name>PFORT</task:column_name><task:column_name>PLKAL</task:column_name><task:column_name>PMT_OFFICE</task:column_name><task:column_name>PODKZB</task:column_name><task:column_name>PPA_RELEVANT</task:column_name><task:column_name>PROFS</task:column_name><task:column_name>PSOFG</task:column_name><task:column_name>PSOHS</task:column_name><task:column_name>PSOIS</task:column_name><task:column_name>PSON1</task:column_name><task:column_name>PSON2</task:column_name><task:column_name>PSON3</task:column_name><task:column_name>PSOST</task:column_name><task:column_name>PSOTL</task:column_name><task:column_name>PSOVN</task:column_name><task:column_name>PSTL2</task:column_name><task:column_name>PSTLZ</task:column_name><task:column_name>QSSYS</task:column_name><task:column_name>QSSYSDAT</task:column_name><task:column_name>REGIO</task:column_name><task:column_name>REGSS</task:column_name><task:column_name>REVDB</task:column_name><task:column_name>RG</task:column_name><task:column_name>RGDATE</task:column_name><task:column_name>RIC</task:column_name><task:column_name>RNE</task:column_name><task:column_name>RNEDATE</task:column_name><task:column_name>SCACD</task:column_name><task:column_name>SCHEDULING_TYPE</task:column_name><task:column_name>SEXKZ</task:column_name><task:column_name>SFRGR</task:column_name><task:column_name>SORTL</task:column_name><task:column_name>SPERM</task:column_name><task:column_name>SPERQ</task:column_name><task:column_name>SPERR</task:column_name><task:column_name>SPERZ</task:column_name><task:column_name>SPRAS</task:column_name><task:column_name>STAGING_TIME</task:column_name><task:column_name>STCD1</task:column_name><task:column_name>STCD2</task:column_name><task:column_name>STCD3</task:column_name><task:column_name>STCD4</task:column_name><task:column_name>STCD5</task:column_name><task:column_name>STCDT</task:column_name><task:column_name>STCEG</task:column_name><task:column_name>STENR</task:column_name><task:column_name>STGDL</task:column_name><task:column_name>STKZA</task:column_name><task:column_name>STKZN</task:column_name><task:column_name>STKZU</task:column_name><task:column_name>STRAS</task:column_name><task:column_name>SUBMI_RELEVANT</task:column_name><task:column_name>TAXBS</task:column_name><task:column_name>TDT</task:column_name><task:column_name>TELBX</task:column_name><task:column_name>TELF1</task:column_name><task:column_name>TELF2</task:column_name><task:column_name>TELFX</task:column_name><task:column_name>TELTX</task:column_name><task:column_name>TELX1</task:column_name><task:column_name>TERM_LI</task:column_name><task:column_name>TRANSPORT_CHAIN</task:column_name><task:column_name>TXJCD</task:column_name><task:column_name>UF</task:column_name><task:column_name>UPDAT</task:column_name><task:column_name>UPTIM</task:column_name><task:column_name>VBUND</task:column_name><task:column_name>WERKR</task:column_name><task:column_name>WERKS</task:column_name><task:column_name>XCPDK</task:column_name><task:column_name>XLFZA</task:column_name><task:column_name>XZEMP</task:column_name></task:Columns><task:TableAttributes><task:Option name="sampling_size" value="-1"/><task:Option name="sampling_rate" value="1"/><task:Option name="sample_size" value="100"/><task:Option name="allow_nulls" value="false"/><task:Option name="advanced" value="false"/></task:TableAttributes></task:Table><task:Table table_subtype=""><task:object_type>226</task:object_type><task:object_UID>7420</task:object_UID><task:qualified_table_name>SAP_ECC.LFB1</task:qualified_table_name><task:Columns><task:column_name>AD_HASH</task:column_name><task:column_name>AKONT</task:column_name><task:column_name>ALTKN</task:column_name><task:column_name>ASSIGN_TEST</task:column_name><task:column_name>AVSND</task:column_name><task:column_name>BASIS_PNT</task:column_name><task:column_name>BEGRU</task:column_name><task:column_name>BLNKZ</task:column_name><task:column_name>BUKRS</task:column_name><task:column_name>BUSAB</task:column_name><task:column_name>CERDT</task:column_name><task:column_name>CIIUCODE</task:column_name><task:column_name>CONFS</task:column_name><task:column_name>CVP_XBLCK_B</task:column_name><task:column_name>DATLZ</task:column_name><task:column_name>EIKTO</task:column_name><task:column_name>ERDAT</task:column_name><task:column_name>ERNAM</task:column_name><task:column_name>FDGRV</task:column_name><task:column_name>FRGRP</task:column_name><task:column_name>GMVKZK</task:column_name><task:column_name>GRICD</task:column_name><task:column_name>GRIDT</task:column_name><task:column_name>GUZTE</task:column_name><task:column_name>HBKID</task:column_name><task:column_name>INTAD</task:column_name><task:column_name>J_SC_COMPDATE</task:column_name><task:column_name>J_SC_OFFSM</task:column_name><task:column_name>J_SC_OFFSR</task:column_name><task:column_name>J_SC_SUBCONTYPE</task:column_name><task:column_name>KULTG</task:column_name><task:column_name>KVERM</task:column_name><task:column_name>LIFNR</task:column_name><task:column_name>LNRZB</task:column_name><task:column_name>LNRZE</task:column_name><task:column_name>LOEVM</task:column_name><task:column_name>MANDT</task:column_name><task:column_name>MGRUP</task:column_name><task:column_name>MINDK</task:column_name><task:column_name>NODEL</task:column_name><task:column_name>PERNR</task:column_name><task:column_name>PREPAY_RELEVANT</task:column_name><task:column_name>QLAND</task:column_name><task:column_name>QSBGR</task:column_name><task:column_name>QSREC</task:column_name><task:column_name>QSSKZ</task:column_name><task:column_name>QSZDT</task:column_name><task:column_name>QSZNR</task:column_name><task:column_name>REPRF</task:column_name><task:column_name>SPERR</task:column_name><task:column_name>TLFNS</task:column_name><task:column_name>TLFXS</task:column_name><task:column_name>TOGRR</task:column_name><task:column_name>TOGRU</task:column_name><task:column_name>UPDAT</task:column_name><task:column_name>UPTIM</task:column_name><task:column_name>UZAWE</task:column_name><task:column_name>VZSKZ</task:column_name><task:column_name>WEBTR</task:column_name><task:column_name>XAUSZ</task:column_name><task:column_name>XDEZV</task:column_name><task:column_name>XEDIP</task:column_name><task:column_name>XLFZB</task:column_name><task:column_name>XPORE</task:column_name><task:column_name>XVERR</task:column_name><task:column_name>ZAHLS</task:column_name><task:column_name>ZBOKD</task:column_name><task:column_name>ZGRUP</task:column_name><task:column_name>ZINDT</task:column_name><task:column_name>ZINRT</task:column_name><task:column_name>ZMINDAT</task:column_name><task:column_name>ZQSSKZ</task:column_name><task:column_name>ZQSZDT</task:column_name><task:column_name>ZQSZNR</task:column_name><task:column_name>ZSABE</task:column_name><task:column_name>ZTERM</task:column_name><task:column_name>ZUAWA</task:column_name><task:column_name>ZWELS</task:column_name></task:Columns><task:TableAttributes><task:Option name="sampling_size" value="-1"/><task:Option name="sampling_rate" value="1"/><task:Option name="sample_size" value="100"/><task:Option name="allow_nulls" value="false"/><task:Option name="advanced" value="false"/></task:TableAttributes></task:Table><task:Table table_subtype=""><task:object_type>226</task:object_type><task:object_UID>7427</task:object_UID><task:qualified_table_name>SAP_ECC.LFBK</task:qualified_table_name><task:Columns><task:column_name>BANKL</task:column_name><task:column_name>BANKN</task:column_name><task:column_name>BANKS</task:column_name><task:column_name>BKONT</task:column_name><task:column_name>BKREF</task:column_name><task:column_name>BVTYP</task:column_name><task:column_name>EBPP_ACCNAME</task:column_name><task:column_name>EBPP_BVSTATUS</task:column_name><task:column_name>KOBIS</task:column_name><task:column_name>KOINH</task:column_name><task:column_name>KOVON</task:column_name><task:column_name>LIFNR</task:column_name><task:column_name>MANDT</task:column_name><task:column_name>XEZER</task:column_name></task:Columns><task:TableAttributes><task:Option name="sampling_size" value="-1"/><task:Option name="sampling_rate" value="1"/><task:Option name="sample_size" value="100"/><task:Option name="allow_nulls" value="false"/><task:Option name="advanced" value="false"/></task:TableAttributes></task:Table><task:Table table_subtype=""><task:object_type>226</task:object_type><task:object_UID>7430</task:object_UID><task:qualified_table_name>SAP_ECC.LFBW</task:qualified_table_name><task:Columns><task:column_name>BUKRS</task:column_name><task:column_name>LIFNR</task:column_name><task:column_name>MANDT</task:column_name><task:column_name>QSREC</task:column_name><task:column_name>WITHT</task:column_name><task:column_name>WT_EXDF</task:column_name><task:column_name>WT_EXDT</task:column_name><task:column_name>WT_EXNR</task:column_name><task:column_name>WT_EXRT</task:column_name><task:column_name>WT_SUBJCT</task:column_name><task:column_name>WT_WITHCD</task:column_name><task:column_name>WT_WTEXRS</task:column_name><task:column_name>WT_WTSTCD</task:column_name></task:Columns><task:TableAttributes><task:Option name="sampling_size" value="-1"/><task:Option name="sampling_rate" value="1"/><task:Option name="sample_size" value="100"/><task:Option name="allow_nulls" value="false"/><task:Option name="advanced" value="false"/></task:TableAttributes></task:Table><task:Table table_subtype=""><task:object_type>226</task:object_type><task:object_UID>7425</task:object_UID><task:qualified_table_name>SAP_ECC.LFM1</task:qualified_table_name><task:Columns><task:column_name>ABUEB</task:column_name><task:column_name>ACTIVITY_PROFIL</task:column_name><task:column_name>AGREL</task:column_name><task:column_name>BLIND</task:column_name><task:column_name>BOIND</task:column_name><task:column_name>BOLRE</task:column_name><task:column_name>BOPNR</task:column_name><task:column_name>BSTAE</task:column_name><task:column_name>EIKTO</task:column_name><task:column_name>EKGRP</task:column_name><task:column_name>EKORG</task:column_name><task:column_name>ERDAT</task:column_name><task:column_name>ERNAM</task:column_name><task:column_name>EXPVZ</task:column_name><task:column_name>INCO1</task:column_name><task:column_name>INCO2</task:column_name><task:column_name>KALSK</task:column_name><task:column_name>KZABS</task:column_name><task:column_name>KZAUT</task:column_name><task:column_name>KZRET</task:column_name><task:column_name>LEBRE</task:column_name><task:column_name>LFABC</task:column_name><task:column_name>LFRHY</task:column_name><task:column_name>LIBES</task:column_name><task:column_name>LIFNR</task:column_name><task:column_name>LIPRE</task:column_name><task:column_name>LISER</task:column_name><task:column_name>LOEVM</task:column_name><task:column_name>MANDT</task:column_name><task:column_name>MEGRU</task:column_name><task:column_name>MEPRF</task:column_name><task:column_name>MINBW</task:column_name><task:column_name>MRPPP</task:column_name><task:column_name>NRGEW</task:column_name><task:column_name>PAPRF</task:column_name><task:column_name>PLIFZ</task:column_name><task:column_name>PRFRE</task:column_name><task:column_name>RDPRF</task:column_name><task:column_name>SKRIT</task:column_name><task:column_name>SPERM</task:column_name><task:column_name>STAGING_TIME</task:column_name><task:column_name>TELF1</task:column_name><task:column_name>TRANSPORT_CHAIN</task:column_name><task:column_name>UMSAE</task:column_name><task:column_name>VENDOR_RMA_REQ</task:column_name><task:column_name>VENSL</task:column_name><task:column_name>VERKF</task:column_name><task:column_name>VSBED</task:column_name><task:column_name>WAERS</task:column_name><task:column_name>WEBRE</task:column_name><task:column_name>XERSR</task:column_name><task:column_name>XERSY</task:column_name><task:column_name>XNBWY</task:column_name><task:column_name>ZOLLA</task:column_name><task:column_name>ZTERM</task:column_name></task:Columns><task:TableAttributes><task:Option name="sampling_size" value="-1"/><task:Option name="sampling_rate" value="1"/><task:Option name="sample_size" value="100"/><task:Option name="allow_nulls" value="false"/><task:Option name="advanced" value="false"/></task:TableAttributes></task:Table><task:Table table_subtype=""><task:object_type>226</task:object_type><task:object_UID>7432</task:object_UID><task:qualified_table_name>SAP_ECC.LFM2</task:qualified_table_name><task:Columns><task:column_name>ABUEB</task:column_name><task:column_name>BOIND</task:column_name><task:column_name>BOLRE</task:column_name><task:column_name>BOPNR</task:column_name><task:column_name>BSTAE</task:column_name><task:column_name>DISPO</task:column_name><task:column_name>EKGRP</task:column_name><task:column_name>EKORG</task:column_name><task:column_name>ERDAT</task:column_name><task:column_name>ERNAM</task:column_name><task:column_name>EXPVZ</task:column_name><task:column_name>INCO1</task:column_name><task:column_name>INCO2</task:column_name><task:column_name>KALSK</task:column_name><task:column_name>KZABS</task:column_name><task:column_name>KZAUT</task:column_name><task:column_name>LEBRE</task:column_name><task:column_name>LFABC</task:column_name><task:column_name>LFRHY</task:column_name><task:column_name>LIBES</task:column_name><task:column_name>LIFNR</task:column_name><task:column_name>LIPRE</task:column_name><task:column_name>LISER</task:column_name><task:column_name>LOEVM</task:column_name><task:column_name>LTSNR</task:column_name><task:column_name>MANDT</task:column_name><task:column_name>MEGRU</task:column_name><task:column_name>MEPRF</task:column_name><task:column_name>MINBW</task:column_name><task:column_name>MRPPP</task:column_name><task:column_name>PAPRF</task:column_name><task:column_name>PLIFZ</task:column_name><task:column_name>RDPRF</task:column_name><task:column_name>SPERM</task:column_name><task:column_name>STAGING_TIME</task:column_name><task:column_name>TELF1</task:column_name><task:column_name>TRANSPORT_CHAIN</task:column_name><task:column_name>UMSAE</task:column_name><task:column_name>VERKF</task:column_name><task:column_name>WAERS</task:column_name><task:column_name>WEBRE</task:column_name><task:column_name>WERKS</task:column_name><task:column_name>XERSR</task:column_name><task:column_name>XERSY</task:column_name><task:column_name>XNBWY</task:column_name><task:column_name>ZOLLA</task:column_name><task:column_name>ZTERM</task:column_name></task:Columns><task:TableAttributes><task:Option name="sampling_size" value="-1"/><task:Option name="sampling_rate" value="1"/><task:Option name="sample_size" value="100"/><task:Option name="allow_nulls" value="false"/><task:Option name="advanced" value="false"/></task:TableAttributes></task:Table><task:Table table_subtype=""><task:object_type>276</task:object_type><task:object_UID>7492</task:object_UID><task:qualified_table_name>Views.VW_LFA1_LFBK_JOIN</task:qualified_table_name><task:Columns><task:column_name>BANKL</task:column_name><task:column_name>BANKN</task:column_name><task:column_name>BANKS</task:column_name><task:column_name>BKONT</task:column_name><task:column_name>BKREF</task:column_name><task:column_name>BVTYP</task:column_name><task:column_name>EBPP_ACCNAME</task:column_name><task:column_name>EBPP_BVSTATUS</task:column_name><task:column_name>KOBIS</task:column_name><task:column_name>KOINH</task:column_name><task:column_name>KOVON</task:column_name><task:column_name>LAND1</task:column_name><task:column_name>LIFNR</task:column_name><task:column_name>LIFNR_LFBK</task:column_name><task:column_name>MANDT</task:column_name><task:column_name>XEZER</task:column_name></task:Columns><task:TableAttributes><task:Option name="sampling_size" value="-1"/><task:Option name="sampling_rate" value="1"/><task:Option name="sample_size" value="100"/><task:Option name="allow_nulls" value="false"/><task:Option name="advanced" value="false"/></task:TableAttributes></task:Table><task:DataFailureConnection><task:connection_UID>IS_SQL_FAIL</task:connection_UID></task:DataFailureConnection></task:RuleTask></task:RulesTasks></task:TaskSpecifications><task:Documentation><task:creation_user>LaxmiD</task:creation_user><task:creation_date>2020-10-21T07:55:53.042Z</task:creation_date><task:last_modified_user>LaxmiD</task:last_modified_user><task:last_modified_date>2020-10-21T08:33:11.453Z</task:last_modified_date></task:Documentation></task:Task>