<?xml version="1.0" encoding="utf-8" ?> <task:Task xmlns:task="http://www.sap.com/ICC/Task"><task:technical_name>TK_LFM1</task:technical_name><task:Project><task:project_UID>7408</task:project_UID></task:Project><task:TaskSpecifications><task:RulesTasks><task:RuleTask><task:Table table_subtype=""><task:object_type>226</task:object_type><task:object_UID>7425</task:object_UID><task:qualified_table_name>SAP_ECC.LFM1</task:qualified_table_name><task:Columns><task:column_name>ABUEB</task:column_name><task:column_name>ACTIVITY_PROFIL</task:column_name><task:column_name>AGREL</task:column_name><task:column_name>BLIND</task:column_name><task:column_name>BOIND</task:column_name><task:column_name>BOLRE</task:column_name><task:column_name>BOPNR</task:column_name><task:column_name>BSTAE</task:column_name><task:column_name>EIKTO</task:column_name><task:column_name>EKGRP</task:column_name><task:column_name>EKORG</task:column_name><task:column_name>ERDAT</task:column_name><task:column_name>ERNAM</task:column_name><task:column_name>EXPVZ</task:column_name><task:column_name>INCO1</task:column_name><task:column_name>INCO2</task:column_name><task:column_name>KALSK</task:column_name><task:column_name>KZABS</task:column_name><task:column_name>KZAUT</task:column_name><task:column_name>KZRET</task:column_name><task:column_name>LEBRE</task:column_name><task:column_name>LFABC</task:column_name><task:column_name>LFRHY</task:column_name><task:column_name>LIBES</task:column_name><task:column_name>LIFNR</task:column_name><task:column_name>LIPRE</task:column_name><task:column_name>LISER</task:column_name><task:column_name>LOEVM</task:column_name><task:column_name>MANDT</task:column_name><task:column_name>MEGRU</task:column_name><task:column_name>MEPRF</task:column_name><task:column_name>MINBW</task:column_name><task:column_name>MRPPP</task:column_name><task:column_name>NRGEW</task:column_name><task:column_name>PAPRF</task:column_name><task:column_name>PLIFZ</task:column_name><task:column_name>PRFRE</task:column_name><task:column_name>RDPRF</task:column_name><task:column_name>SKRIT</task:column_name><task:column_name>SPERM</task:column_name><task:column_name>STAGING_TIME</task:column_name><task:column_name>TELF1</task:column_name><task:column_name>TRANSPORT_CHAIN</task:column_name><task:column_name>UMSAE</task:column_name><task:column_name>VENDOR_RMA_REQ</task:column_name><task:column_name>VENSL</task:column_name><task:column_name>VERKF</task:column_name><task:column_name>VSBED</task:column_name><task:column_name>WAERS</task:column_name><task:column_name>WEBRE</task:column_name><task:column_name>XERSR</task:column_name><task:column_name>XERSY</task:column_name><task:column_name>XNBWY</task:column_name><task:column_name>ZOLLA</task:column_name><task:column_name>ZTERM</task:column_name></task:Columns><task:TableAttributes><task:Option name="sampling_size" value="-1"/><task:Option name="sampling_rate" value="1"/><task:Option name="sample_size" value="100"/><task:Option name="allow_nulls" value="false"/><task:Option name="advanced" value="false"/></task:TableAttributes></task:Table></task:RuleTask></task:RulesTasks></task:TaskSpecifications><task:Documentation><task:creation_user>LaxmiD</task:creation_user><task:creation_date>2020-10-14T17:15:59.617Z</task:creation_date><task:last_modified_user>LaxmiD</task:last_modified_user><task:last_modified_date>2020-10-14T17:15:59.617Z</task:last_modified_date></task:Documentation></task:Task>