<?xml version="1.0" encoding="utf-8" ?> <task:Task xmlns:task="http://www.sap.com/ICC/Task"><task:technical_name>TK_LFBK</task:technical_name><task:Project><task:project_UID>7408</task:project_UID></task:Project><task:TaskSpecifications><task:RulesTasks><task:RuleTask><task:Table table_subtype=""><task:object_type>226</task:object_type><task:object_UID>7427</task:object_UID><task:qualified_table_name>SAP_ECC.LFBK</task:qualified_table_name><task:Columns><task:column_name>BANKL</task:column_name><task:column_name>BANKN</task:column_name><task:column_name>BANKS</task:column_name><task:column_name>BKONT</task:column_name><task:column_name>BKREF</task:column_name><task:column_name>BVTYP</task:column_name><task:column_name>EBPP_ACCNAME</task:column_name><task:column_name>EBPP_BVSTATUS</task:column_name><task:column_name>KOBIS</task:column_name><task:column_name>KOINH</task:column_name><task:column_name>KOVON</task:column_name><task:column_name>LIFNR</task:column_name><task:column_name>MANDT</task:column_name><task:column_name>XEZER</task:column_name></task:Columns><task:TableAttributes><task:Option name="sampling_size" value="-1"/><task:Option name="sampling_rate" value="1"/><task:Option name="sample_size" value="100"/><task:Option name="allow_nulls" value="false"/><task:Option name="advanced" value="false"/></task:TableAttributes></task:Table></task:RuleTask></task:RulesTasks></task:TaskSpecifications><task:Documentation><task:creation_user>LaxmiD</task:creation_user><task:creation_date>2020-10-14T17:16:18.289Z</task:creation_date><task:last_modified_user>LaxmiD</task:last_modified_user><task:last_modified_date>2020-10-14T17:16:18.289Z</task:last_modified_date></task:Documentation></task:Task>