<?xml version="1.0" encoding="utf-8" ?> <task:Task xmlns:task="http://www.sap.com/ICC/Task"><task:technical_name>TK_LFB1</task:technical_name><task:Project><task:project_UID>7408</task:project_UID></task:Project><task:TaskSpecifications><task:RulesTasks><task:RuleTask><task:Table table_subtype=""><task:object_type>226</task:object_type><task:object_UID>7420</task:object_UID><task:qualified_table_name>SAP_ECC.LFB1</task:qualified_table_name><task:Columns><task:column_name>AD_HASH</task:column_name><task:column_name>AKONT</task:column_name><task:column_name>ALTKN</task:column_name><task:column_name>ASSIGN_TEST</task:column_name><task:column_name>AVSND</task:column_name><task:column_name>BASIS_PNT</task:column_name><task:column_name>BEGRU</task:column_name><task:column_name>BLNKZ</task:column_name><task:column_name>BUKRS</task:column_name><task:column_name>BUSAB</task:column_name><task:column_name>CERDT</task:column_name><task:column_name>CIIUCODE</task:column_name><task:column_name>CONFS</task:column_name><task:column_name>CVP_XBLCK_B</task:column_name><task:column_name>DATLZ</task:column_name><task:column_name>EIKTO</task:column_name><task:column_name>ERDAT</task:column_name><task:column_name>ERNAM</task:column_name><task:column_name>FDGRV</task:column_name><task:column_name>FRGRP</task:column_name><task:column_name>GMVKZK</task:column_name><task:column_name>GRICD</task:column_name><task:column_name>GRIDT</task:column_name><task:column_name>GUZTE</task:column_name><task:column_name>HBKID</task:column_name><task:column_name>INTAD</task:column_name><task:column_name>J_SC_COMPDATE</task:column_name><task:column_name>J_SC_OFFSM</task:column_name><task:column_name>J_SC_OFFSR</task:column_name><task:column_name>J_SC_SUBCONTYPE</task:column_name><task:column_name>KULTG</task:column_name><task:column_name>KVERM</task:column_name><task:column_name>LIFNR</task:column_name><task:column_name>LNRZB</task:column_name><task:column_name>LNRZE</task:column_name><task:column_name>LOEVM</task:column_name><task:column_name>MANDT</task:column_name><task:column_name>MGRUP</task:column_name><task:column_name>MINDK</task:column_name><task:column_name>NODEL</task:column_name><task:column_name>PERNR</task:column_name><task:column_name>PREPAY_RELEVANT</task:column_name><task:column_name>QLAND</task:column_name><task:column_name>QSBGR</task:column_name><task:column_name>QSREC</task:column_name><task:column_name>QSSKZ</task:column_name><task:column_name>QSZDT</task:column_name><task:column_name>QSZNR</task:column_name><task:column_name>REPRF</task:column_name><task:column_name>SPERR</task:column_name><task:column_name>TLFNS</task:column_name><task:column_name>TLFXS</task:column_name><task:column_name>TOGRR</task:column_name><task:column_name>TOGRU</task:column_name><task:column_name>UPDAT</task:column_name><task:column_name>UPTIM</task:column_name><task:column_name>UZAWE</task:column_name><task:column_name>VZSKZ</task:column_name><task:column_name>WEBTR</task:column_name><task:column_name>XAUSZ</task:column_name><task:column_name>XDEZV</task:column_name><task:column_name>XEDIP</task:column_name><task:column_name>XLFZB</task:column_name><task:column_name>XPORE</task:column_name><task:column_name>XVERR</task:column_name><task:column_name>ZAHLS</task:column_name><task:column_name>ZBOKD</task:column_name><task:column_name>ZGRUP</task:column_name><task:column_name>ZINDT</task:column_name><task:column_name>ZINRT</task:column_name><task:column_name>ZMINDAT</task:column_name><task:column_name>ZQSSKZ</task:column_name><task:column_name>ZQSZDT</task:column_name><task:column_name>ZQSZNR</task:column_name><task:column_name>ZSABE</task:column_name><task:column_name>ZTERM</task:column_name><task:column_name>ZUAWA</task:column_name><task:column_name>ZWELS</task:column_name></task:Columns><task:TableAttributes><task:Option name="sampling_size" value="-1"/><task:Option name="sampling_rate" value="1"/><task:Option name="sample_size" value="100"/><task:Option name="allow_nulls" value="false"/><task:Option name="advanced" value="false"/></task:TableAttributes></task:Table><task:DataFailureConnection><task:connection_UID>IS_SQL_FAIL</task:connection_UID></task:DataFailureConnection></task:RuleTask></task:RulesTasks></task:TaskSpecifications><task:Documentation><task:creation_user>LaxmiD</task:creation_user><task:creation_date>2020-10-14T17:15:46.023Z</task:creation_date><task:last_modified_user>LaxmiD</task:last_modified_user><task:last_modified_date>2020-10-21T08:29:36.302Z</task:last_modified_date></task:Documentation></task:Task>